Player,Age,Team,Pos,G,GS,MP,FG,FGA,3P,3PA,2P,2PA,eFG%,FT,FTA,ORB,DRB,TRB,AST,STL,BLK,TOV,PF,PTS,playerID
Shai Gilgeous-Alexander,26,OKC,PG,76,76,2598,860,1656,163,435,697,1221,0.569,601,669,67,312,379,486,131,77,183,164,2484,gilgesh01
Anthony Edwards,23,MIN,SG,79,79,2871,721,1612,320,811,401,801,0.547,415,496,61,389,450,359,91,51,249,150,2177,edwaran01
Nikola Jokić,29,DEN,C,70,70,2571,786,1364,138,331,648,1033,0.627,361,451,200,692,892,716,127,45,230,160,2071,jokicni01
Giannis Antetokounmpo,30,MIL,PF,67,67,2289,793,1319,14,63,779,1256,0.607,436,707,147,651,798,433,58,78,206,155,2036,antetgi01
Jayson Tatum,26,BOS,PF,72,72,2624,662,1465,250,728,412,737,0.537,358,440,48,575,623,431,76,38,209,157,1932,tatumja01
Devin Booker,28,PHX,SG,75,75,2795,654,1420,183,551,471,869,0.525,432,483,76,229,305,529,67,16,220,198,1923,bookede01
Trae Young,26,ATL,PG,76,76,2739,566,1376,218,642,348,734,0.491,491,561,36,200,236,880,91,12,355,145,1841,youngtr01
Tyler Herro,25,MIA,SG,77,77,2725,651,1378,251,670,400,708,0.563,287,327,35,364,399,424,69,17,198,85,1840,herroty01
Cade Cunningham,23,DET,PG,70,70,2452,684,1457,149,418,535,1039,0.521,313,370,56,369,425,638,71,53,309,195,1830,cunnica01
James Harden,35,LAC,PG,79,79,2789,531,1295,235,668,296,627,0.501,505,578,55,401,456,687,118,55,341,162,1802,hardeja01
Karl-Anthony Towns,29,NYK,C,72,72,2517,639,1215,142,338,497,877,0.584,339,409,212,708,920,222,71,50,192,249,1759,townska01
Zach LaVine,29,TOT,SG,74,74,2602,625,1223,239,536,386,687,0.609,235,285,22,293,315,310,58,12,208,121,1724,lavinza01
Jalen Green,22,HOU,SG,82,82,2697,608,1437,234,661,374,776,0.505,273,336,45,332,377,282,71,27,203,127,1723,greenja05
Stephen Curry,36,GSW,PG,70,70,2252,564,1258,311,784,253,474,0.572,279,299,40,270,310,421,80,30,200,95,1718,curryst01
DeMar DeRozan,35,SAC,SF,77,77,2768,624,1308,84,256,540,1052,0.509,378,441,50,248,298,342,62,32,105,150,1710,derozde01
LeBron James,40,LAL,SF,70,70,2444,651,1270,149,396,502,874,0.571,259,331,72,474,546,575,70,39,260,99,1710,jamesle01
Donovan Mitchell,28,CLE,SG,71,71,2232,585,1320,233,633,352,687,0.531,298,362,57,265,322,354,95,17,149,140,1701,mitchdo01
Jalen Brunson,28,NYK,PG,65,65,2301,585,1200,152,397,433,803,0.551,368,448,27,160,187,475,60,8,164,138,1690,brunsja01
Kevin Durant,36,PHX,PF,62,62,2265,592,1124,160,372,432,752,0.598,303,361,23,351,374,263,50,77,190,104,1647,duranke01
Jaren Jackson Jr.,25,MEM,C,74,74,2207,592,1213,146,389,446,824,0.548,311,398,91,326,417,148,92,113,153,257,1641,jacksja02
Pascal Siakam,30,IND,PF,78,78,2548,613,1182,126,324,487,858,0.572,226,308,133,407,540,263,70,42,109,189,1578,siakapa01
Darius Garland,25,CLE,PG,75,75,2301,554,1174,212,529,342,645,0.562,224,255,47,167,214,506,91,11,189,143,1544,garlada01
Coby White,24,CHI,SG,74,73,2450,508,1121,216,584,292,537,0.55,277,307,25,248,273,330,69,16,177,154,1509,whiteco01
Jalen Williams,23,OKC,SG,69,69,2237,565,1168,124,340,441,828,0.537,236,299,59,310,369,354,111,46,150,158,1490,willija06
Austin Reaves,26,LAL,SG,73,73,2550,477,1037,200,531,277,506,0.556,321,366,61,268,329,421,81,22,177,151,1475,reaveau01
De'Aaron Fox,27,TOT,PG,62,62,2241,539,1163,118,381,421,782,0.514,263,318,54,244,298,392,91,25,174,164,1459,foxde01
Alperen Şengün,22,HOU,C,76,76,2395,567,1143,21,90,546,1053,0.505,296,428,262,524,786,372,84,61,194,209,1451,sengual01
Franz Wagner,23,ORL,SF,60,60,2023,537,1161,104,352,433,809,0.507,271,311,56,286,342,284,75,21,138,147,1449,wagnefr01
Damian Lillard,34,MIL,PG,58,58,2093,444,992,197,524,247,468,0.547,362,393,29,243,272,410,70,10,162,97,1447,lillada01
Mikal Bridges,28,NYK,SF,82,82,3036,592,1183,164,463,428,720,0.57,96,118,71,188,259,306,75,43,132,127,1444,bridgmi01
Jamal Murray,27,DEN,PG,67,67,2418,531,1121,156,397,375,724,0.543,218,246,45,216,261,403,91,33,138,128,1436,murraja01
Bam Adebayo,27,MIA,C,78,78,2674,540,1113,79,221,461,892,0.521,251,328,185,564,749,337,98,53,161,162,1410,adebaba01
Luka Dončić,25,TOT,PG,50,50,1769,461,1025,177,481,284,544,0.536,309,395,40,369,409,383,89,21,179,126,1408,doncilu01
Jaylen Brown,28,BOS,SF,63,63,2158,518,1118,116,358,402,760,0.515,246,322,82,286,368,286,73,19,162,154,1398,brownja02
Michael Porter Jr.,26,DEN,SF,77,77,2593,528,1048,193,489,335,559,0.596,149,194,138,402,540,165,50,38,104,157,1398,portemi01
Jordan Poole,25,WAS,SG,68,68,2001,457,1057,235,622,222,435,0.544,242,274,31,172,203,303,86,27,204,201,1391,poolejo01
Tyrese Maxey,24,PHI,PG,52,52,1960,477,1091,161,478,316,613,0.511,254,289,15,159,174,317,91,21,124,116,1369,maxeyty01
Tyrese Haliburton,24,IND,PG,73,73,2451,476,1006,218,562,258,444,0.582,189,222,42,216,258,673,105,49,120,92,1359,halibty01
Nikola Vučević,34,CHI,C,73,72,2278,550,1038,129,321,421,717,0.592,120,149,178,557,735,256,61,52,119,163,1349,vucevni01
Anfernee Simons,25,POR,SG,70,70,2292,479,1125,215,593,264,532,0.521,175,194,25,164,189,337,60,5,143,117,1348,simonan01
Ivica Zubac,27,LAC,C,80,80,2624,592,942,0,0,592,942,0.628,156,236,300,710,1010,214,55,90,127,168,1340,zubaciv01
Domantas Sabonis,28,SAC,C,70,70,2429,527,893,65,156,462,737,0.627,218,289,267,705,972,423,48,26,202,229,1337,sabondo01
Malik Beasley,28,DET,SG,82,18,2283,461,1071,319,766,142,305,0.579,95,140,47,167,214,139,73,5,83,125,1336,beaslma01
Shaedon Sharpe,21,POR,SG,72,52,2252,499,1104,147,472,352,632,0.519,190,242,68,256,324,198,62,16,150,120,1335,sharpsh01
OG Anunoby,27,NYK,PF,74,74,2706,489,1027,171,460,318,567,0.559,183,226,97,261,358,164,110,65,102,172,1332,anunoog01
Desmond Bane,26,MEM,SG,69,68,2205,493,1018,164,418,329,600,0.565,177,198,62,356,418,369,80,28,169,164,1327,banede01
Evan Mobley,23,CLE,PF,71,71,2167,505,906,85,230,420,676,0.604,221,305,164,495,659,226,61,113,145,141,1316,mobleev01
Norman Powell,31,LAC,SG,60,60,1958,457,945,179,428,278,517,0.578,213,265,21,169,190,125,73,9,108,114,1306,powelno01
Miles Bridges,26,CHA,PF,64,64,2029,469,1089,141,450,328,639,0.495,221,254,72,409,481,248,44,45,136,93,1300,bridgmi02
Julius Randle,30,MIN,PF,69,69,2226,455,939,108,314,347,625,0.542,270,335,144,343,487,323,47,16,196,175,1288,randlju01
Anthony Davis,31,TOT,C,51,51,1706,470,910,35,124,435,786,0.536,286,369,134,456,590,181,59,110,113,98,1261,davisan02
Scottie Barnes,23,TOR,PF,65,65,2134,474,1063,76,280,398,783,0.482,228,302,109,393,502,378,93,63,185,113,1252,barnesc01
Derrick White,30,BOS,SG,76,76,2574,424,959,265,691,159,268,0.58,135,161,67,274,341,361,72,80,131,138,1248,whitede01
Kyrie Irving,32,DAL,SG,50,50,1804,447,945,144,359,303,586,0.549,196,214,60,180,240,231,66,23,111,101,1234,irvinky01
RJ Barrett,24,TOR,SF,58,58,1869,460,982,107,306,353,676,0.523,196,311,61,305,366,314,46,17,165,137,1223,barrerj01
Deni Avdija,24,POR,SF,72,54,2161,402,844,125,342,277,502,0.55,290,372,110,412,522,281,71,35,196,171,1219,avdijde01
Christian Braun,23,DEN,SG,79,77,2675,476,821,89,224,387,597,0.634,177,214,98,312,410,205,85,37,81,170,1218,braunch01
Paolo Banchero,22,ORL,PF,46,46,1582,412,911,87,272,325,639,0.5,280,385,51,294,345,219,36,28,136,97,1191,banchpa01
Stephon Castle,20,SAS,SG,81,47,2162,423,988,95,333,328,655,0.476,249,344,89,208,297,332,74,22,177,164,1190,castlst01
LaMelo Ball,23,CHA,PG,47,47,1505,406,1003,179,528,227,475,0.494,193,229,47,185,232,346,54,13,167,157,1184,ballla01
CJ McCollum,33,NOP,PG,56,56,1832,444,1000,171,459,273,541,0.53,124,173,42,170,212,227,46,24,106,124,1183,mccolcj01
Ja Morant,25,MEM,PG,50,50,1519,404,889,88,285,316,604,0.504,263,319,34,171,205,364,61,12,185,113,1159,moranja01
Collin Sexton,26,UTA,SG,63,61,1758,416,867,110,271,306,596,0.543,217,251,60,111,171,264,47,6,160,144,1159,sextoco01
Bennedict Mathurin,22,IND,SF,72,49,2149,391,853,98,288,293,565,0.516,276,332,87,296,383,136,47,24,135,162,1156,mathube01
Payton Pritchard,27,BOS,PG,80,3,2271,409,866,255,626,154,240,0.62,71,84,102,205,307,279,70,14,83,118,1144,pritcpa01
Naz Reid,25,MIN,C,80,17,2200,426,923,175,462,251,461,0.556,111,143,92,388,480,181,58,72,108,189,1138,reidna01
Keyonte George,21,UTA,PG,67,35,2109,359,919,174,507,185,412,0.485,233,285,26,227,253,377,46,9,183,111,1125,georgke01
Trey Murphy III,24,NOP,SF,53,51,1854,381,839,158,438,223,401,0.548,204,230,47,221,268,188,56,39,103,112,1124,murphtr02
Myles Turner,28,IND,C,72,72,2174,390,811,156,394,234,417,0.577,184,238,90,381,471,111,54,144,123,183,1120,turnemy01
Malik Monk,26,SAC,SG,65,45,2054,412,939,139,428,273,511,0.513,154,178,30,215,245,362,61,38,159,158,1117,monkma01
Victor Wembanyama,21,SAS,C,46,46,1527,408,857,142,403,266,454,0.559,158,189,82,424,506,168,52,176,149,105,1116,wembavi01
Jarrett Allen,26,CLE,C,82,82,2296,452,640,0,5,452,635,0.706,199,277,216,582,798,158,77,73,97,127,1103,allenja01
Quentin Grimes,24,TOT,SG,75,37,2013,384,823,162,421,222,402,0.565,162,214,59,265,324,228,74,22,141,138,1092,grimequ01
De'Andre Hunter,27,TOT,SF,64,9,1740,358,762,157,388,201,374,0.573,215,254,44,214,258,92,50,13,82,155,1088,huntede01
Andrew Wiggins,29,TOT,SF,60,60,1842,376,839,130,348,246,491,0.526,196,257,89,180,269,158,60,50,99,101,1078,wiggian01
Dyson Daniels,21,ATL,SG,76,76,2571,455,923,80,235,375,688,0.536,83,140,124,325,449,333,229,55,155,175,1073,daniedy01
Cameron Johnson,28,BKN,PF,57,57,1800,355,747,159,408,196,339,0.582,201,225,54,193,247,194,53,25,99,104,1070,johnsca02
Dillon Brooks,29,HOU,SF,75,75,2388,384,895,186,469,198,426,0.533,99,121,75,200,275,128,60,16,76,242,1053,brookdi01
Josh Hart,29,NYK,SG,77,77,2897,404,770,84,252,320,518,0.579,159,205,161,576,737,453,119,27,158,201,1051,hartjo01
Brook Lopez,36,MIL,C,80,80,2546,394,774,139,373,255,401,0.599,114,138,113,288,401,143,50,148,84,171,1041,lopezbr01
Devin Vassell,24,SAS,SG,64,53,1983,394,889,158,429,236,460,0.532,95,120,34,221,255,183,84,33,88,108,1041,vassede01
Josh Giddey,22,CHI,PG,70,69,2117,371,798,105,278,266,520,0.531,175,224,127,439,566,503,84,45,202,122,1022,giddejo01
Harrison Barnes,32,SAS,PF,82,82,2230,347,683,156,360,191,323,0.622,161,199,97,213,310,136,39,14,50,75,1011,barneha02
Klay Thompson,34,DAL,SF,72,72,1965,361,877,216,553,145,324,0.535,67,74,44,202,246,145,50,30,88,81,1005,thompkl01
Tobias Harris,32,DET,PF,73,73,2305,384,805,91,264,293,541,0.534,143,166,65,367,432,162,74,57,85,138,1002,harrito02
Jaden McDaniels,24,MIN,PF,82,82,2614,398,834,100,303,298,531,0.537,104,128,129,341,470,163,110,74,95,225,1000,mcdanja02
Russell Westbrook,36,DEN,PG,75,36,2092,373,831,94,291,279,540,0.505,154,233,102,268,370,457,106,37,242,188,994,westbru01
Onyeka Okongwu,24,ATL,C,74,40,2064,388,684,48,148,340,536,0.602,164,216,220,440,660,168,69,68,90,193,988,okongon01
Dennis Schröder,31,TOT,PG,75,49,2105,336,827,127,371,209,456,0.483,181,216,27,171,198,404,66,12,142,180,980,schrode01
Keldon Johnson,25,SAS,SF,77,0,1838,371,770,87,274,284,496,0.538,150,194,112,259,371,125,49,22,77,115,979,johnske04
Amen Thompson,22,HOU,SF,69,42,2225,388,697,25,91,363,606,0.575,169,247,192,372,564,265,97,89,138,167,970,thompam01
Jimmy Butler,35,TOT,SF,55,55,1746,301,597,32,104,269,493,0.531,330,392,125,171,296,298,77,18,74,52,964,butleji01
Kyle Kuzma,29,TOT,PF,65,62,1936,370,848,96,313,274,535,0.493,128,202,54,316,370,152,36,19,146,119,964,kuzmaky01
Keegan Murray,24,SAC,PF,76,76,2610,364,820,154,449,210,371,0.538,60,72,146,361,507,109,61,69,60,186,942,murrake02
Zaccharie Risacher,19,ATL,SF,75,73,1843,357,779,122,344,235,435,0.537,106,149,86,182,268,92,52,37,92,149,942,risacza01
Jalen Duren,21,DET,C,78,78,2034,378,546,0,0,378,546,0.692,162,242,277,530,807,209,54,89,136,251,918,durenja01
Naji Marshall,27,DAL,SF,69,31,1919,362,712,60,218,302,494,0.551,130,160,76,252,328,208,70,11,112,109,914,marshna01
Aaron Wiggins,26,OKC,SG,76,26,1744,355,728,130,339,225,389,0.577,74,89,81,214,295,134,60,18,69,101,914,wiggiaa01
Buddy Hield,32,GSW,SG,82,22,1863,328,786,203,549,125,237,0.546,53,64,51,213,264,134,69,23,91,132,912,hieldbu01
Kelly Oubre Jr.,29,PHI,SF,60,57,2078,348,741,71,242,277,499,0.518,139,185,97,271,368,108,92,30,80,180,906,oubreke01
Bradley Beal,31,PHX,SG,53,38,1702,345,694,102,264,243,430,0.571,110,137,34,143,177,195,58,28,99,136,902,bealbr01
Lauri Markkanen,27,UTA,PF,47,47,1476,296,700,138,399,158,301,0.521,162,185,72,206,278,70,33,17,66,79,892,markkla01
Toumani Camara,24,POR,PF,78,78,2548,328,716,135,360,193,356,0.552,91,126,173,277,450,175,116,50,109,230,882,camarto01
Ty Jerome,27,CLE,SG,70,3,1392,319,618,111,253,208,365,0.606,129,148,50,123,173,237,78,3,92,102,878,jeromty01
Spencer Dinwiddie,31,DAL,PG,79,30,2136,284,682,109,326,175,356,0.496,195,243,18,191,209,349,70,17,102,121,872,dinwisp01
Alex Sarr,19,WAS,C,67,67,1814,326,828,105,341,221,487,0.457,112,165,124,311,435,161,44,101,114,146,869,sarral01
Rudy Gobert,32,MIN,C,72,72,2388,341,510,0,0,341,510,0.669,184,273,265,520,785,127,56,104,89,182,866,goberru01
Tim Hardaway Jr.,32,DET,SG,77,77,2153,276,680,168,457,108,223,0.529,124,145,18,165,183,123,38,7,48,96,844,hardati02
Fred VanVleet,30,HOU,PG,60,60,2111,287,759,159,461,128,298,0.483,111,137,32,189,221,333,94,25,87,140,844,vanvlfr01
Jonas Valančiūnas,32,TOT,C,81,21,1524,345,627,8,37,337,590,0.557,145,165,190,437,627,164,37,46,120,181,843,valanjo01
Keon Johnson,22,BKN,SG,79,56,1925,303,779,126,401,177,378,0.47,107,139,63,234,297,175,82,30,116,209,839,johnske07
Scoot Henderson,20,POR,PG,66,10,1759,287,685,105,297,182,388,0.496,158,206,52,146,198,335,68,13,177,181,837,hendesc01
P.J. Washington,26,DAL,PF,57,56,1835,301,665,91,239,210,426,0.521,143,198,82,360,442,131,63,60,118,131,836,washipj01
Obi Toppin,26,IND,PF,79,4,1545,317,599,110,301,207,298,0.621,89,114,56,262,318,128,46,28,68,108,833,toppiob01
Tyus Jones,28,PHX,PG,81,58,2174,306,683,166,401,140,282,0.57,51,57,40,156,196,429,69,8,91,63,829,jonesty01
Jakob Poeltl,29,TOR,C,57,56,1686,363,579,1,3,362,576,0.628,97,144,189,358,547,158,66,71,111,176,824,poeltja01
Gary Trent Jr.,26,MIL,SG,74,9,1893,283,657,180,433,103,224,0.568,78,92,20,148,168,87,72,4,42,124,824,trentga02
Jaylen Wells,21,MEM,SG,79,74,2043,287,676,138,392,149,284,0.527,111,135,87,181,268,135,44,8,69,146,823,wellsja01
Kristaps Porziņģis,29,BOS,C,42,42,1210,277,574,103,250,174,324,0.572,161,199,68,216,284,87,31,63,53,116,818,porzikr01
Duncan Robinson,30,MIA,SF,74,37,1785,290,663,190,483,100,180,0.581,47,53,18,149,167,176,40,6,86,135,817,robindu01
Julian Champagnie,23,SAS,SF,82,29,1932,276,665,178,480,98,185,0.549,85,94,67,251,318,111,61,35,74,114,815,champju02
Santi Aldama,24,MEM,PF,65,16,1660,313,648,120,326,193,322,0.576,65,94,94,322,416,188,52,29,71,76,811,aldamsa01
Bub Carrington,19,WAS,PG,82,57,2458,300,748,138,407,162,341,0.493,69,85,33,308,341,364,54,21,141,190,807,carrica01
Kawhi Leonard,33,LAC,SF,37,37,1180,310,623,78,190,232,433,0.56,98,121,35,184,219,116,59,17,72,56,796,leonaka01
Georges Niang,31,TOT,PF,79,3,1697,286,620,166,409,120,211,0.595,46,58,47,225,272,111,28,14,82,201,784,niangge01
Derrick Jones Jr.,27,LAC,SF,77,55,1873,310,589,78,219,232,370,0.593,83,118,93,170,263,60,79,33,66,153,781,jonesde02
Scotty Pippen Jr.,24,MEM,PG,79,21,1683,285,594,87,219,198,375,0.553,122,171,65,194,259,347,103,30,138,203,779,pippesc02
Gradey Dick,21,TOR,SG,54,54,1587,265,647,114,326,151,321,0.498,133,155,44,149,193,98,48,10,83,120,777,dickgr01
Caris LeVert,30,TOT,SG,64,3,1596,280,599,106,284,174,315,0.556,110,155,41,162,203,215,57,33,76,99,776,leverca01
Rui Hachimura,26,LAL,PF,59,57,1869,293,576,102,247,191,329,0.597,87,113,79,216,295,83,45,26,49,105,775,hachiru01
Nickeil Alexander-Walker,26,MIN,SG,82,10,2073,270,616,141,370,129,246,0.553,92,118,54,211,265,223,50,34,99,139,773,alexani01
Brice Sensabaugh,21,UTA,SF,71,15,1432,275,599,157,372,118,227,0.59,65,73,42,168,210,110,46,8,107,111,772,sensabr01
Kevin Porter Jr.,24,TOT,SG,75,4,1482,293,652,55,177,238,475,0.492,130,169,42,236,278,256,81,13,136,119,771,porteke02
Guerschon Yabusele,29,PHI,C,70,43,1895,282,563,104,274,178,289,0.593,100,138,134,261,395,148,58,24,87,164,768,yabusgu01
John Collins,27,UTA,PF,40,31,1220,280,531,59,148,221,383,0.583,139,164,89,238,327,80,39,40,103,116,758,collijo01
Isaiah Joe,25,OKC,SG,74,16,1604,259,588,192,466,67,122,0.604,46,56,41,155,196,119,48,9,38,113,756,joeis01
Jalen Wilson,24,BKN,PF,79,22,2031,246,620,122,362,124,258,0.495,135,165,75,195,270,145,40,5,79,164,749,wilsoja03
Max Christie,21,TOT,SG,78,36,2127,252,590,115,314,137,276,0.525,130,152,38,220,258,146,64,31,88,115,749,chrisma02
Aaron Gordon,29,DEN,PF,51,42,1447,264,497,75,172,189,325,0.607,145,179,80,167,247,164,23,14,73,82,748,gordoaa01
Brandin Podziemski,21,GSW,SG,64,33,1716,280,629,115,309,165,320,0.537,72,95,65,260,325,220,69,13,75,95,747,podzibr01
Zion Williamson,24,NOP,PF,30,30,857,288,508,3,13,285,495,0.57,158,241,76,140,216,159,37,27,90,82,737,willizi01
Anthony Black,21,ORL,PG,78,10,1887,262,620,62,195,200,425,0.473,150,197,52,178,230,240,86,48,139,166,736,blackan01
D'Angelo Russell,28,TOT,PG,58,36,1480,249,638,113,360,136,278,0.479,121,145,20,142,162,297,56,23,108,115,732,russeda01
Bilal Coulibaly,20,WAS,SF,59,59,1948,263,624,63,224,200,400,0.472,138,185,91,203,294,199,78,41,125,139,727,coulibi01
Nic Claxton,25,BKN,C,70,62,1882,320,568,5,21,315,547,0.568,79,154,157,358,515,157,62,100,87,150,724,claxtni01
Moses Moody,22,GSW,SG,74,34,1649,246,568,126,337,120,231,0.544,106,133,52,137,189,96,59,31,54,116,724,moodymo01
Donte DiVincenzo,28,MIN,SG,62,10,1606,250,593,174,438,76,155,0.568,49,63,32,196,228,225,73,17,99,114,723,divindo01
Chris Paul,39,SAS,PG,82,82,2292,249,583,140,371,109,212,0.547,85,92,33,263,296,605,103,22,129,151,723,paulch01
T.J. McConnell,32,IND,PG,79,1,1415,324,624,15,49,309,575,0.531,57,77,44,149,193,351,83,21,109,79,720,mccontj01
Luguentz Dort,25,OKC,SF,71,71,2073,258,593,170,413,88,180,0.578,33,46,89,204,293,115,79,39,51,208,719,dortlu01
Jonathan Kuminga,22,GSW,PF,47,10,1144,258,568,46,151,212,417,0.495,157,235,56,161,217,104,38,21,71,90,719,kuminjo01
Dalton Knecht,23,LAL,SF,78,16,1494,257,557,128,340,129,217,0.576,64,84,37,179,216,66,24,8,37,93,706,knechda01
Corey Kispert,25,WAS,SF,61,0,1602,255,565,120,330,135,235,0.558,75,88,36,145,181,103,26,14,64,98,705,kispeco01
Daniel Gafford,26,DAL,C,57,31,1226,283,403,0,0,283,403,0.702,135,196,155,233,388,80,23,102,66,152,701,gaffoda01
Jabari Smith Jr.,21,HOU,PF,57,39,1716,248,566,98,277,150,289,0.525,104,126,105,294,399,60,25,41,61,123,698,smithja05
Amir Coffey,27,LAC,SG,72,13,1748,240,510,101,247,139,263,0.57,115,129,32,129,161,77,40,7,45,120,696,coffeam01
Kyle Filipowski,21,UTA,C,72,27,1522,260,518,77,220,183,298,0.576,93,143,112,328,440,140,48,22,102,171,690,filipky01
Matas Buzelis,20,CHI,SF,80,31,1511,252,555,96,266,156,289,0.541,88,108,55,223,278,79,29,75,74,128,688,buzelma01
Tari Eason,23,HOU,PF,57,16,1420,272,559,63,184,209,375,0.543,79,104,128,234,362,83,97,50,65,136,686,easonta01
Jrue Holiday,34,BOS,PG,62,62,1896,254,573,108,306,146,267,0.538,70,77,76,189,265,239,66,27,77,101,686,holidjr01
Kevin Huerter,26,TOT,SG,69,31,1679,257,604,132,391,125,213,0.535,35,49,30,175,205,156,66,23,67,121,681,huertke01
Grayson Allen,29,PHX,SG,64,7,1544,219,489,149,350,70,139,0.6,93,114,34,160,194,137,54,19,75,95,680,allengr01
Jalen Johnson,23,ATL,SF,36,36,1284,271,542,44,141,227,401,0.541,94,126,62,297,359,181,56,36,106,67,680,johnsja05
Royce O'Neale,31,PHX,SF,75,22,1837,241,570,179,441,62,129,0.58,19,26,53,296,349,163,67,34,65,151,680,onealro01
Bobby Portis,29,MIL,PF,49,7,1244,277,595,65,178,212,417,0.52,61,73,90,321,411,104,35,26,57,94,680,portibo01
Terry Rozier,30,MIA,PG,64,23,1658,248,635,91,308,157,327,0.462,92,108,44,194,238,167,37,14,78,73,679,roziete01
Jerami Grant,30,POR,PF,47,47,1524,214,574,108,296,106,278,0.467,141,166,26,137,163,101,41,46,65,109,677,grantje01
Kentavious Caldwell-Pope,31,ORL,SG,77,77,2279,239,544,113,330,126,214,0.543,82,95,33,136,169,136,99,34,62,136,673,caldwke01
Mark Williams,23,CHA,C,44,41,1171,270,447,0,4,270,443,0.604,131,163,132,315,447,109,32,54,71,105,671,willima07
Ochai Agbaji,24,TOR,SG,64,45,1739,266,534,101,253,165,281,0.593,34,48,61,181,242,98,58,30,54,125,667,agbajoc01
Keon Ellis,25,SAC,SG,80,28,1948,227,464,139,321,88,143,0.639,73,86,60,152,212,120,121,63,71,176,666,elliske01
Paul George,34,PHI,PF,41,41,1334,245,570,96,268,149,302,0.514,79,97,24,195,219,178,75,20,106,101,665,georgpa01
Yves Missi,20,NOP,C,73,67,1956,269,492,0,1,269,491,0.547,127,204,255,346,601,99,37,98,82,145,665,missiyv01
Taurean Prince,30,MIL,SF,80,73,2166,235,514,147,335,88,179,0.6,39,48,34,253,287,155,76,15,82,165,656,princta02
Andrew Nembhard,25,IND,SG,65,65,1881,247,539,51,175,196,364,0.506,108,136,34,182,216,326,79,11,112,149,653,nembhan01
Walker Kessler,23,UTA,C,58,58,1740,278,419,6,34,272,385,0.671,79,152,266,441,707,97,36,138,86,130,641,kesslwa01
Isaiah Hartenstein,26,OKC,C,57,53,1590,279,480,0,19,279,461,0.581,79,117,163,448,611,219,47,62,96,171,637,harteis01
Ziaire Williams,23,BKN,SF,63,45,1541,214,520,103,302,111,218,0.511,101,123,61,226,287,84,62,28,67,149,632,willizi02
Cole Anthony,24,ORL,PG,67,22,1234,230,543,77,218,153,325,0.494,93,113,46,158,204,191,45,32,103,151,630,anthoco01
Wendell Carter Jr.,25,ORL,C,68,51,1758,226,491,37,158,189,333,0.498,129,175,151,341,492,134,52,41,77,199,618,cartewe01
Jeremy Sochan,21,SAS,PF,54,23,1364,251,469,28,91,223,378,0.565,87,125,127,225,352,128,45,27,84,131,617,sochaje01
Isaiah Collier,20,UTA,PG,71,46,1839,234,555,42,169,192,386,0.459,105,154,32,203,235,446,66,16,208,149,615,colliis01
Draymond Green,34,GSW,PF,68,66,1983,216,509,80,246,136,263,0.503,101,147,74,340,414,383,99,70,174,219,613,greendr01
Miles McBride,24,NYK,SG,64,10,1593,222,547,115,312,107,235,0.511,52,64,47,114,161,187,67,17,41,108,611,mcbrimi01
Zach Edey,22,MEM,C,66,55,1416,251,433,18,52,233,381,0.6,90,127,232,316,548,65,36,85,88,182,610,edeyza01
Sam Hauser,27,BOS,PF,71,19,1541,214,474,166,399,48,75,0.627,11,11,44,180,224,64,41,13,23,87,605,hausesa01
Jordan Hawkins,22,NOP,SG,56,9,1321,207,556,110,332,97,224,0.471,80,98,25,133,158,66,30,23,58,51,604,hawkijo01
Jordan Clarkson,32,UTA,SG,37,9,962,201,493,84,232,117,261,0.493,114,143,25,93,118,138,31,9,86,52,600,clarkjo01
Cam Thomas,23,BKN,SG,25,23,781,199,454,68,195,131,259,0.513,133,151,15,68,83,94,15,2,62,44,599,thomaca02
Kel'el Ware,20,MIA,C,64,36,1422,257,464,35,111,222,353,0.592,46,67,116,357,473,60,39,71,57,111,595,wareke01
Ausar Thompson,22,DET,SF,59,48,1328,246,460,11,49,235,411,0.547,91,142,111,192,303,134,98,40,80,164,594,thompau01
Nick Smith Jr.,20,CHA,SG,60,27,1369,222,568,104,306,118,262,0.482,43,46,13,115,128,145,17,6,82,79,591,smithni01
Kyshawn George,21,WAS,SG,68,38,1802,203,546,114,354,89,192,0.476,70,93,49,236,285,169,68,50,97,201,590,georgky01
Julian Strawther,22,DEN,SG,65,4,1384,210,486,94,269,116,217,0.529,74,90,17,125,142,83,39,16,57,151,588,strawju01
Davion Mitchell,26,TOT,PG,74,37,2027,223,476,84,211,139,265,0.557,58,84,35,132,167,363,72,16,128,185,588,mitchda01
Bogdan Bogdanović,32,TOT,SG,54,4,1348,210,492,105,289,105,203,0.534,58,66,24,135,159,146,41,11,74,127,583,bogdabo01
Mike Conley,37,MIN,PG,71,64,1756,187,468,127,310,60,158,0.535,81,90,32,150,182,319,79,14,75,111,582,conlemi01
Jose Alvarado,26,NOP,PG,56,23,1366,204,521,111,309,93,212,0.498,60,74,27,109,136,259,74,14,86,91,579,alvarjo01
Deandre Ayton,26,POR,C,40,40,1206,265,468,6,32,259,436,0.573,40,60,124,282,406,64,31,39,69,88,576,aytonde01
Luke Kennard,28,MEM,SG,65,11,1472,206,431,113,261,93,170,0.609,51,57,37,146,183,215,50,5,72,59,576,kennalu01
Johnny Juzang,23,UTA,SG,64,18,1270,204,475,118,314,86,161,0.554,45,53,42,142,184,68,39,8,36,126,571,juzanjo01
Jaime Jaquez Jr.,23,MIA,SF,66,17,1368,213,462,37,119,176,343,0.501,107,142,84,206,290,166,61,14,98,81,570,jaqueja01
Brandon Miller,22,CHA,SF,27,27,924,198,491,104,293,94,198,0.509,68,79,25,106,131,98,29,20,76,74,568,millebr02
Cason Wallace,21,OKC,SG,68,43,1876,232,489,74,208,158,281,0.55,30,37,71,158,229,173,120,35,59,145,568,wallaca01
Jalen Suggs,23,ORL,PG,35,35,1002,197,481,76,242,121,239,0.489,97,110,23,118,141,129,51,33,102,98,567,suggsja01
Ayo Dosunmu,25,CHI,SG,46,26,1394,221,449,62,189,159,260,0.561,62,79,26,135,161,208,43,18,69,105,566,dosunay01
Patrick Williams,23,CHI,PF,63,36,1576,205,516,96,272,109,244,0.49,60,83,43,194,237,124,48,32,86,88,566,willipa01
Immanuel Quickley,25,TOR,PG,33,33,918,184,438,85,225,99,213,0.517,111,128,16,101,117,191,23,4,58,61,564,quickim01
Dalano Banton,25,POR,PG,67,7,1120,198,507,72,222,126,285,0.462,91,125,30,105,135,160,43,34,86,58,559,bantoda01
Peyton Watson,22,DEN,SF,68,18,1656,204,428,48,136,156,292,0.533,95,137,47,186,233,94,48,93,56,123,551,watsope01
Dorian Finney-Smith,31,TOT,PF,63,40,1818,195,435,129,314,66,121,0.597,30,45,80,167,247,90,58,23,56,136,549,finnedo01
Justin Champagnie,23,WAS,SF,62,31,1340,210,411,74,193,136,218,0.601,50,73,112,239,351,60,65,39,54,110,544,champju01
Dejounte Murray,28,NOP,PG,31,31,1012,194,494,52,174,142,320,0.445,102,124,17,183,200,228,63,12,106,61,542,murrade01
A.J. Green,25,MIL,SG,73,7,1659,182,424,155,363,27,61,0.612,22,27,18,156,174,108,37,7,40,157,541,greenaj01
Aaron Nesmith,25,IND,SF,45,37,1123,192,379,84,195,108,184,0.617,73,80,37,141,178,54,35,17,37,114,541,nesmiaa01
Jared Butler,24,TOT,SG,60,17,1044,203,453,60,169,143,284,0.514,75,91,25,85,110,220,42,13,80,97,541,butleja02
Al Horford,38,BOS,C,60,42,1659,195,461,114,314,81,147,0.547,34,38,79,290,369,128,36,51,46,81,538,horfoal01
Brandon Clarke,28,MEM,PF,64,18,1207,236,380,1,17,235,363,0.622,61,87,127,199,326,66,52,36,41,145,534,clarkbr01
Tristan Da Silva,23,ORL,SF,74,38,1629,199,483,80,239,119,244,0.495,55,63,73,172,245,113,33,18,56,94,533,dasiltr01
Jamal Shead,22,TOR,PG,75,11,1467,204,504,72,223,132,281,0.476,53,69,30,85,115,316,58,10,117,158,533,sheadja01
Ricky Council IV,23,PHI,SF,73,12,1250,177,463,55,213,122,250,0.442,123,153,51,163,214,97,32,13,52,67,532,councri01
Nick Richards,27,TOT,C,57,43,1256,205,347,0,2,205,345,0.591,119,160,148,318,466,49,14,55,81,141,529,richani01
Jaden Ivey,22,DET,SG,30,30,898,190,413,63,154,127,259,0.536,85,116,40,84,124,119,28,11,89,67,528,iveyja01
Jalen Smith,24,CHI,C,64,2,962,190,408,72,222,118,186,0.554,72,89,89,268,357,65,17,44,37,95,524,smithja04
Tyrese Martin,25,BKN,SG,60,11,1315,189,465,99,282,90,183,0.513,46,58,58,161,219,122,34,9,74,77,523,martity01
Ron Holland,19,DET,SF,81,2,1266,197,416,36,151,161,265,0.517,92,122,40,178,218,82,49,17,72,141,522,hollaro01
Terance Mann,28,TOT,SG,67,13,1414,205,413,60,163,145,250,0.569,47,68,68,131,199,121,47,15,47,128,517,mannte01
Ryan Dunn,22,PHX,SF,74,44,1410,205,477,82,264,123,213,0.516,19,39,92,175,267,57,44,40,40,162,511,dunnry01
Sam Merrill,28,CLE,SG,71,4,1401,172,424,137,368,35,56,0.567,28,29,38,119,157,108,53,14,35,124,509,merrisa01
Josh Green,24,CHA,SG,68,67,1887,180,421,97,248,83,173,0.543,49,72,56,116,172,108,74,15,70,165,506,greenjo02
Goga Bitadze,25,ORL,C,70,42,1430,207,339,3,28,204,311,0.615,85,133,167,296,463,137,49,98,72,150,502,bitadgo01
Chris Boucher,32,TOR,PF,50,0,862,182,370,70,193,112,177,0.586,68,87,70,154,224,33,24,25,29,68,502,bouchch01
Cameron Payne,30,NYK,PG,72,5,1090,179,446,93,256,86,190,0.506,49,54,14,90,104,203,39,16,52,111,500,payneca01
Jaden Hardy,22,DAL,SG,57,3,907,180,414,76,197,104,217,0.527,60,86,9,80,89,81,28,5,82,90,496,hardyja02
Nikola Jović,21,MIA,PF,46,10,1156,172,377,78,210,94,167,0.56,72,87,26,154,180,131,38,13,60,82,494,jovicni01
Clint Capela,30,ATL,C,55,41,1176,218,390,0,1,218,389,0.559,52,97,174,295,469,62,34,53,47,106,488,capelca01
Chet Holmgren,22,OKC,C,32,32,877,167,341,44,116,123,225,0.554,101,134,48,209,257,63,23,71,56,72,479,holmgch01
Haywood Highsmith,28,MIA,SF,74,42,1818,179,391,89,233,90,158,0.572,31,43,72,180,252,112,68,37,54,164,478,highsha01
Cam Whitmore,20,HOU,SF,51,3,827,179,403,65,183,114,220,0.525,54,72,36,115,151,49,31,13,46,44,477,whitmca01
Kris Dunn,30,LAC,PG,74,58,1783,192,437,75,224,117,213,0.525,15,22,53,198,251,210,128,27,74,197,474,dunnkr01
Max Strus,28,CLE,SF,50,37,1273,165,373,113,293,52,80,0.594,28,34,53,164,217,158,26,12,54,104,471,strusma01
Jarace Walker,21,IND,PF,75,5,1187,170,360,75,185,95,175,0.576,46,69,25,204,229,110,54,25,78,115,461,walkeja02
Gabe Vincent,28,LAL,PG,72,11,1527,168,420,109,309,59,111,0.53,15,21,20,72,92,98,51,13,41,152,460,vincega01
Jake LaRavia,23,TOT,PF,66,0,1349,160,337,60,142,100,195,0.564,78,115,90,169,259,158,62,23,86,132,458,laravja01
Jusuf Nurkić,30,TOT,C,51,32,1063,168,352,32,105,136,247,0.523,85,128,85,313,398,115,40,34,97,130,453,nurkiju01
Joel Embiid,30,PHI,C,19,19,574,140,315,23,77,117,238,0.481,149,169,36,119,155,85,14,18,62,42,452,embiijo01
Trey Lyles,29,SAC,PF,69,5,1349,157,374,81,238,76,136,0.528,56,80,80,236,316,82,41,23,39,86,451,lylestr01
Trendon Watford,24,BKN,PF,44,6,913,164,350,29,88,135,262,0.51,93,122,37,123,160,115,27,12,83,95,450,watfotr01
Ja'Kobe Walter,20,TOR,SG,52,18,1103,159,393,65,186,94,207,0.487,66,83,59,101,160,81,43,10,50,95,449,walteja01
Brandon Boston Jr.,23,NOP,SG,42,10,993,166,381,49,140,117,241,0.5,67,85,28,106,134,92,53,9,52,73,448,bostobr01
Simone Fontecchio,29,DET,SF,75,0,1237,150,373,76,227,74,146,0.504,70,84,52,163,215,65,31,12,54,95,446,fontesi01
Justin Edwards,21,PHI,SF,44,26,1155,172,378,69,190,103,188,0.546,32,46,46,102,148,69,45,16,49,98,445,edwarju01
Seth Curry,34,CHA,SG,68,14,1062,164,343,83,182,81,161,0.599,33,39,24,89,113,60,27,7,32,59,444,curryse01
Luke Kornet,29,BOS,C,73,16,1361,187,280,0,3,187,277,0.668,67,97,190,198,388,117,36,71,31,119,441,kornelu01
Khris Middleton,33,TOT,SF,37,21,843,160,337,48,133,112,204,0.546,72,84,13,124,137,150,35,8,56,75,440,middlkh01
Jay Huff,26,MEM,C,64,2,748,157,305,81,200,76,105,0.648,44,56,30,99,129,38,16,56,34,78,439,huffja01
Donovan Clingan,20,POR,C,67,37,1324,180,334,14,49,166,285,0.56,62,104,217,310,527,77,34,110,72,189,436,clingdo01
Kenrich Williams,30,OKC,PF,69,7,1132,171,354,66,171,105,183,0.576,28,39,65,176,241,97,43,10,39,110,436,willike04
Isaiah Stewart,23,DET,C,72,4,1434,176,315,17,53,159,262,0.586,66,87,130,269,399,123,28,101,68,183,435,stewais01
Thomas Bryant,27,TOT,C,66,8,963,163,321,48,148,115,173,0.583,55,64,83,168,251,53,28,41,30,76,429,bryanth01
Noah Clowney,20,BKN,PF,46,20,1042,133,372,87,261,46,111,0.474,67,80,43,138,181,40,24,21,46,105,420,clownno01
Jamison Battle,23,TOR,SF,59,10,1042,149,347,105,259,44,88,0.581,16,18,37,121,158,53,17,10,27,92,419,battlja01
Jeremiah Robinson-Earl,24,NOP,PF,66,9,1239,158,347,56,164,102,183,0.536,46,55,110,205,315,88,39,7,51,79,418,robinje02
Vít Krejčí,24,ATL,PG,57,16,1153,145,292,90,206,55,86,0.651,32,45,22,134,156,147,36,26,50,105,412,krejcvi01
Trayce Jackson-Davis,24,GSW,C,62,37,967,174,302,0,3,174,299,0.576,59,102,122,189,311,104,23,38,45,73,407,jackstr02
Zach Collins,27,TOT,PF,64,12,977,153,302,32,106,121,196,0.56,69,78,102,186,288,111,29,29,60,132,407,colliza01
Moussa Diabaté,23,CHA,C,71,8,1241,167,280,0,6,167,274,0.596,69,116,187,251,438,56,46,40,61,109,403,diabamo01
Brandon Ingram,27,NOP,SF,18,18,595,155,333,43,115,112,218,0.53,47,55,17,83,100,93,16,11,69,45,400,ingrabr01
Gary Payton II,32,GSW,SG,62,11,927,171,298,31,95,140,203,0.626,27,38,53,132,185,83,52,17,39,108,400,paytoga02
Day'Ron Sharpe,23,BKN,C,50,2,907,165,317,11,45,154,272,0.538,56,74,149,181,330,91,41,42,63,113,397,sharpda01
Jonathan Mogbo,23,TOR,PF,63,18,1286,156,356,17,70,139,286,0.462,60,82,109,202,311,146,55,34,70,136,389,mogbojo01
Moritz Wagner,27,ORL,C,30,1,564,140,249,27,75,113,174,0.616,79,110,40,108,148,42,24,12,49,55,386,wagnemo01
Sandro Mamukelashvili,25,SAS,PF,61,0,681,141,281,60,161,81,120,0.609,43,58,62,125,187,48,22,17,26,60,385,mamuksa01
Kelly Olynyk,33,TOT,C,44,22,891,134,268,33,79,101,189,0.562,83,108,62,144,206,128,33,19,76,123,384,olynyke01
Jaxson Hayes,24,LAL,C,56,35,1093,161,223,0,3,161,220,0.722,61,98,78,191,269,58,31,51,43,136,383,hayesja02
Alex Caruso,30,OKC,SG,54,3,1041,140,314,60,170,80,144,0.541,42,51,38,121,159,137,87,30,37,102,382,carusal01
Jonathan Isaac,27,ORL,PF,71,1,1090,134,324,39,151,95,173,0.474,73,107,120,194,314,40,61,80,33,90,380,isaacjo01
Precious Achiuwa,25,NYK,C,57,10,1170,164,327,10,36,154,291,0.517,41,69,101,216,317,55,47,42,45,81,379,achiupr01
Talen Horton-Tucker,24,CHI,SG,58,0,724,133,291,41,122,92,169,0.527,72,98,19,81,100,83,21,11,40,59,379,hortota01
Marcus Sasser,24,DET,PG,57,1,811,137,296,58,152,79,144,0.561,43,51,18,51,69,133,37,4,54,72,375,sassema01
Julian Phillips,21,CHI,SF,79,5,1123,128,287,50,153,78,134,0.533,60,76,67,102,169,39,38,20,27,108,366,phillju01
Cody Martin,29,TOT,SF,53,8,1173,136,325,43,151,93,174,0.485,43,61,53,171,224,105,56,32,51,95,358,martico01
Kyle Anderson,31,TOT,PF,61,4,1002,142,303,25,70,117,233,0.51,48,65,53,153,206,145,40,33,37,81,357,anderky01
Alec Burks,33,MIA,SG,49,14,863,115,271,88,207,27,64,0.587,38,49,15,109,124,55,28,7,29,37,356,burksal01
Caleb Martin,29,TOT,SF,45,24,1218,129,304,37,103,92,201,0.485,61,98,53,124,177,95,46,23,56,87,356,martica02
Garrison Mathews,28,ATL,SG,47,2,830,102,257,85,218,17,39,0.562,64,78,13,74,87,60,26,15,31,81,353,mathega01
Tidjane Salaün,19,CHA,PF,60,10,1244,114,345,58,205,56,140,0.414,67,94,70,210,280,74,29,14,58,84,353,salauti01
Jared McCain,20,PHI,SG,23,8,592,126,274,51,133,75,141,0.553,49,56,13,43,56,60,15,0,37,37,352,mccaija01
Ryan Rollins,22,MIL,PG,56,19,820,132,271,49,120,83,151,0.577,36,45,21,87,108,104,42,17,53,88,349,rolliry01
Javonte Green,31,TOT,SG,68,19,1258,123,287,46,141,77,146,0.509,55,76,59,159,218,56,65,31,32,98,347,greenja02
Kevon Looney,28,GSW,C,76,6,1142,143,278,2,5,141,273,0.518,56,99,185,277,462,118,46,37,39,154,344,looneke01
Aaron Holiday,28,HOU,PG,62,3,792,117,268,72,181,45,87,0.571,34,41,13,65,78,83,19,11,37,64,340,holidaa01
Quinten Post,24,GSW,PF,42,14,686,123,274,73,179,50,95,0.582,21,27,35,113,148,56,16,18,33,83,340,postqu01
Bruce Brown,28,TOT,PG,41,12,922,130,309,27,81,103,228,0.464,53,65,40,124,164,84,34,10,39,71,340,brownbr01
Adem Bona,21,PHI,C,58,11,905,135,192,0,1,135,191,0.703,67,100,92,153,245,27,26,69,61,125,337,bonaad01
Isaac Okoro,24,CLE,SG,55,22,1053,124,267,56,151,68,116,0.569,33,46,49,81,130,68,32,16,23,104,337,okorois01
Svi Mykhailiuk,27,UTA,SF,38,13,760,118,302,70,203,48,99,0.507,28,35,22,68,90,76,19,7,52,43,334,mykhasv01
Mason Plumlee,34,PHX,C,74,21,1300,125,202,0,4,125,198,0.619,83,128,116,339,455,134,33,47,59,154,333,plumlma01
Ben Sheppard,23,IND,SG,63,9,1228,120,287,68,199,52,88,0.537,24,27,44,133,177,85,38,14,22,125,332,sheppbe01
Tristan Vukcevic,21,WAS,C,35,1,513,120,242,38,102,82,140,0.574,52,67,26,104,130,39,11,23,42,57,330,vukcetr01
Tre Jones,25,TOT,PG,46,9,905,128,238,19,48,109,190,0.578,55,67,31,85,116,192,37,10,35,55,330,jonestr01
Dalen Terry,22,CHI,SG,73,5,987,120,268,37,104,83,164,0.517,49,69,38,86,124,97,44,15,53,114,326,terryda01
Karlo Matković,23,NOP,PF,42,7,791,135,235,21,66,114,169,0.619,34,44,64,145,209,46,22,41,43,106,325,matkoka01
Dean Wade,28,CLE,PF,59,30,1252,112,271,80,222,32,49,0.561,16,30,51,198,249,76,42,20,22,101,320,wadede01
DaQuan Jeffries,27,CHA,SG,47,20,1071,118,291,55,164,63,127,0.5,24,30,37,98,135,53,26,25,35,99,315,jeffrda01
Shake Milton,28,TOT,SG,57,2,837,115,254,38,106,77,148,0.528,47,59,31,73,104,102,25,4,40,67,315,miltosh01
Dereck Lively II,20,DAL,C,36,29,833,134,191,0,0,134,191,0.702,46,73,104,166,270,85,20,56,41,100,314,livelde01
Nicolas Batum,36,LAC,PF,78,8,1367,104,238,88,203,16,35,0.622,17,21,47,171,218,84,52,36,34,111,313,batumni01
Jabari Walker,22,POR,PF,60,1,749,118,229,28,72,90,157,0.576,49,71,59,152,211,37,33,6,34,87,313,walkeja01
Neemias Queta,25,BOS,C,62,6,863,132,203,0,3,132,200,0.65,46,61,89,147,236,45,18,42,40,106,310,quetane01
Malcolm Brogdon,32,WAS,PG,24,13,564,104,240,16,56,88,184,0.467,81,92,21,70,91,98,13,5,38,30,305,brogdma01
Antonio Reeves,24,NOP,SG,44,6,660,113,248,51,129,62,119,0.558,28,35,18,45,63,39,21,4,30,40,305,reevean01
Marcus Smart,30,TOT,PG,34,7,680,101,257,49,141,52,116,0.488,54,71,18,54,72,109,39,9,54,53,305,smartma01
Orlando Robinson,24,TOT,C,44,8,770,116,261,17,52,99,209,0.477,54,70,89,131,220,77,17,16,49,100,303,robinor01
Andre Drummond,31,PHI,C,40,23,751,117,234,3,20,114,214,0.506,56,90,109,201,310,34,39,18,55,94,293,drumman01
Kris Murray,24,POR,SF,69,6,1040,117,279,27,120,90,159,0.468,26,57,76,106,182,68,35,17,43,66,287,murrakr01
Landry Shamet,27,NYK,SG,50,0,762,106,230,62,156,44,74,0.596,12,18,11,50,61,27,23,2,22,52,286,shamela01
Jeff Dowtin Jr.,27,PHI,PG,41,3,621,112,230,28,70,84,160,0.548,33,45,12,48,60,78,24,12,15,29,285,dowtije01
Josh Okogie,26,TOT,SG,40,7,625,94,212,32,92,62,120,0.519,63,85,45,68,113,33,48,18,31,47,283,okogijo01
KJ Simpson,22,CHA,PG,36,15,842,104,301,33,130,71,171,0.4,41,50,39,70,109,112,34,6,56,56,282,simpskj01
Drew Eubanks,27,TOT,C,61,4,746,115,194,3,6,112,188,0.601,47,71,60,166,226,54,12,39,41,63,280,eubandr01
Jaylin Williams,22,OKC,PF,47,9,784,97,221,61,153,36,68,0.577,23,30,48,214,262,120,22,29,35,79,278,willija07
Brandon Williams,25,DAL,PG,33,3,487,98,188,24,60,74,128,0.585,55,66,12,46,58,76,24,5,39,33,275,willibr03
KJ Martin,24,TOT,PF,43,16,912,111,201,15,58,96,143,0.59,37,47,30,95,125,48,17,22,24,101,274,martike04
Vasilije Micić,31,TOT,PG,41,16,785,95,273,45,125,50,148,0.43,34,41,20,69,89,128,15,0,77,45,269,micicva01
Lonzo Ball,27,CHI,PG,35,14,777,89,243,67,195,22,48,0.504,22,27,25,93,118,115,47,17,41,55,267,balllo01
Tosan Evbuomwan,23,BKN,SF,28,0,665,94,220,24,77,70,143,0.482,55,73,32,88,120,55,24,10,39,55,267,evbuoto01
Jett Howard,21,ORL,SF,60,0,701,98,262,55,186,43,76,0.479,16,23,20,50,70,44,13,11,36,68,267,howarje01
Eric Gordon,36,PHI,SG,39,13,768,87,204,56,137,31,67,0.564,36,48,8,38,46,65,26,12,28,32,266,gordoer01
Lindy Waters III,27,TOT,SG,52,9,778,92,249,64,186,28,63,0.498,8,11,20,90,110,52,27,11,20,62,256,waterli01
Ben Simmons,28,TOT,PG,51,24,1120,116,223,0,0,116,223,0.52,24,33,47,194,241,285,38,23,102,107,256,simmobe01
Oso Ighodaro,22,PHX,PF,61,6,1045,113,187,0,2,113,185,0.604,29,50,66,156,222,71,28,29,39,102,255,ighodos01
Pelle Larsson,23,MIA,SG,55,8,782,89,203,32,95,57,108,0.517,41,61,28,64,92,65,32,7,24,91,251,larsspe01
Lonnie Walker IV,26,PHI,SG,20,7,477,89,212,45,127,44,85,0.526,24,30,6,57,63,50,10,5,25,27,247,walkelo01
Bol Bol,25,PHX,PF,36,10,448,96,183,32,93,64,90,0.612,20,26,20,84,104,22,9,25,20,20,244,bolbo01
Caleb Houstan,22,ORL,SF,58,6,788,80,190,64,160,16,30,0.589,15,17,19,56,75,35,22,6,13,62,239,houstca01
A.J. Lawson,24,TOR,SG,26,2,486,80,190,33,101,47,89,0.508,43,63,20,66,86,31,13,6,15,44,236,lawsoaj01
Malaki Branham,21,SAS,SG,47,0,427,87,190,34,84,53,106,0.547,27,33,7,44,51,38,11,2,34,29,235,branhma01
Ajay Mitchell,22,OKC,SG,36,1,597,91,184,23,60,68,124,0.557,29,35,18,50,68,64,25,4,29,68,234,mitchaj01
Monte Morris,29,PHX,PG,45,0,571,83,195,31,86,52,109,0.505,36,42,12,55,67,73,20,3,21,23,233,morrimo01
Richaun Holmes,31,WAS,PF,31,7,534,90,139,0,3,90,136,0.647,50,60,62,115,177,42,9,23,21,49,230,holmeri01
Andre Jackson Jr.,23,MIL,SG,67,43,980,94,197,30,76,64,121,0.553,12,24,65,117,182,83,34,14,58,114,230,jacksan01
Cody Williams,20,UTA,SG,50,21,1060,83,257,35,135,48,122,0.391,29,40,27,86,113,59,23,16,44,95,230,willico04
Reed Sheppard,20,HOU,PG,52,3,654,84,239,48,142,36,97,0.452,13,16,16,62,78,75,35,17,37,53,229,sheppre01
Gui Santos,22,GSW,PF,56,2,762,82,179,34,103,48,76,0.553,29,42,72,100,172,80,25,10,42,91,227,santogu01
Steven Adams,31,HOU,C,58,3,794,91,167,0,2,91,165,0.545,43,93,166,161,327,66,22,28,54,60,225,adamsst01
AJ Johnson,20,TOT,SG,29,11,639,82,213,24,90,58,123,0.441,32,37,8,51,59,76,12,3,35,50,220,johnsaj01
Rob Dillingham,20,MIN,PG,49,1,516,93,211,25,74,68,137,0.5,8,15,12,38,50,98,20,1,53,37,219,dilliro01
Blake Wesley,21,SAS,SG,58,0,683,81,186,17,58,64,128,0.481,38,61,17,44,61,114,37,6,54,46,217,weslebl01
Pat Connaughton,32,MIL,SG,41,1,603,83,177,26,81,57,96,0.542,24,31,19,90,109,70,9,11,24,45,216,connapa01
GG Jackson II,20,MEM,PF,29,3,459,74,199,32,95,42,104,0.452,29,40,27,65,92,29,12,5,31,30,209,jacksgg01
DeAndre Jordan,36,DEN,C,56,5,691,91,140,0,0,91,140,0.65,27,64,84,200,284,53,16,27,40,74,209,jordade01
Herbert Jones,26,NOP,SF,20,20,648,75,172,22,72,53,100,0.5,33,40,22,56,78,65,37,9,35,66,205,joneshe01
Larry Nance Jr.,32,ATL,PF,24,3,463,80,155,34,76,46,79,0.626,9,13,23,80,103,38,20,13,16,37,203,nancela02
Olivier-Maxence Prosper,22,DAL,PF,52,4,584,70,174,12,51,58,123,0.437,49,76,44,82,126,40,26,6,14,28,201,prospol01
Jock Landale,29,HOU,C,42,3,500,81,152,11,26,70,126,0.569,27,40,56,81,137,37,13,10,21,49,200,landajo01
Jalen Pickett,25,DEN,SG,49,4,666,77,180,40,101,37,79,0.539,6,8,15,56,71,107,19,5,24,38,200,pickeja02
Kai Jones,24,TOT,C,40,6,468,87,109,1,5,86,104,0.803,23,32,40,85,125,25,15,23,18,50,198,joneska01
Mouhamed Gueye,22,ATL,PF,33,28,533,72,171,21,81,51,90,0.482,32,42,44,95,139,27,28,33,15,55,197,gueyemo02
Jamal Cain,25,NOP,SF,37,0,502,68,158,26,80,42,78,0.513,34,50,27,58,85,22,23,9,22,46,196,cainja01
Collin Gillespie,25,PHX,PG,33,9,461,68,158,39,90,29,68,0.554,19,22,22,56,78,78,21,5,17,30,194,gilleco01
Duop Reath,28,POR,C,46,0,469,70,166,34,106,36,60,0.524,20,22,44,48,92,26,12,14,16,41,194,reathdu01
Craig Porter Jr.,24,CLE,PG,51,1,513,72,140,21,48,51,92,0.589,23,32,19,48,67,71,17,15,38,25,188,portecr01
Jae'Sean Tate,29,HOU,SF,52,2,588,70,148,16,46,54,102,0.527,32,47,50,67,117,47,26,7,22,82,188,tateja01
Zeke Nnaji,24,DEN,PF,57,4,608,70,141,17,52,53,89,0.557,27,44,33,57,90,23,25,38,14,62,184,nnajize01
Paul Reed,25,DET,C,45,0,438,72,142,8,28,64,114,0.535,32,42,40,83,123,44,39,25,26,75,184,reedpa01
Tre Mann,23,CHA,PG,13,0,319,70,161,24,60,46,101,0.509,19,21,12,26,38,39,7,4,25,24,183,manntr01
Vince Williams Jr.,24,MEM,SG,27,5,499,67,167,26,95,41,72,0.479,19,24,22,76,98,55,12,7,33,45,179,willivi01
Cory Joseph,33,ORL,PG,50,16,612,62,154,39,107,23,47,0.529,14,18,17,57,74,72,26,4,18,50,177,josepco01
Danté Exum,29,DAL,PG,20,13,372,64,134,23,53,41,81,0.563,23,31,4,29,33,56,12,3,22,34,174,exumda01
Jeff Green,38,HOU,PF,32,3,396,61,121,29,79,32,42,0.624,21,26,11,47,58,20,6,4,9,32,172,greenje02
Kessler Edwards,24,DAL,SF,40,18,608,67,135,22,54,45,81,0.578,12,13,22,93,115,42,19,20,16,62,168,edwarke02
Keaton Wallace,25,ATL,PG,31,5,501,65,162,27,82,38,80,0.485,11,11,7,43,50,81,28,9,33,39,168,wallake01
Jaylon Tyson,22,CLE,SG,47,3,453,64,149,20,58,44,91,0.497,19,24,37,59,96,44,13,3,26,50,167,tysonja01
Grant Williams,26,CHA,PF,16,7,479,54,123,27,74,27,49,0.549,31,37,18,64,82,37,18,13,28,46,166,willigr01
Jaylen Clark,23,MIN,SG,40,4,522,56,120,22,51,34,69,0.558,29,37,26,27,53,26,36,2,8,61,163,clarkja02
Quenton Jackson,26,IND,PG,28,7,381,58,122,15,40,43,82,0.537,31,40,14,30,44,53,21,5,16,43,162,jacksqu01
Micah Potter,26,UTA,C,38,10,705,57,135,31,98,26,37,0.537,17,20,43,121,164,31,14,14,31,50,162,pottemi01
Daniel Theis,32,NOP,C,38,9,621,61,129,9,37,52,92,0.508,31,37,44,120,164,60,18,20,25,70,162,theisda01
Jordan Goodwin,26,LAL,PG,29,5,543,63,144,26,68,37,76,0.528,9,11,38,74,112,42,30,11,26,43,161,goodwjo01
Charles Bassey,24,SAS,C,36,1,376,68,117,0,0,68,117,0.581,21,33,56,96,152,17,14,30,23,50,157,bassech01
Colby Jones,22,TOT,SG,39,0,515,59,129,16,49,43,80,0.519,23,35,21,66,87,44,26,13,23,37,157,jonesco02
Rayan Rupert,20,POR,SG,52,0,460,58,142,16,59,42,83,0.465,23,30,26,44,70,25,16,4,30,37,155,ruperra01
Jevon Carter,29,CHI,PG,36,1,321,55,146,35,105,20,41,0.497,8,10,4,35,39,40,13,3,11,15,153,carteje01
David Roddy,23,TOT,PF,33,3,410,57,125,19,61,38,64,0.532,20,26,13,71,84,35,14,9,22,20,153,roddyda01
Jordan Miller,25,LAC,SF,37,0,420,58,134,8,38,50,96,0.463,28,35,23,35,58,34,17,5,26,26,152,millejo02
Trevelin Queen,27,ORL,SG,31,2,430,56,147,22,77,34,70,0.456,18,21,26,28,54,38,31,10,22,38,152,queentr01
Wendell Moore Jr.,23,TOT,SG,36,1,499,59,126,14,41,45,85,0.524,18,22,30,65,95,42,20,5,27,31,150,moorewe01
Bones Hyland,24,TOT,PG,24,0,239,47,118,32,82,15,36,0.534,23,26,5,20,25,32,18,4,25,29,149,hylanbo01
Dominick Barlow,21,ATL,PF,35,4,375,60,113,7,27,53,86,0.562,21,33,35,50,85,19,9,16,5,47,148,barlodo01
Doug McDermott,33,SAC,SF,42,3,342,50,117,44,101,6,16,0.615,3,5,3,19,22,7,4,2,6,30,147,mcderdo01
Jarred Vanderbilt,25,LAL,PF,36,2,581,59,121,9,32,50,89,0.525,20,36,68,114,182,41,35,10,29,67,147,vandeja01
Gary Harris,30,ORL,SG,48,3,711,51,133,36,101,15,32,0.519,7,12,20,44,64,30,26,12,17,45,145,harriga01
Bismack Biyombo,32,SAS,C,28,26,528,67,114,0,0,67,114,0.588,10,25,43,115,158,31,16,23,27,52,144,biyombi01
Keion Brooks Jr.,24,NOP,SF,14,6,332,53,109,14,43,39,66,0.55,22,30,12,46,58,13,10,10,12,30,142,brookke02
Ousmane Dieng,21,OKC,C,37,1,405,54,125,23,71,31,54,0.524,11,16,18,63,81,31,17,7,18,33,142,diengou01
Devin Carter,22,SAC,PG,36,0,396,47,127,18,61,29,66,0.441,26,44,19,57,76,41,21,4,18,39,138,cartede02
Luka Garza,26,MIN,C,39,0,219,52,105,10,36,42,69,0.543,24,35,31,23,54,11,6,3,12,29,138,garzalu01
Kyle Lowry,38,PHI,PG,35,12,659,41,117,29,88,12,29,0.474,27,33,11,56,67,96,33,11,21,62,138,lowryky01
Terrence Shannon Jr.,24,MIN,SG,32,1,339,55,114,11,31,44,83,0.531,17,21,10,37,47,32,7,5,15,27,138,shannte01
Mo Bamba,26,TOT,C,32,2,413,52,112,15,54,37,58,0.531,19,27,32,113,145,18,9,31,20,56,138,bambamo01
Reggie Jackson,34,PHI,PG,31,1,384,52,133,25,74,27,59,0.485,7,9,8,34,42,45,16,3,17,34,136,jacksre01
Marvin Bagley III,25,TOT,PF,31,2,265,55,106,3,19,52,87,0.533,23,35,38,46,84,11,9,8,12,18,136,baglema01
Dillon Jones,23,OKC,SF,54,3,551,51,133,16,63,35,70,0.444,17,28,30,91,121,58,16,4,28,54,135,jonesdi01
Isaac Jones,24,SAC,PF,40,0,304,54,83,3,8,51,75,0.669,23,36,22,35,57,12,5,10,16,30,134,jonesis01
Hunter Tyson,24,DEN,PF,51,2,400,45,120,23,74,22,46,0.471,21,28,25,53,78,20,10,6,14,44,134,tysonhu01
Anthony Gill,32,WAS,PF,51,0,397,43,88,10,31,33,57,0.545,33,50,18,48,66,16,9,2,10,30,129,gillan01
Delon Wright,32,TOT,PG,40,7,635,45,131,20,73,25,58,0.42,15,25,27,39,66,77,35,12,22,25,125,wrighde01
Colin Castleton,24,TOT,C,26,4,432,46,98,2,16,44,82,0.48,29,38,53,69,122,28,8,10,23,51,123,castlco01
Branden Carlson,25,OKC,C,32,0,246,43,97,22,66,21,31,0.557,14,18,17,37,54,14,5,21,7,22,122,carlsbr01
Kevin Love,36,MIA,PF,23,9,251,41,115,24,67,17,48,0.461,16,23,22,72,94,22,15,4,14,21,122,loveke01
Isaiah Wong,24,CHA,SG,20,0,265,41,105,13,33,28,72,0.452,25,34,14,18,32,28,11,0,18,21,120,wongis01
Josh Minott,22,MIN,SF,46,0,276,44,90,14,43,30,47,0.567,17,19,12,35,47,18,15,12,11,34,119,minotjo01
Jared Rhoden,25,TOT,SG,14,2,227,42,87,12,39,30,48,0.552,22,25,14,28,42,16,10,2,9,20,118,rhodeja01
Robert Williams,27,POR,C,20,3,351,50,78,1,3,49,75,0.647,15,17,35,83,118,21,13,33,17,31,116,williro04
Maxwell Lewis,22,TOT,SF,28,1,327,45,108,19,50,26,58,0.505,7,10,18,37,55,19,9,7,14,29,116,lewisma05
Dariq Whitehead,20,BKN,SF,20,0,246,39,96,33,74,6,22,0.578,3,5,4,25,29,12,6,1,15,22,114,whiteda01
Dwight Powell,33,DAL,C,55,3,551,42,61,2,5,40,56,0.705,28,43,47,71,118,55,18,21,18,75,114,poweldw01
Baylor Scheierman,24,BOS,SG,31,2,384,39,110,26,82,13,28,0.473,9,12,19,46,65,33,17,2,12,22,113,scheiba01
John Konchar,28,MEM,SG,46,4,558,41,91,23,62,18,29,0.577,7,8,37,114,151,42,30,14,16,32,112,konchjo01
Matisse Thybulle,27,POR,SG,15,5,312,42,88,21,48,21,40,0.597,7,15,14,38,52,28,33,9,13,14,112,thybuma01
Patty Mills,36,TOT,PG,29,0,321,36,96,26,75,10,21,0.51,13,14,4,18,22,26,13,3,17,24,111,millspa02
Damion Baugh,24,CHA,SG,15,2,370,42,130,12,56,30,74,0.369,13,15,14,36,50,56,15,2,31,22,109,baughda01
Drew Timme,24,BKN,PF,9,2,254,45,102,9,35,36,67,0.485,10,16,17,48,65,20,4,1,15,21,109,timmedr01
Jaden Springer,22,TOT,PG,43,2,365,35,90,12,48,23,42,0.456,27,38,17,41,58,33,24,4,16,42,109,sprinja01
Torrey Craig,34,TOT,SF,26,4,314,38,90,24,66,14,24,0.556,8,12,27,46,73,17,8,12,8,34,108,craigto01
Taj Gibson,39,CHA,C,37,11,409,47,95,1,2,46,93,0.5,12,20,51,69,120,21,9,18,25,54,107,gibsota01
Oscar Tshiebwe,25,UTA,C,14,1,255,42,70,0,0,42,70,0.6,23,31,46,76,122,9,13,1,10,24,107,tshieos01
Cam Spencer,24,MEM,SG,25,1,252,34,82,19,52,15,30,0.53,19,19,12,18,30,34,9,1,6,23,106,spencca01
Jalen Hood-Schifino,21,TOT,SG,15,0,315,37,98,14,46,23,52,0.449,18,21,3,24,27,37,5,7,18,25,106,hoodsja01
Cam Reddish,25,LAL,SF,33,8,589,38,94,13,47,25,47,0.473,16,26,17,49,66,22,33,10,12,43,105,reddica01
Johnny Furphy,20,IND,SG,50,0,379,35,92,15,50,20,42,0.462,18,22,23,48,71,19,18,11,12,41,103,furphjo01
Maxi Kleber,33,DAL,PF,34,4,637,37,96,13,49,24,47,0.453,16,21,25,70,95,43,9,17,23,66,103,klebima01
Pat Spencer,28,GSW,PG,39,0,250,41,101,5,22,36,79,0.431,11,15,15,31,46,48,14,3,18,20,98,spencpa01
Jericho Sims,26,TOT,C,53,5,632,45,71,0,0,45,71,0.634,8,13,71,126,197,33,10,19,33,65,98,simsje01
Jordan McLaughlin,28,TOT,PG,46,0,314,31,72,19,46,12,26,0.563,17,22,6,24,30,51,16,1,16,18,98,mclaujo01
Trey Jemison,25,TOT,C,38,0,392,41,74,0,0,41,74,0.554,13,33,44,61,105,16,9,15,24,69,95,jemistr01
Reece Beekman,23,TOT,PG,36,4,469,35,107,7,40,28,67,0.36,16,21,13,26,39,63,33,2,21,36,93,beekmre01
Christian Koloko,24,LAL,C,37,0,342,40,66,0,4,40,62,0.606,10,14,35,57,92,16,8,16,12,44,90,kolokch01
Mitchell Robinson,26,NYK,C,17,3,290,37,56,0,0,37,56,0.661,13,19,52,49,101,13,16,18,10,26,87,robinmi01
Dru Smith,27,MIA,SG,14,1,268,31,61,16,30,15,31,0.639,9,12,12,24,36,23,21,6,17,30,87,smithdr01
Lester Quiñones,24,TOT,SG,13,0,183,31,78,13,44,18,34,0.481,11,13,4,15,19,24,3,2,14,18,86,quinole01
Elfrid Payton,30,TOT,PG,24,9,511,40,122,1,6,39,116,0.332,4,7,15,64,79,166,24,11,59,36,85,paytoel01
Damion Lee,32,PHX,SG,25,0,144,27,74,9,37,18,37,0.426,20,21,3,17,20,11,6,0,10,6,83,leeda03
Jordan Walsh,20,BOS,PF,52,1,403,30,83,15,55,15,28,0.452,7,12,23,46,69,19,12,11,17,30,82,walshjo01
Tyler Kolek,23,NYK,PG,41,0,296,27,82,14,47,13,35,0.415,13,17,8,19,27,70,12,4,18,26,81,kolekty01
Johnny Davis,22,WAS,SG,34,0,242,32,78,7,29,25,49,0.455,9,15,10,28,38,11,15,6,7,18,80,davisjo06
MarJon Beauchamp,24,TOT,SF,35,0,156,27,65,10,29,17,36,0.492,15,20,11,33,44,11,4,1,15,14,79,beaucma01
Jaylen Martin,21,TOT,SF,16,0,239,31,74,7,23,24,51,0.466,9,10,11,33,44,17,9,0,12,14,78,martija02
Kobe Brown,25,LAC,PF,40,0,272,33,72,6,26,27,46,0.5,5,7,19,46,65,24,7,4,12,23,77,brownko01
Alex Reese,25,TOT,PF,15,0,216,26,54,15,41,11,13,0.62,9,12,9,38,47,4,10,10,6,21,76,reeseal01
Moses Brown,25,TOT,C,13,2,119,34,49,0,0,34,49,0.694,8,11,12,32,44,2,6,4,11,17,76,brownmo01
Lamar Stevens,27,MEM,PF,17,1,155,29,63,8,27,21,36,0.524,8,11,4,34,38,8,5,3,10,15,74,stevela01
Alex Len,31,TOT,C,46,7,380,32,63,2,9,30,54,0.524,8,17,38,57,95,38,9,21,20,56,74,lenal01
JT Thor,22,TOT,PF,20,0,249,25,59,6,21,19,38,0.475,15,22,20,28,48,6,8,9,9,17,71,thorjt01
Tristan Thompson,33,CLE,C,40,0,328,31,71,0,3,31,68,0.437,7,30,32,102,134,24,2,11,14,36,69,thomptr01
Marcus Bagley,23,PHI,SF,10,4,253,27,69,5,32,22,37,0.428,8,10,23,47,70,10,9,12,7,16,67,baglema02
Jaylen Nowell,25,NOP,SG,8,0,168,26,73,8,27,18,46,0.411,7,11,6,14,20,18,1,4,8,9,67,nowelja01
Tyler Smith,20,MIL,PF,23,0,122,24,50,13,30,11,20,0.61,6,8,6,19,25,4,3,4,8,11,67,smithty02
Adam Flagler,25,OKC,SG,37,0,203,25,96,14,72,11,24,0.333,1,2,7,20,27,12,8,3,4,15,65,flaglad01
Nate Williams,25,HOU,SG,20,0,147,27,62,6,26,21,36,0.484,5,8,5,8,13,9,8,4,14,16,65,willije02
Bronny James,20,LAL,SG,27,1,181,21,67,9,32,12,35,0.381,11,14,4,14,18,22,9,3,13,13,62,jamesbr02
De'Anthony Melton,26,GSW,SG,6,2,121,22,54,13,35,9,19,0.528,5,8,6,14,20,17,7,2,10,18,62,meltode01
Tony Bradley,27,IND,C,14,0,113,29,45,1,3,28,42,0.656,2,6,18,24,42,6,2,9,5,11,61,bradlto01
Markelle Fultz,26,SAC,PG,21,0,184,28,67,4,8,24,59,0.448,1,1,6,14,20,27,10,2,15,12,61,fultzma01
Cole Swider,25,TOT,SF,10,0,169,22,63,15,47,7,16,0.468,0,1,5,22,27,3,4,2,4,12,59,swideco01
Bruno Fernando,26,TOR,C,17,2,147,26,49,0,0,26,49,0.531,6,8,21,30,51,18,4,9,14,27,58,fernabr01
Dario Šarić,30,DEN,C,16,4,210,21,58,7,26,14,32,0.422,7,10,14,36,50,23,7,1,15,19,56,saricda01
Markieff Morris,35,TOT,PF,15,2,165,21,70,9,36,12,34,0.364,5,6,3,20,23,21,2,3,5,16,56,morrima02
Tyson Etienne,25,BKN,PG,7,0,151,17,52,13,44,4,8,0.452,8,10,3,6,9,12,3,1,8,17,55,etienty01
Killian Hayes,23,BKN,PG,6,5,162,18,43,8,21,10,22,0.512,10,12,5,13,18,31,4,4,9,13,54,hayeski01
Drew Peterson,25,BOS,PF,25,1,186,17,41,13,33,4,8,0.573,7,9,9,31,40,13,5,2,8,18,54,peterdr01
Kobe Bufkin,21,ATL,SG,10,0,124,18,47,4,19,14,28,0.426,13,18,5,16,21,17,3,2,8,9,53,bufkiko01
Garrett Temple,38,TOR,SG,28,0,227,18,60,6,28,12,32,0.35,11,12,9,20,29,31,17,2,10,23,53,templga01
Chuma Okeke,26,TOT,PF,9,3,196,20,40,11,28,9,12,0.638,2,3,21,26,47,15,5,4,3,5,53,okekech01
Patrick Baldwin Jr.,22,TOT,SF,24,0,107,19,35,13,23,6,12,0.729,2,4,5,20,25,3,3,2,5,7,53,baldwpa01
Oshae Brissett,26,PHI,SF,6,2,142,19,39,6,18,13,21,0.564,8,14,7,15,22,4,4,3,8,14,52,brissos01
Ariel Hukporti,22,NYK,C,25,1,217,21,31,0,0,21,31,0.677,6,13,14,37,51,11,1,15,21,32,48,hukpoar01
Enrique Freeman,24,IND,PF,22,1,181,16,37,1,10,15,27,0.446,13,19,11,19,30,9,3,3,6,21,46,freemen01
Kevin Knox,25,GSW,SF,14,0,84,18,36,4,15,14,21,0.556,6,8,7,10,17,5,2,4,4,6,46,knoxke01
Keshad Johnson,23,MIA,SF,16,0,98,18,26,3,7,15,19,0.75,4,9,6,22,28,4,5,4,4,11,43,johnske10
Daeqwon Plowden,26,ATL,SG,6,0,72,16,25,9,17,7,8,0.82,2,2,4,7,11,2,0,0,4,10,43,plowdda01
Jaylen Sims,26,CHA,SG,6,0,112,12,28,6,15,6,13,0.536,12,15,3,3,6,12,3,1,8,10,42,simsja01
Pete Nance,24,TOT,C,13,1,138,14,32,9,24,5,8,0.578,1,2,5,16,21,10,2,2,4,17,38,nancepe01
Emoni Bates,21,CLE,SF,10,0,75,13,38,11,30,2,8,0.487,0,0,0,7,7,8,1,1,2,4,37,batesem01
Chris Duarte,27,CHI,SG,17,0,74,12,26,6,15,6,11,0.577,6,8,5,15,20,9,0,0,1,7,36,duartch01
Alex Ducas,24,OKC,SG,21,0,125,12,30,10,21,2,9,0.567,2,2,9,17,26,5,5,0,4,12,36,ducasal01
Yuki Kawamura,23,MEM,PG,22,0,93,11,30,7,23,4,7,0.483,7,9,0,12,12,19,2,0,5,8,36,kawamyu01
Nae'Qwan Tomlin,24,CLE,PF,5,1,63,13,32,2,10,11,22,0.438,8,11,9,12,21,2,0,1,2,9,36,tomlina01
Isaiah Jackson,23,IND,C,5,1,84,14,23,0,0,14,23,0.609,7,14,11,17,28,5,3,8,5,14,35,jacksis01
TyTy Washington Jr.,23,PHX,PG,16,0,118,14,45,4,21,10,24,0.356,3,6,4,9,13,16,3,0,3,4,35,washity02
Xavier Tillman Sr.,26,BOS,C,33,2,231,13,53,5,32,8,21,0.292,3,4,10,33,43,7,11,5,14,18,34,tillmxa01
Kylor Kelley,27,TOT,C,11,2,126,14,22,0,0,14,22,0.636,6,10,12,27,39,5,1,3,4,15,34,kelleky01
JD Davison,22,BOS,PG,16,0,93,12,34,4,18,8,16,0.412,5,7,2,11,13,13,5,1,13,2,33,davisjd01
PJ Hall,22,DEN,C,19,0,66,14,24,2,8,12,16,0.625,3,4,6,16,22,4,0,4,2,11,33,hallpj01
Trey Alexander,21,DEN,SG,24,0,117,13,41,3,17,10,24,0.354,3,4,1,11,12,11,2,1,5,10,32,alexatr01
Elijah Harkless,24,UTA,SG,10,0,138,11,35,7,25,4,10,0.414,3,6,9,12,21,8,10,1,3,18,32,harklej01
Josh Richardson,31,MIA,SG,8,0,150,11,38,6,22,5,16,0.368,4,4,6,6,12,12,8,1,8,17,32,richajo01
Sidy Cissoko,20,TOT,SF,22,0,114,13,30,3,13,10,17,0.483,3,9,8,13,21,15,2,1,11,10,32,cissosi01
Pacôme Dadiet,19,NYK,SG,18,0,111,10,31,6,19,4,12,0.419,4,6,3,15,18,5,3,2,4,7,30,dadiepa01
RayJ Dennis,23,IND,PG,11,0,70,11,33,6,21,5,12,0.424,2,2,2,10,12,14,7,2,5,7,30,dennira01
Chris Livingston,21,MIL,SF,21,1,106,9,27,0,8,9,19,0.333,12,16,10,25,35,5,5,0,6,8,30,livinch01
Josh Christopher,23,MIA,SG,14,0,69,11,31,2,11,9,20,0.387,4,6,0,9,9,8,5,3,6,2,28,chrisjo01
Marcus Garrett,26,CHA,SG,4,0,79,11,27,3,8,8,19,0.463,3,4,1,5,6,13,3,2,6,10,28,garrema01
Matt Ryan,27,NYK,SF,19,0,68,10,31,6,19,4,12,0.419,2,2,0,8,8,3,2,0,3,1,28,ryanma01
Spencer Jones,23,DEN,SF,20,0,125,11,34,1,17,10,17,0.338,3,3,8,9,17,5,5,5,5,17,26,jonessp01
Vlatko Čančar,27,DEN,PF,13,0,136,10,26,4,15,6,11,0.462,0,0,6,26,32,9,3,2,11,10,24,cancavl01
N'Faly Dante,23,HOU,C,4,0,51,10,13,0,0,10,13,0.769,4,5,6,15,21,2,1,5,2,9,24,nfalyda01
Jazian Gortman,21,DAL,PG,16,0,57,9,23,4,11,5,12,0.478,2,4,1,4,5,6,2,1,5,9,24,gortmja01
Jae Crowder,34,SAC,PF,9,2,103,7,22,4,15,3,7,0.409,5,6,6,14,20,6,3,0,4,10,23,crowdja01
Mason Jones,26,SAC,SG,10,0,45,9,18,1,8,8,10,0.528,4,5,2,7,9,11,0,1,1,3,23,jonesma05
Jacob Toppin,24,TOT,SF,17,0,76,9,22,5,10,4,12,0.523,0,0,3,12,15,6,2,0,3,3,23,toppija01
Jackson Rowe,28,GSW,PF,6,0,52,8,17,3,10,5,7,0.559,3,6,3,8,11,4,4,0,1,4,22,roweja01
E.J. Liddell,24,CHI,PF,12,0,53,8,15,3,10,5,5,0.633,2,2,3,6,9,3,1,1,2,11,21,liddeej01
Leonard Miller,21,MIN,SF,13,0,32,6,15,0,5,6,10,0.4,8,8,3,8,11,0,2,1,2,2,20,millele01
Cam Christie,19,LAC,SG,13,0,59,7,24,2,13,5,11,0.333,2,4,3,9,12,6,5,1,2,4,18,chrisca02
Justin Minaya,25,POR,SF,19,0,101,8,21,2,10,6,11,0.429,0,2,5,5,10,7,6,1,5,12,18,minayju01
Jamaree Bouyea,25,MIL,PG,5,1,62,6,12,1,5,5,7,0.542,4,6,1,4,5,10,4,2,8,2,17,bouyeja01
David Duke Jr.,25,SAS,SG,6,0,34,6,14,3,6,3,8,0.536,1,2,1,4,5,4,1,0,2,1,16,dukeda01
Malachi Flynn,26,CHA,PG,4,0,44,5,13,1,4,4,9,0.423,5,6,3,4,7,7,3,0,4,4,16,flynnma01
Joe Ingles,37,MIN,SF,19,1,114,6,23,3,15,3,8,0.326,0,0,2,9,11,23,2,0,9,12,15,inglejo01
Bobi Klintman,21,DET,SF,8,0,42,6,10,2,5,4,5,0.7,1,2,1,6,7,7,2,1,1,8,15,klintbo01
Stanley Umude,25,MIL,SG,22,0,86,5,26,3,15,2,11,0.25,2,4,4,13,17,4,3,6,3,8,15,umudest01
Taylor Hendricks,21,UTA,PF,3,3,75,4,18,3,12,1,6,0.306,3,4,5,10,15,2,5,4,2,8,14,hendrta01
Jack McVeigh,28,HOU,PF,9,0,43,5,17,4,13,1,4,0.412,0,0,2,3,5,1,0,2,2,3,14,mcveija01
Tolu Smith,24,DET,PF,1,0,22,6,9,0,0,6,9,0.667,2,3,4,4,8,0,0,0,2,3,14,smithto05
Armel Traoré,22,LAL,SF,9,0,67,6,19,0,7,6,12,0.316,2,7,2,13,15,1,4,2,3,6,14,armeltr01
Isaiah Crawford,23,SAC,SF,15,0,46,5,11,1,5,4,6,0.5,2,4,1,7,8,1,1,2,1,2,13,crawfis01
Bryce McGowens,22,POR,SG,13,0,32,4,14,0,4,4,10,0.286,5,6,2,1,3,2,1,0,4,3,13,mcgowbr01
Luke Travers,23,CLE,SG,12,0,88,5,20,0,9,5,11,0.25,2,2,8,12,20,8,1,1,8,6,12,travelu01
Trentyn Flowers,19,LAC,SF,6,0,27,4,11,0,2,4,9,0.364,3,3,1,3,4,0,0,0,1,4,11,flowetr01
Jahmir Young,24,CHI,PG,6,0,30,4,5,1,2,3,3,0.9,2,2,1,2,3,6,0,0,1,2,11,youngja05
Emanuel Miller,24,CHI,PF,6,0,25,4,8,0,1,4,7,0.5,2,2,4,4,8,2,1,0,0,3,10,milleem01
Jalen Bridges,23,PHX,SF,8,0,30,2,7,2,7,0,0,0.429,3,4,0,4,4,0,0,0,4,0,9,bridgja01
Liam Robbins,25,MIL,C,13,0,57,2,8,0,2,2,6,0.25,5,10,7,5,12,2,2,2,6,9,9,robbili01
P.J. Tucker,39,NYK,SF,3,1,58,3,7,3,6,0,1,0.643,0,0,4,4,8,0,1,1,1,8,9,tuckepj01
James Johnson,37,IND,PF,12,0,37,4,11,0,3,4,8,0.364,0,1,0,6,6,4,0,2,4,5,8,johnsja01
Adama Sanogo,22,CHI,C,4,0,21,4,7,0,0,4,7,0.571,0,0,5,1,6,1,0,0,1,1,8,sanogad01
Anton Watson,24,NYK,SF,9,0,22,4,9,0,1,4,8,0.444,0,0,1,2,3,2,1,0,2,3,8,watsoan02
Phillip Wheeler,22,PHI,PF,5,0,44,3,21,0,10,3,11,0.143,2,2,2,6,8,2,1,2,1,1,8,wheelph02
PJ Dozier,28,MIN,SG,9,0,35,2,3,2,3,0,0,1,1,6,1,4,5,5,1,0,1,3,7,doziepj01
Daniss Jenkins,23,DET,PG,7,0,23,3,10,1,7,2,3,0.35,0,2,0,2,2,3,0,0,1,2,7,jenkida01
Miles Norris,24,BOS,PF,3,0,35,2,9,2,7,0,2,0.333,1,2,2,7,9,0,2,1,0,0,7,norrimi01
Kevin McCullar Jr.,23,NYK,SF,4,0,29,2,7,0,1,2,6,0.286,2,2,0,8,8,2,1,1,0,6,6,mcculke01
Isaiah Mobley,25,PHI,PF,1,0,17,2,7,1,3,1,4,0.357,1,2,1,3,4,5,1,1,0,3,6,mobleis01
Taze Moore,26,POR,SG,2,0,20,2,10,1,4,1,6,0.25,1,2,4,4,8,1,2,0,2,0,6,mooreta02
James Wiseman,23,IND,C,1,0,5,2,4,0,1,2,3,0.5,2,2,0,1,1,0,0,0,0,0,6,wisemja01
Ulrich Chomche,19,TOR,PF,7,0,32,2,5,0,0,2,5,0.4,1,2,4,4,8,2,0,1,2,5,5,chomcul01
Skal Labissière,28,SAC,PF,4,0,12,2,4,1,1,1,3,0.625,0,0,1,2,3,1,0,0,0,1,5,labissk01
Alondes Williams,25,DET,SG,1,0,4,2,2,1,1,1,1,1.25,0,0,0,0,0,1,0,0,0,0,5,willial06
Ron Harper Jr.,24,DET,SF,1,0,17,1,8,0,6,1,2,0.125,2,2,4,3,7,2,0,0,0,0,4,harpero02
Harrison Ingram,22,SAS,SF,5,0,35,2,4,0,1,2,3,0.5,0,0,2,7,9,3,3,0,1,2,4,ingraha01
D.J. Carton,24,TOR,SG,4,0,33,1,7,0,3,1,4,0.143,1,1,0,4,4,3,2,0,4,1,3,cartodj01
Cui Yongxi,21,BKN,SG,5,0,10,1,7,0,3,1,4,0.143,1,2,0,2,2,0,0,0,0,0,3,cuiyo01
Braxton Key,27,GSW,SF,3,0,11,0,4,0,1,0,3,0,3,6,1,1,2,0,2,0,1,0,3,keybr01
Tristen Newton,23,TOT,SG,8,0,16,1,8,0,3,1,5,0.125,1,1,2,2,4,2,1,0,2,4,3,newtotr01
Quincy Olivari,23,LAL,PG,2,0,10,1,5,1,5,0,0,0.3,0,0,0,0,0,1,0,0,1,0,3,olivaqu01
Yuri Collins,23,GSW,PG,2,0,16,1,3,0,0,1,3,0.333,0,0,2,1,3,4,2,0,0,5,2,colliyu01
Malevy Leons,25,OKC,SF,6,0,21,0,2,0,1,0,1,0,2,4,1,2,3,1,0,0,1,4,2,leonsma01
Daishen Nix,22,MIN,PG,3,0,13,0,1,0,1,0,0,0,1,2,0,4,4,3,0,0,4,1,1,nixda01
Terence Davis,27,SAC,SG,1,0,8,0,2,0,1,0,1,0,0,0,0,1,1,1,0,0,0,0,0,daviste02
Mac McClung,26,ORL,SG,2,0,10,0,2,0,1,0,1,0,0,0,0,1,1,3,0,0,0,2,0,mccluma01
Riley Minix,24,SAS,SF,1,0,7,0,1,0,1,0,0,0,0,0,0,2,2,0,0,0,0,0,0,minixri01
Zyon Pullin,23,MEM,SG,3,0,3,0,1,0,0,0,1,0,0,0,0,0,0,0,0,0,0,0,0,pullizy01
Isaiah Stevens,24,MIA,PG,3,0,6,0,2,0,1,0,1,0,0,0,0,2,2,0,1,0,0,0,0,steveis01
Terry Taylor,25,SAC,PF,3,0,6,0,1,0,0,0,1,0,0,0,1,0,1,2,0,0,0,0,0,taylote01
