Player,Age,Team,Pos,G,GS,MP,FG,FGA,3P,3PA,2P,2PA,eFG%,FT,FTA,ORB,DRB,TRB,AST,STL,BLK,TOV,PF,PTS,PlayerID
James Harden,30,HOU,SG,68,68,2483,672,1514,299,843,373,671,0.543,692,800,70,376,446,512,125,60,308,227,2335,hardeja01
Damian Lillard,29,POR,PG,66,66,2474,624,1349,270,674,354,675,0.563,460,518,33,251,284,530,70,22,194,114,1978,lillada01
Devin Booker,23,PHX,SG,70,70,2512,627,1283,141,398,486,885,0.544,468,509,29,268,297,456,49,18,264,213,1863,bookede01
Giannis Antetokounmpo,25,MIL,PF,63,63,1917,685,1238,89,293,596,945,0.589,398,629,140,716,856,354,61,66,230,195,1857,antetgi01
Trae Young,21,ATL,PG,60,60,2120,546,1249,205,568,341,681,0.519,481,559,32,223,255,560,65,8,289,104,1778,youngtr01
Luka Dončić,20,DAL,PG,61,61,2047,581,1255,171,541,410,714,0.531,426,562,78,495,573,538,62,14,260,153,1759,doncilu01
Bradley Beal,26,WAS,SG,57,57,2053,593,1303,170,481,423,822,0.52,385,457,52,190,242,347,71,23,194,126,1741,bealbr01
LeBron James,35,LAL,PG,67,67,2316,643,1303,148,425,495,878,0.55,264,381,66,459,525,684,78,36,261,118,1698,jamesle01
Donovan Mitchell,23,UTA,SG,69,69,2364,602,1342,173,473,429,869,0.513,278,322,53,251,304,294,70,14,184,172,1655,mitchdo01
Anthony Davis,26,LAL,PF,62,62,2131,551,1096,72,218,479,878,0.536,444,525,142,435,577,200,91,143,154,156,1618,davisan02
CJ McCollum,28,POR,SG,70,70,2556,611,1356,194,512,417,844,0.522,140,185,46,251,297,310,54,42,127,183,1556,mccolcj01
Russell Westbrook,31,HOU,PG,57,57,2049,604,1281,55,213,549,1068,0.493,290,380,100,351,451,401,93,20,255,200,1553,westbru01
Jayson Tatum,21,BOS,PF,66,66,2265,552,1226,189,469,363,757,0.527,254,313,64,396,460,200,93,57,155,136,1547,tatumja01
Kawhi Leonard,28,LAC,SF,57,57,1848,532,1133,123,325,409,808,0.524,356,402,54,348,402,280,103,33,149,113,1543,leonaka01
Zach LaVine,24,CHI,SF,60,60,2085,539,1199,184,484,355,715,0.526,268,334,41,248,289,254,88,28,206,131,1530,lavinza01
DeMar DeRozan,30,SAS,SF,68,68,2316,557,1049,9,35,548,1014,0.535,381,451,44,331,375,380,70,20,164,180,1504,derozde01
Brandon Ingram,22,NOP,PF,62,62,2104,507,1096,150,384,357,712,0.531,313,368,51,329,380,259,61,38,189,179,1477,ingrabr01
Nikola Jokić,24,DEN,C,73,73,2336,565,1071,80,255,485,816,0.565,246,301,166,545,711,512,85,44,226,222,1456,jokicni01
Tobias Harris,27,PHI,PF,72,72,2469,553,1173,131,357,422,816,0.527,174,216,69,426,495,227,53,40,104,165,1411,harrito02
Buddy Hield,27,SAC,SG,72,44,2216,498,1162,271,688,227,474,0.545,115,136,57,271,328,213,66,17,168,165,1382,hieldbu01
Pascal Siakam,25,TOR,PF,60,60,2110,500,1104,131,365,369,739,0.512,240,303,64,375,439,207,61,53,148,170,1371,siakapa01
Collin Sexton,21,CLE,PG,65,65,2143,513,1086,97,255,416,831,0.517,226,267,61,143,204,192,65,7,158,142,1349,sextoco01
Shai Gilgeous-Alexander,21,OKC,SG,70,70,2428,478,1015,87,251,391,764,0.514,288,357,47,365,412,232,79,47,134,117,1331,gilgesh01
T.J. Warren,26,IND,SF,67,67,2202,534,997,91,226,443,771,0.581,167,204,68,212,280,99,78,34,84,187,1326,warretj01
Spencer Dinwiddie,26,BKN,PG,64,49,1994,424,1021,123,400,301,621,0.476,347,446,32,189,221,432,40,21,174,180,1318,dinwisp01
Khris Middleton,28,MIL,SF,62,59,1853,471,947,147,354,324,593,0.575,208,227,44,338,382,265,53,7,137,142,1297,middlkh01
Bojan Bogdanović,30,UTA,SF,63,63,2083,418,935,189,457,229,478,0.548,250,277,39,220,259,131,34,7,159,110,1275,bogdabo02
Julius Randle,25,NYK,PF,64,64,2080,463,1006,64,231,399,775,0.492,258,352,151,471,622,198,51,22,193,178,1248,randlju01
Chris Paul,34,OKC,PG,70,70,2208,434,887,111,304,323,583,0.552,253,279,26,323,349,472,111,11,161,158,1232,paulch01
Dennis Schröder,26,OKC,PG,65,2,1999,453,965,125,325,328,640,0.534,198,236,19,217,236,262,45,14,166,146,1229,schrode01
Evan Fournier,27,ORL,SF,66,66,2076,434,929,173,434,261,495,0.56,180,220,18,153,171,209,71,15,125,161,1221,fournev01
Nikola Vučević,29,ORL,C,62,62,1998,493,1033,98,289,395,744,0.525,131,167,140,533,673,222,54,47,88,135,1215,vucevni01
Ja Morant,20,MEM,PG,67,67,2074,447,937,60,179,387,758,0.509,239,308,51,208,259,488,58,18,220,110,1193,moranja01
Lou Williams,33,LAC,PG,65,8,1864,391,936,111,315,280,621,0.477,292,339,31,170,201,365,43,12,182,80,1185,willilo02
Dillon Brooks,24,MEM,SG,73,73,2112,435,1068,147,411,288,657,0.476,164,203,68,175,243,150,63,27,124,278,1181,brookdi01
Andrew Wiggins,24,TOT,SF,54,54,1858,437,978,111,334,326,644,0.504,190,268,66,208,274,198,45,53,132,127,1175,wiggian01
Montrezl Harrell,26,LAC,C,63,2,1749,471,812,0,18,471,794,0.58,231,351,163,282,445,107,39,72,108,146,1173,harremo01
Joel Embiid,25,PHI,C,51,51,1506,382,801,57,172,325,629,0.512,351,435,141,452,593,152,45,65,159,174,1172,embiijo01
Jrue Holiday,29,NOP,SG,61,61,2117,458,1006,122,346,336,660,0.516,129,182,77,216,293,408,99,48,184,145,1167,holidjr01
Kristaps Porziņģis,24,DAL,C,57,57,1814,398,932,142,403,256,529,0.503,226,283,100,440,540,102,41,115,92,185,1164,porzikr01
Danilo Gallinari,31,OKC,PF,62,62,1834,358,817,178,439,180,378,0.547,266,298,34,288,322,119,42,5,76,75,1160,gallida01
Jaylen Brown,23,BOS,SG,57,57,1934,427,887,129,338,298,549,0.554,176,243,62,302,364,118,65,20,125,167,1159,brownja02
Jimmy Butler,30,MIA,SF,58,58,1959,345,758,29,119,316,639,0.474,438,525,106,280,386,350,103,32,127,81,1157,butleji01
Domantas Sabonis,23,IND,PF,62,62,2159,458,848,17,67,441,781,0.55,214,296,189,582,771,310,47,30,170,195,1147,sabondo01
Bam Adebayo,22,MIA,PF,72,72,2417,440,790,2,14,438,776,0.558,264,382,176,559,735,368,82,93,204,182,1146,adebaba01
Devonte' Graham,24,CHA,PG,63,53,2211,368,963,218,585,150,378,0.495,191,233,42,170,212,471,62,15,181,115,1145,grahade01
Kemba Walker,29,BOS,PG,56,56,1742,378,889,180,473,198,416,0.526,209,242,36,181,217,268,48,28,117,91,1145,walkeke02
Terry Rozier,25,CHA,PG,63,63,2164,398,941,172,423,226,518,0.514,166,190,50,226,276,259,61,10,141,126,1134,roziete01
Kyle Lowry,33,TOR,PG,58,58,2098,334,803,164,466,170,337,0.518,294,343,32,260,292,433,82,26,178,190,1126,lowryky01
Tim Hardaway Jr.,27,DAL,SG,71,58,2091,384,884,204,513,180,371,0.55,149,182,25,207,232,137,41,5,69,125,1121,hardati02
Jamal Murray,22,DEN,PG,59,59,1904,408,894,112,324,296,570,0.519,163,185,45,191,236,284,67,17,127,102,1091,murraja01
Jordan Clarkson,27,TOT,SG,71,2,1705,394,867,152,413,242,454,0.542,138,165,50,137,187,136,46,16,97,108,1078,clarkjo01
De'Aaron Fox,22,SAC,PG,51,49,1634,391,815,54,185,337,630,0.513,241,342,35,161,196,348,74,25,158,145,1077,foxde01
Harrison Barnes,27,SAC,PF,72,72,2482,365,793,102,268,263,525,0.525,214,267,77,278,355,159,43,12,88,93,1046,barneha02
Kelly Oubre Jr.,24,PHX,SF,56,55,1933,373,826,108,307,265,519,0.517,192,246,67,294,361,85,71,40,83,192,1046,oubreke01
Jonas Valančiūnas,27,MEM,C,70,70,1845,432,739,32,91,400,648,0.606,148,200,213,575,788,131,30,76,127,185,1044,valanjo01
Hassan Whiteside,30,POR,C,67,61,2008,436,702,4,7,432,695,0.624,164,239,258,647,905,78,26,196,120,196,1040,whiteha01
D'Angelo Russell,23,TOT,PG,45,45,1452,360,846,158,431,202,415,0.519,161,199,17,160,177,285,48,13,147,86,1039,russeda01
Paul George,29,LAC,SF,48,48,1419,343,782,157,381,186,401,0.539,190,217,24,248,272,185,68,20,125,113,1033,georgpa01
Marcus Morris,30,TOT,PF,62,62,1936,355,810,142,348,213,462,0.526,181,220,59,252,311,86,47,30,97,180,1033,morrima03
Rudy Gobert,27,UTA,C,68,68,2333,386,557,0,0,386,557,0.693,254,403,230,686,916,101,51,135,130,215,1026,goberru01
Kendrick Nunn,24,MIA,PG,67,67,1962,401,914,137,391,264,523,0.514,85,100,21,159,180,220,56,15,114,152,1024,nunnke01
Terrence Ross,28,ORL,SG,69,0,1889,341,846,177,504,164,342,0.508,157,184,13,209,222,82,77,24,70,109,1016,rosste01
Andre Drummond,26,TOT,C,57,56,1879,418,784,5,35,413,749,0.536,169,294,250,614,864,152,109,93,203,201,1010,drumman01
LaMarcus Aldridge,34,SAS,C,53,53,1754,391,793,61,157,330,636,0.532,158,191,103,289,392,129,36,87,74,128,1001,aldrila01
Joe Harris,28,BKN,SF,69,69,2123,381,784,172,406,209,378,0.596,64,89,64,234,298,144,41,17,104,159,998,harrijo01
Alec Burks,28,TOT,SF,66,19,1754,321,768,116,301,205,467,0.493,235,265,48,234,282,189,62,17,91,128,993,burksal01
Jaren Jackson Jr.,20,MEM,C,57,57,1622,353,753,145,368,208,385,0.565,139,186,55,207,262,78,40,92,99,232,990,jacksja02
Kevin Love,31,CLE,PF,56,56,1780,327,727,146,390,181,337,0.55,187,219,54,493,547,178,33,19,140,90,987,loveke01
Duncan Robinson,25,MIA,SG,73,68,2166,323,687,270,606,53,81,0.667,67,72,10,222,232,102,35,19,70,193,983,robindu01
Goran Dragić,33,MIA,PG,59,3,1663,319,724,124,338,195,386,0.526,191,246,29,158,187,301,40,10,144,124,953,dragigo01
Fred VanVleet,25,TOR,SG,54,54,1928,319,773,146,374,173,399,0.507,168,198,18,185,203,357,100,17,121,132,952,vanvlfr01
Ben Simmons,23,PHI,PG,57,57,2017,375,647,2,7,373,640,0.581,185,298,113,331,444,455,119,33,200,186,937,simmobe01
Karl-Anthony Towns,24,MIN,C,35,35,1187,316,622,114,277,202,345,0.6,180,226,95,283,378,153,33,42,110,117,926,townska01
Bogdan Bogdanović,27,SAC,SG,61,28,1766,337,766,164,441,173,325,0.547,86,116,26,181,207,207,64,15,102,133,924,bogdabo01
JJ Redick,35,NOP,SG,60,36,1581,286,631,180,397,106,234,0.596,165,185,10,141,151,119,20,10,75,96,917,redicjj01
Eric Bledsoe,30,MIL,PG,61,61,1646,334,703,74,215,260,488,0.528,169,214,43,239,282,328,57,26,148,128,911,bledser01
Gordon Hayward,29,BOS,SF,52,52,1740,350,700,85,222,265,478,0.561,124,145,55,293,348,212,38,22,96,96,909,haywago01
Derrick Rose,31,DET,PG,50,15,1298,369,753,45,147,324,606,0.52,121,139,27,94,121,278,40,16,126,49,904,rosede01
Carmelo Anthony,35,POR,PF,58,58,1902,336,782,87,226,249,556,0.485,136,161,71,297,368,85,49,27,100,171,895,anthoca01
Aaron Gordon,24,ORL,PF,62,62,2017,335,767,73,237,262,530,0.484,151,224,107,368,475,228,51,39,100,125,894,gordoaa01
Malcolm Brogdon,27,IND,PG,54,54,1666,326,744,75,230,251,514,0.489,166,186,46,216,262,381,35,10,131,98,893,brogdma01
John Collins,22,ATL,PF,41,41,1363,353,605,59,147,294,458,0.632,120,150,116,300,416,60,31,66,75,138,885,collijo01
Will Barton,29,DEN,SF,58,58,1916,332,738,108,288,224,450,0.523,102,133,76,289,365,212,61,29,88,121,874,bartowi01
Markelle Fultz,21,ORL,PG,72,60,1996,359,772,36,135,323,637,0.488,116,159,41,197,238,369,90,11,147,142,870,fultzma01
Robert Covington,29,TOT,C,70,68,2137,305,723,161,480,144,243,0.533,99,124,63,400,463,88,115,93,103,220,870,covinro01
Coby White,19,CHI,PG,65,1,1674,312,792,133,376,179,416,0.478,102,129,28,202,230,175,49,6,109,117,859,whiteco01
Jerami Grant,25,DEN,PF,71,24,1892,303,634,98,252,205,382,0.555,147,196,58,190,248,88,50,57,63,154,851,grantje01
Ricky Rubio,29,PHX,PG,65,65,2016,287,692,78,216,209,476,0.471,195,226,46,258,304,570,94,11,173,167,847,rubiori01
Serge Ibaka,30,TOR,C,55,27,1485,343,670,70,182,273,488,0.564,89,124,114,338,452,77,28,46,109,153,845,ibakase01
Miles Bridges,21,CHA,SF,65,64,1995,319,753,99,300,220,453,0.489,106,131,88,274,362,114,40,48,95,132,843,bridgmi02
Caris LeVert,25,BKN,SG,45,31,1330,311,732,80,220,231,512,0.48,140,197,49,140,189,199,53,10,118,81,842,leverca01
Eric Paschall,23,GSW,PF,60,26,1654,318,640,37,129,281,511,0.526,164,212,82,193,275,127,32,13,94,125,837,pascher01
Dāvis Bertāns,27,WAS,PF,54,4,1583,265,610,200,472,65,138,0.598,104,122,35,210,245,92,37,33,59,139,834,bertada01
Nemanja Bjelica,31,SAC,PF,72,67,2011,314,653,134,320,180,333,0.583,69,84,111,347,458,203,62,40,99,216,831,bjeline01
Norman Powell,26,TOR,SG,52,26,1479,296,598,109,273,187,325,0.586,129,153,26,164,190,91,60,21,77,108,830,powelno01
Brook Lopez,31,MIL,C,68,67,1817,292,671,102,325,190,346,0.511,127,152,58,254,312,99,46,163,70,163,813,lopezbr01
Christian Wood,24,DET,PF,62,12,1325,288,508,54,140,234,368,0.62,180,242,104,286,390,60,34,54,84,98,810,woodch01
RJ Barrett,19,NYK,SG,56,55,1704,292,727,63,197,229,530,0.445,156,254,50,229,279,143,55,17,124,122,803,barrerj01
Al Horford,33,PHI,C,67,61,2025,319,709,99,283,220,426,0.52,61,80,103,353,456,270,52,61,80,142,798,horfoal01
Seth Curry,29,DAL,SG,64,25,1576,284,574,145,321,139,253,0.621,80,97,27,118,145,124,38,9,62,113,793,curryse01
Kyle Kuzma,24,LAL,PF,61,9,1526,291,668,86,272,205,396,0.5,114,155,52,221,273,80,28,26,91,126,782,kuzmaky01
De'Andre Hunter,22,ATL,SF,63,62,2018,280,683,108,304,172,379,0.489,110,144,44,242,286,112,44,18,103,182,778,huntede01
Marcus Smart,25,BOS,SG,60,40,1919,256,682,137,395,119,287,0.476,127,152,42,183,225,291,101,29,103,162,776,smartma01
Jarrett Allen,21,BKN,C,70,64,1852,302,465,0,6,302,459,0.649,171,270,216,455,671,110,40,92,77,162,775,allenja01
Taurean Prince,25,BKN,PF,64,61,1857,278,739,146,431,132,308,0.475,71,89,50,331,381,116,57,25,127,159,773,princta02
Patty Mills,31,SAS,PG,66,1,1485,258,598,154,403,104,195,0.56,97,112,22,86,108,118,53,6,54,105,767,millspa02
Derrick White,25,SAS,SG,68,20,1677,253,552,79,216,174,336,0.53,180,211,35,188,223,241,44,59,89,152,765,whitede01
Josh Richardson,26,PHI,SG,55,53,1693,278,646,85,249,193,397,0.496,114,141,41,133,174,162,52,36,104,136,755,richajo01
Myles Turner,23,IND,C,62,62,1826,268,587,86,250,182,337,0.53,127,169,86,321,407,72,46,132,85,166,749,turnemy01
Lonzo Ball,22,NOP,PG,63,54,2025,277,687,148,395,129,292,0.511,43,76,71,312,383,438,88,38,193,128,745,balllo01
Tyler Herro,20,MIA,SG,55,8,1508,270,631,116,298,154,333,0.52,87,100,16,208,224,121,34,9,87,76,743,herroty01
Ish Smith,31,WAS,PG,68,23,1787,308,689,62,169,246,520,0.492,62,86,30,189,219,334,59,30,95,106,740,smithis01
Lauri Markkanen,22,CHI,PF,50,50,1492,251,591,109,317,142,274,0.517,126,153,60,253,313,74,42,23,81,96,737,markkla01
OG Anunoby,22,TOR,SF,69,68,2066,286,566,89,228,197,338,0.584,72,102,80,284,364,108,96,45,79,167,733,anunoog01
Darius Garland,20,CLE,SG,59,59,1824,280,699,105,296,175,403,0.476,63,72,27,84,111,229,42,4,151,92,728,garlada01
Glenn Robinson III,26,TOT,SF,62,52,1786,288,592,77,197,211,395,0.552,74,86,81,189,270,96,54,16,55,100,727,robingl02
Rudy Gay,33,SAS,PF,67,5,1461,266,596,74,220,192,376,0.508,120,136,61,301,362,114,35,33,88,103,726,gayru01
Dejounte Murray,23,SAS,PG,66,58,1687,294,637,41,111,253,526,0.494,91,114,69,314,383,271,111,17,125,143,720,murrade01
Cedi Osman,24,CLE,SF,65,65,1910,266,609,123,321,143,288,0.538,63,94,39,192,231,154,54,16,91,160,718,osmande01
Troy Brown Jr.,20,WAS,SF,69,22,1782,273,622,61,179,212,443,0.488,109,139,76,307,383,178,85,7,79,132,716,browntr01
Ben McLemore,26,HOU,SF,71,23,1619,242,545,181,452,61,93,0.61,50,67,21,136,157,58,45,16,50,155,715,mclembe01
Doug McDermott,28,IND,PF,69,0,1372,267,547,128,294,139,253,0.605,48,58,26,148,174,78,12,5,42,117,710,mcderdo01
P.J. Washington,21,CHA,PF,58,57,1759,268,589,86,230,182,359,0.528,88,136,58,258,316,123,51,44,93,158,710,washipj01
Bryn Forbes,26,SAS,SG,63,62,1579,242,581,148,381,94,200,0.544,75,90,12,114,126,108,33,0,57,113,707,forbebr01
Joe Ingles,32,UTA,PF,72,45,2137,246,553,141,353,105,200,0.572,74,94,27,251,278,373,65,11,142,154,707,inglejo01
Furkan Korkmaz,22,PHI,SG,72,12,1559,242,563,143,356,99,207,0.557,77,102,18,150,168,79,41,16,59,98,704,korkmfu01
Dario Šarić,25,PHX,PF,66,51,1632,256,538,84,235,172,303,0.554,108,128,100,306,406,123,37,16,88,156,704,saricda01
Brandon Clarke,23,MEM,PF,58,4,1300,296,479,23,64,273,415,0.642,85,112,92,253,345,81,32,48,55,100,700,clarkbr01
Deandre Ayton,21,PHX,C,38,32,1236,310,568,3,13,307,555,0.548,67,89,147,289,436,72,26,58,80,117,690,aytonde01
Steven Adams,26,OKC,C,63,63,1680,283,478,1,3,282,475,0.593,117,201,207,376,583,146,51,67,94,122,684,adamsst01
Kevin Huerter,21,ATL,SG,56,48,1760,252,610,127,334,125,276,0.517,53,64,35,193,228,213,51,27,87,139,684,huertke01
Tristan Thompson,28,CLE,C,57,51,1721,288,562,9,23,279,539,0.52,99,161,226,351,577,120,33,50,103,124,684,thomptr01
Jae Crowder,29,TOT,SF,65,53,1875,226,563,135,394,91,169,0.521,97,125,52,332,384,161,72,24,69,143,684,crowdja01
Dorian Finney-Smith,26,DAL,PF,71,68,2120,243,522,114,303,129,219,0.575,78,108,145,260,405,114,45,39,69,178,678,finnedo01
Langston Galloway,28,DET,SG,66,6,1702,236,542,132,331,104,211,0.557,73,85,33,116,149,101,48,11,40,96,677,gallola01
Mike Conley,32,UTA,PG,47,41,1363,232,567,96,256,136,311,0.494,115,139,33,118,151,208,36,5,92,104,675,conlemi01
Maxi Kleber,28,DAL,PF,74,21,1890,237,514,119,319,118,195,0.577,79,93,112,276,388,88,25,83,58,176,672,klebima01
Bobby Portis,24,NYK,PF,66,5,1393,265,589,67,187,198,402,0.507,71,93,80,258,338,98,32,18,73,110,668,portibo01
Mikal Bridges,23,PHX,SF,73,32,2042,247,484,70,194,177,290,0.583,103,122,66,226,292,129,102,46,73,163,667,bridgmi01
Danuel House Jr.,26,HOU,SF,63,52,1913,230,539,129,355,101,184,0.546,73,90,57,210,267,85,67,34,54,132,662,houseda01
Monte Morris,24,DEN,PG,73,12,1636,260,566,65,172,195,394,0.517,75,89,24,113,137,255,55,17,53,73,660,morrimo01
Thaddeus Young,31,CHI,PF,64,16,1591,269,601,79,222,190,379,0.513,42,72,94,221,315,117,92,23,102,134,659,youngth01
Josh Hart,24,NOP,SF,65,16,1755,225,532,121,354,104,178,0.537,85,115,61,364,425,108,63,23,75,160,656,hartjo01
Rui Hachimura,21,WAS,PF,48,48,1444,254,545,25,87,229,458,0.489,116,140,78,216,294,87,37,8,53,105,649,hachiru01
Kentavious Caldwell-Pope,26,LAL,SG,69,26,1762,237,507,92,239,145,268,0.558,79,102,38,104,142,111,57,14,62,128,645,caldwke01
Tomáš Satoranský,28,CHI,SG,65,64,1878,237,551,64,199,173,352,0.488,106,121,76,178,254,354,80,7,130,135,644,satorto01
Cody Zeller,27,CHA,C,58,39,1341,251,479,18,75,233,404,0.543,122,179,160,251,411,88,40,25,75,140,642,zelleco01
Garrett Temple,33,BKN,SG,62,35,1730,222,587,127,386,95,201,0.486,70,87,29,189,218,156,49,29,62,108,641,templga01
Jeff Teague,31,TOT,PG,59,17,1464,213,489,43,117,170,372,0.48,172,197,27,115,142,308,44,19,116,106,641,teaguje01
Aaron Holiday,23,IND,PG,66,33,1617,233,563,87,221,146,342,0.491,74,87,22,134,156,225,55,16,88,120,627,holidaa01
Damion Lee,27,GSW,SG,49,36,1423,213,511,85,239,128,272,0.5,110,126,32,207,239,133,50,6,67,116,621,leeda03
Malik Beasley,23,TOT,SG,55,14,1209,227,534,107,276,120,258,0.525,54,66,18,130,148,75,40,8,57,77,615,beaslma01
Donte DiVincenzo,23,MIL,SG,66,24,1520,232,510,83,247,149,263,0.536,63,86,66,252,318,154,85,20,90,113,610,divindo01
Cam Reddish,20,ATL,SF,58,34,1551,213,554,83,250,130,304,0.459,101,126,35,181,216,87,62,28,96,132,610,reddica01
Thomas Bryant,22,WAS,C,46,36,1147,243,418,37,91,206,327,0.626,86,116,98,233,331,83,25,49,53,103,609,bryanth01
Justin Holiday,30,IND,SF,73,6,1826,208,486,134,331,74,155,0.566,53,67,32,206,238,93,87,46,44,137,603,holidju01
Daniel Theis,27,BOS,C,65,64,1566,241,426,32,96,209,330,0.603,87,114,140,286,426,111,37,84,54,219,601,theisda01
D.J. Augustin,32,ORL,PG,57,13,1420,184,461,70,201,114,260,0.475,161,181,22,100,122,262,34,1,86,72,599,augusdj01
Kent Bazemore,30,TOT,SF,68,21,1688,200,534,84,244,116,290,0.453,113,147,27,267,294,93,74,40,91,196,597,bazemke01
Austin Rivers,27,HOU,SG,68,4,1594,211,501,96,270,115,231,0.517,78,111,27,148,175,113,49,10,50,129,596,riverau01
Ivica Zubac,22,LAC,C,72,70,1326,236,385,0,2,236,383,0.613,124,166,197,346,543,82,16,66,61,168,596,zubaciv01
Paul Millsap,34,DEN,PF,51,48,1240,211,438,54,124,157,314,0.543,115,141,98,195,293,83,44,30,70,150,591,millspa01
Mitchell Robinson,21,NYK,C,61,7,1412,253,341,0,0,253,341,0.742,84,148,186,242,428,36,52,119,37,194,590,robinmi01
Gary Harris,25,DEN,SG,56,55,1780,218,519,70,210,148,309,0.487,75,92,26,137,163,118,76,14,60,116,581,harriga01
Jarrett Culver,20,MIN,SG,63,35,1506,230,569,66,221,164,348,0.462,54,117,70,142,212,110,57,38,81,125,580,culveja01
Anfernee Simons,20,POR,SG,70,4,1449,214,536,75,226,139,310,0.469,76,92,25,127,152,97,26,10,61,135,579,simonan01
Shabazz Napier,28,TOT,PG,56,32,1344,188,456,76,240,112,216,0.496,126,153,26,132,158,262,69,11,128,101,578,napiesh01
Jeremy Lamb,27,IND,SG,46,42,1291,216,479,53,158,163,321,0.506,92,110,24,176,200,96,55,22,50,104,577,lambje01
Malik Monk,21,CHA,SG,55,1,1169,212,488,58,204,154,284,0.494,82,100,27,130,157,114,25,16,77,74,564,monkma01
Larry Nance Jr.,27,CLE,PF,56,10,1472,229,431,56,159,173,272,0.596,50,74,106,303,409,123,56,22,60,91,564,nancela02
Markieff Morris,30,TOT,PF,58,17,1187,203,458,88,228,115,230,0.539,66,85,40,178,218,77,31,17,76,133,560,morrima02
George Hill,33,MIL,PG,59,2,1271,194,376,81,176,113,200,0.624,85,101,50,127,177,180,47,5,57,84,554,hillge01
Kelly Olynyk,28,MIA,C,67,9,1300,184,398,95,234,89,164,0.582,86,100,44,261,305,116,45,23,71,173,549,olynyke01
Marquese Chriss,22,GSW,PF,59,21,1196,210,385,8,39,202,346,0.556,120,156,114,251,365,114,39,62,78,122,548,chrisma01
Kyrie Irving,27,BKN,PG,20,20,658,199,416,56,142,143,274,0.546,94,102,22,81,103,128,27,10,52,53,548,irvinky01
Danny Green,32,LAL,SG,68,68,1687,197,474,120,327,77,147,0.542,33,48,51,174,225,91,85,32,63,136,547,greenda02
Clint Capela,25,HOU,C,39,39,1279,244,388,0,0,244,388,0.629,55,104,168,369,537,48,33,72,63,102,543,capelca01
Terence Davis,22,TOR,SG,72,4,1209,199,436,94,242,105,194,0.564,51,59,50,187,237,115,39,14,76,124,543,daviste02
Gary Trent Jr.,21,POR,SF,61,8,1332,196,441,112,268,84,173,0.571,37,45,25,75,100,61,48,16,21,90,541,trentga02
Zion Williamson,19,NOP,PF,24,24,668,210,360,6,14,204,346,0.592,114,178,64,86,150,50,16,9,59,42,540,willizi01
Richaun Holmes,26,SAC,C,44,38,1242,223,344,0,0,223,344,0.648,93,118,127,231,358,42,41,56,52,169,539,holmeri01
Josh Okogie,21,MIN,SG,62,28,1547,170,398,41,154,129,244,0.479,152,191,87,181,268,99,68,26,87,139,533,okogijo01
Jabari Parker,24,TOT,PF,38,23,917,219,429,32,119,187,310,0.548,61,81,61,153,214,68,45,16,64,99,531,parkeja01
Eric Gordon,31,HOU,SF,36,15,1016,171,463,96,303,75,160,0.473,82,107,9,62,71,54,23,13,43,70,520,gordoer01
Bruce Brown,23,DET,PG,58,43,1634,198,447,33,96,165,351,0.48,88,119,61,213,274,230,63,29,100,162,517,brownbr01
Dwight Howard,34,LAL,C,69,2,1306,202,277,3,5,199,272,0.735,110,214,172,335,507,45,31,79,84,222,517,howardw01
Michael Porter Jr.,21,DEN,SF,55,8,903,195,383,62,147,133,236,0.59,60,72,66,193,259,46,27,25,49,100,512,portemi01
Cameron Johnson,23,PHX,PF,57,9,1255,176,405,106,272,70,133,0.565,46,57,49,138,187,69,36,20,32,88,504,johnsca02
Svi Mykhailiuk,22,DET,SF,56,27,1265,166,405,115,285,51,120,0.552,57,70,17,87,104,106,41,4,61,87,504,mykhasv01
Delon Wright,27,DAL,PG,73,5,1570,190,411,47,127,143,284,0.519,77,100,70,210,280,244,85,22,73,93,504,wrighde01
Jordan Poole,20,GSW,SG,57,14,1274,167,502,74,265,93,237,0.406,95,119,9,109,118,134,35,10,74,94,503,poolejo01
Derrick Jones Jr.,22,MIA,SF,59,16,1375,184,349,37,132,147,217,0.58,95,123,66,167,233,62,58,38,30,130,500,jonesde02
P.J. Tucker,34,HOU,PF,72,72,2467,177,426,107,299,70,127,0.541,39,48,112,364,476,115,77,36,72,229,500,tuckepj01
Kevin Porter Jr.,19,CLE,SF,50,3,1162,186,421,53,158,133,263,0.505,73,101,22,140,162,109,46,14,93,135,498,porteke02
Wesley Matthews,33,MIL,SG,67,67,1635,167,422,108,297,59,125,0.524,52,68,22,144,166,92,38,9,43,103,494,matthwe02
Landry Shamet,22,LAC,SG,53,30,1452,158,391,111,296,47,95,0.546,65,76,6,94,100,99,20,10,42,142,492,shamela01
Isaiah Thomas,30,WAS,PG,40,37,925,174,426,78,189,96,237,0.5,62,76,11,57,68,146,13,6,77,77,488,thomais02
Brad Wanamaker,30,BOS,PG,71,1,1369,162,362,37,102,125,260,0.499,126,136,22,122,144,179,61,14,76,133,487,wanambr01
Wendell Carter Jr.,20,CHI,C,43,43,1256,183,343,6,29,177,314,0.542,112,152,139,266,405,51,33,36,72,162,484,cartewe01
Tyus Jones,23,MEM,PG,65,6,1232,197,429,47,124,150,305,0.514,43,58,9,94,103,285,59,6,55,44,484,jonesty01
Aron Baynes,33,PHX,C,42,28,934,183,381,59,168,124,213,0.558,56,75,71,166,237,67,10,23,50,141,481,baynear01
Tony Snell,28,DET,SF,59,57,1641,170,382,102,254,68,128,0.579,32,32,9,102,111,127,32,15,31,101,474,snellto01
Jaxson Hayes,19,NOP,C,64,14,1080,174,259,1,4,173,255,0.674,123,190,97,162,259,56,26,55,53,161,472,hayesja02
Enes Freedom,27,BOS,C,58,7,983,199,348,1,7,198,341,0.573,70,99,163,268,431,56,22,41,56,100,469,kanteen01
Jalen Brunson,23,DAL,PG,57,16,1022,181,388,43,120,138,268,0.522,61,75,22,112,134,188,22,4,66,74,466,brunsja01
E'Twaun Moore,30,NOP,SG,56,6,1020,186,437,63,167,123,270,0.498,31,45,31,100,131,78,32,11,40,80,466,mooreet01
DeAndre Jordan,31,BKN,C,56,6,1234,191,287,0,0,191,287,0.666,83,122,141,420,561,105,18,52,74,114,465,jordade01
T.J. McConnell,27,IND,PG,71,3,1326,212,411,5,17,207,394,0.522,35,42,38,151,189,355,56,11,100,73,464,mccontj01
Gorgui Dieng,30,TOT,C,63,17,1096,166,364,54,152,112,212,0.53,78,101,91,263,354,73,51,59,60,124,464,dienggo01
Derrick Favors,28,NOP,C,51,49,1243,209,339,1,7,208,332,0.618,40,71,163,338,501,81,30,46,55,107,459,favorde01
Cory Joseph,28,SAC,PG,72,26,1759,171,412,56,159,115,253,0.483,60,70,44,144,188,251,53,21,80,133,458,josepco01
De'Anthony Melton,21,MEM,PG,60,8,1167,161,401,40,140,121,261,0.451,93,121,43,177,220,175,77,20,84,109,455,meltode01
James Ennis III,29,TOT,SG,69,18,1265,160,359,55,169,105,190,0.522,79,98,71,174,245,63,35,22,58,137,454,ennisja01
Jeff Green,33,TOT,C,48,4,960,159,344,62,183,97,161,0.552,73,91,24,109,133,50,26,19,42,89,453,greenje02
Royce O'Neale,26,UTA,SF,71,62,2049,158,365,92,244,66,121,0.559,42,55,27,362,389,180,59,32,61,202,450,onealro01
Nerlens Noel,25,OKC,C,61,7,1127,184,269,1,3,183,266,0.686,80,106,91,209,300,57,59,91,66,166,449,noelne01
Elfrid Payton,25,NYK,PG,45,36,1246,193,440,14,69,179,371,0.455,49,86,52,160,212,323,70,17,96,89,449,paytoel01
JaVale McGee,32,LAL,C,68,68,1130,195,306,3,6,192,300,0.642,53,82,125,265,390,37,36,94,55,159,446,mcgeeja01
Luke Kennard,23,DET,SG,28,25,922,151,342,73,183,78,159,0.548,67,75,9,89,98,115,12,6,43,65,442,kennalu01
Alex Len,26,TOT,C,55,12,970,177,319,16,59,161,260,0.58,68,105,100,221,321,50,23,48,55,127,438,lenal01
Mason Plumlee,29,DEN,C,61,1,1057,177,288,0,5,177,283,0.615,83,155,98,219,317,154,33,38,82,143,437,plumlma01
JaMychal Green,29,LAC,PF,63,1,1307,151,352,92,238,59,114,0.56,36,48,77,311,388,49,29,24,54,174,430,greenja01
Jordan McRae,28,TOT,SG,37,4,784,149,366,45,126,104,240,0.469,83,109,18,106,124,93,21,16,43,73,426,mcraejo01
Avery Bradley,29,LAL,SG,49,44,1186,170,383,63,173,107,210,0.526,20,24,18,97,115,63,43,5,47,110,423,bradlav01
Trevor Ariza,34,TOT,SF,53,21,1493,142,324,77,207,65,117,0.557,62,74,34,212,246,91,69,15,56,111,423,arizatr01
Kevin Knox,20,NYK,SF,65,4,1166,144,401,65,199,79,202,0.44,66,101,28,156,184,61,23,28,45,106,419,knoxke01
Rondae Hollis-Jefferson,25,TOR,PF,60,6,1122,155,329,3,23,152,306,0.476,105,143,110,173,283,106,46,23,59,115,418,holliro01
Ersan İlyasova,32,MIL,PF,63,8,986,146,313,50,137,96,176,0.546,72,87,62,240,302,49,24,17,34,95,414,ilyaser01
Chris Boucher,27,TOR,C,62,0,819,141,299,38,118,103,181,0.535,91,116,107,170,277,26,22,61,28,114,411,bouchch01
Mike Scott,31,PHI,PF,68,11,1207,149,350,80,217,69,133,0.54,30,37,65,183,248,56,21,5,26,96,408,scottmi01
Patrick Beverley,31,LAC,PG,51,50,1342,147,341,80,206,67,135,0.548,31,47,57,209,266,183,54,25,66,156,405,beverpa01
Jonathan Isaac,22,ORL,PF,34,32,980,156,332,32,94,124,238,0.518,60,77,58,173,231,48,53,78,49,83,404,isaacjo01
Trey Lyles,24,SAS,PF,63,53,1271,153,343,65,168,88,175,0.541,33,45,71,290,361,69,28,28,39,98,404,lylestr01
Nicolò Melli,29,NOP,C,60,8,1042,136,323,69,206,67,117,0.528,54,73,38,142,180,82,34,23,46,124,395,mellini01
Emmanuel Mudiay,23,UTA,PG,54,2,850,151,327,30,87,121,240,0.508,63,83,18,108,126,116,24,10,76,72,395,mudiaem01
Bismack Biyombo,27,CHA,C,53,29,1029,151,278,0,0,151,278,0.543,91,151,120,188,308,50,10,49,48,116,393,biyombi01
Moritz Wagner,22,WAS,C,45,5,835,145,266,25,80,120,186,0.592,78,95,56,163,219,56,28,19,66,152,393,wagnemo01
Georges Niang,26,UTA,PF,66,1,923,141,322,90,225,51,97,0.578,20,24,15,112,127,44,18,5,30,75,392,niangge01
Kyle Anderson,26,MEM,SF,67,28,1330,157,331,24,85,133,246,0.511,52,78,58,227,285,162,54,37,66,111,390,anderky01
Willie Cauley-Stein,26,TOT,C,54,39,1097,175,302,0,1,175,301,0.579,40,66,84,231,315,70,49,61,40,121,390,caulewi01
Lonnie Walker IV,21,SAS,SG,61,12,988,152,357,41,101,111,256,0.483,44,61,23,116,139,68,32,14,44,78,389,walkelo01
Kyle Korver,38,MIL,SF,58,1,960,126,293,99,237,27,56,0.599,35,41,15,107,122,68,26,12,48,78,386,korveky01
Taj Gibson,34,NYK,C,62,56,1025,167,286,4,14,163,272,0.591,41,56,111,156,267,52,27,30,47,122,379,gibsota01
Frank Kaminsky,26,PHX,C,39,13,777,138,307,41,124,97,183,0.516,61,90,35,141,176,75,14,10,37,75,378,kaminfr01
Shake Milton,23,PHI,SG,40,24,805,134,277,58,135,76,142,0.588,51,65,15,73,88,104,20,7,47,92,377,miltosh01
Dwight Powell,28,DAL,C,40,37,1061,146,229,10,39,136,190,0.659,74,111,75,152,227,59,34,22,36,102,376,poweldw01
Kris Dunn,25,CHI,PG,51,32,1269,152,342,29,112,123,230,0.487,40,54,23,163,186,173,101,17,68,158,373,dunnkr01
Jakob Poeltl,24,SAS,C,66,18,1171,166,266,0,0,166,266,0.624,40,86,131,244,375,116,37,95,54,126,372,poeltja01
Frank Jackson,21,NOP,PG,59,2,797,134,331,47,144,87,187,0.476,56,75,22,61,83,61,17,4,49,77,371,jacksfr01
Omari Spellman,22,GSW,C,49,3,886,127,295,43,110,84,185,0.503,73,92,77,142,219,47,33,24,54,63,370,spellom01
Reggie Jackson,29,TOT,PG,31,16,743,134,326,57,145,77,181,0.498,45,54,17,75,92,126,13,5,51,59,370,jacksre01
Timothé Luwawu-Cabarrot,24,BKN,SF,47,2,853,117,269,62,160,55,109,0.55,69,81,29,98,127,29,18,7,37,106,365,luwawti01
Marco Belinelli,33,SAS,SG,57,0,883,123,314,67,178,56,136,0.498,48,58,7,92,99,69,12,1,19,45,361,belinma01
Pat Connaughton,27,MIL,SG,67,4,1243,137,301,55,166,82,135,0.547,31,40,60,224,284,107,25,31,52,70,360,connapa01
Justin Jackson,24,DAL,PF,65,3,1045,135,341,48,163,87,178,0.466,42,50,27,127,154,52,15,10,14,69,360,jacksju01
Robin Lopez,31,MIL,C,66,5,958,147,299,35,105,112,194,0.55,28,53,56,105,161,45,10,45,63,96,357,lopezro01
Frank Ntilikina,21,NYK,PG,57,26,1187,131,333,44,137,87,196,0.459,51,59,23,98,121,172,54,16,71,142,357,ntilila01
Maurice Harkless,26,TOT,PF,62,48,1427,142,283,34,98,108,185,0.562,39,66,55,185,240,68,58,33,53,148,357,harklma01
Alex Caruso,25,LAL,PG,64,2,1175,120,291,40,120,80,171,0.481,69,94,17,106,123,124,70,18,53,98,349,carusal01
Draymond Green,29,GSW,PF,43,43,1222,123,316,36,129,87,187,0.446,63,83,23,243,266,266,59,33,98,110,345,greendr01
Abdel Nader,26,OKC,SF,55,6,867,123,263,48,128,75,135,0.559,51,66,14,86,100,38,23,20,43,78,345,naderab01
Marvin Williams,33,TOT,PF,58,1,1129,119,267,56,156,63,111,0.551,49,57,30,153,183,60,36,30,33,103,343,willima02
Darius Bazley,19,OKC,PF,61,9,1130,125,317,49,141,76,176,0.472,43,62,30,216,246,41,23,41,45,55,342,bazleda01
Rajon Rondo,33,LAL,PG,48,3,984,137,328,41,125,96,203,0.48,27,41,23,119,142,240,40,2,91,58,342,rondora01
Ky Bowman,22,GSW,PG,45,12,1015,134,321,33,107,101,214,0.469,34,41,24,97,121,131,44,10,70,102,335,bowmaky01
Mo Bamba,21,ORL,C,62,0,878,132,286,37,107,95,179,0.526,31,46,100,202,302,42,23,86,42,116,332,bambamo01
Marc Gasol,35,TOR,C,44,43,1161,119,279,57,148,62,131,0.529,36,49,31,244,275,147,34,38,59,124,331,gasolma01
Grayson Allen,24,MEM,SG,38,0,718,117,251,57,141,60,110,0.58,39,45,8,77,85,52,10,2,33,53,330,allengr01
Isaac Bonga,20,WAS,SF,66,49,1250,118,234,25,71,93,163,0.558,69,85,71,151,222,76,45,22,58,156,330,bongais01
Michael Carter-Williams,28,ORL,SG,45,0,833,111,260,22,75,89,185,0.469,79,95,46,101,147,109,49,22,52,87,323,cartemi01
Solomon Hill,28,TOT,PF,59,4,1088,110,278,63,171,47,107,0.509,40,54,29,136,165,104,43,12,51,85,323,hillso01
Damyean Dotson,25,NYK,SG,48,0,836,120,290,59,163,61,127,0.516,22,33,10,81,91,57,23,4,21,44,321,dotsoda01
Jerome Robinson,22,TOT,SG,63,6,979,115,310,49,153,66,157,0.45,40,57,13,116,129,87,28,17,49,112,319,robinje01
Hamidou Diallo,21,OKC,SF,46,3,896,132,296,16,57,116,239,0.473,38,63,44,123,167,36,37,9,51,101,318,diallha01
Harry Giles,21,SAC,C,46,17,667,139,251,0,2,139,249,0.554,38,49,43,145,188,60,22,18,44,119,316,gilesha01
Torrey Craig,29,DEN,SF,58,27,1072,124,269,45,138,79,131,0.545,22,36,63,126,189,47,23,36,25,135,315,craigto01
Meyers Leonard,27,MIA,C,51,49,1034,119,234,53,128,66,106,0.622,18,28,30,230,260,55,14,15,39,107,309,leoname01
Damian Jones,24,ATL,C,55,27,887,121,178,2,9,119,169,0.685,62,84,74,132,206,35,26,40,28,149,306,jonesda03
Matisse Thybulle,22,PHI,SG,65,14,1287,112,265,56,157,56,108,0.528,25,41,44,63,107,79,94,47,51,141,305,thybuma01
Wes Iwundu,25,ORL,SF,52,21,953,97,233,28,82,69,151,0.476,78,97,24,107,131,60,25,13,26,80,300,iwundwe01
Vince Carter,43,ATL,PF,60,0,876,107,304,61,202,46,102,0.452,23,29,18,106,124,48,23,25,33,90,298,cartevi01
Patrick Patterson,30,LAC,PF,59,18,776,95,233,67,172,28,61,0.552,35,43,35,116,151,41,7,3,21,54,292,pattepa01
Boban Marjanović,31,DAL,C,44,5,422,121,211,4,17,117,194,0.583,43,57,66,131,197,20,8,10,30,56,289,marjabo01
Keita Bates-Diop,24,TOT,SF,44,0,744,100,234,34,103,66,131,0.5,54,75,25,102,127,30,19,24,17,43,288,bateske01
Juancho Hernangómez,24,TOT,PF,48,14,833,100,247,44,129,56,118,0.494,44,71,43,154,197,40,19,9,32,64,288,hernaju01
Jevon Carter,24,PHX,PG,58,2,945,101,243,62,146,39,97,0.543,23,27,30,88,118,84,47,17,32,86,287,carteje01
Tony Bradley,22,UTA,C,58,3,663,126,189,3,3,123,186,0.675,30,46,111,156,267,23,14,33,30,115,285,bradlto01
Ian Mahinmi,33,WAS,C,38,35,808,104,210,5,26,99,184,0.507,70,113,78,140,218,49,31,44,45,114,283,mahinia01
Thon Maker,22,DET,C,60,14,776,93,193,22,64,71,129,0.539,73,110,54,113,167,43,25,39,45,102,281,makerth01
Blake Griffin,30,DET,PF,18,18,512,88,250,27,111,61,139,0.406,76,98,17,67,84,59,7,7,40,27,279,griffbl01
Raul Neto,27,PHI,PG,54,3,668,101,222,34,88,67,134,0.532,39,47,11,50,61,95,24,6,47,50,275,netora01
Victor Oladipo,27,IND,SG,19,16,528,97,246,33,104,64,142,0.461,48,59,9,66,75,56,17,4,47,36,275,oladivi01
Tyler Johnson,27,TOT,SG,39,7,709,97,250,38,119,59,131,0.464,42,50,18,58,76,74,16,9,29,58,274,johnsty01
James Johnson,32,TOT,PF,32,1,619,103,215,33,91,70,124,0.556,31,48,25,93,118,74,25,32,48,80,270,johnsja01
Naz Reid,20,MIN,C,30,11,495,100,243,32,97,68,146,0.477,37,53,34,90,124,35,19,22,22,83,269,reidna01
Nickeil Alexander-Walker,21,NOP,SG,47,1,591,98,266,46,133,52,133,0.455,25,37,9,75,84,89,17,8,54,57,267,alexani01
Sterling Brown,24,MIL,SF,52,1,767,95,256,44,136,51,120,0.457,32,40,31,152,183,51,29,7,42,54,266,brownst02
Ryan Arcidiacono,25,CHI,PG,58,4,930,90,220,54,138,36,82,0.532,27,38,20,90,110,96,27,3,37,96,261,arcidry01
Mario Hezonja,24,POR,PF,53,4,871,92,218,24,78,68,140,0.477,48,59,30,154,184,50,36,9,42,107,256,hezonma01
Dewayne Dedmon,30,TOT,C,44,18,774,102,255,22,107,80,148,0.443,30,36,60,189,249,22,25,41,57,133,256,dedmode01
DeAndre' Bembry,25,ATL,SG,43,4,915,104,228,15,65,89,163,0.489,26,48,34,118,152,81,55,19,60,84,249,bembrde01
Denzel Valentine,26,CHI,SF,36,5,488,97,237,46,137,51,100,0.506,6,8,9,65,74,43,26,6,26,51,246,valende01
Luguentz Dort,20,OKC,SF,36,28,820,86,218,30,101,56,117,0.463,42,53,24,57,81,27,31,4,22,97,244,dortlu01
Sekou Doumbouya,19,DET,PF,38,19,754,92,236,28,98,64,138,0.449,31,46,20,98,118,19,20,8,35,80,243,doumbse01
Jahlil Okafor,24,NOP,C,30,9,467,101,162,1,3,100,159,0.627,40,62,48,79,127,37,7,22,38,67,243,okafoja01
Treveon Graham,26,TOT,SF,55,20,929,87,242,33,120,54,122,0.428,36,56,51,99,150,45,24,6,29,102,243,grahatr01
Trey Burke,27,TOT,PG,33,1,520,94,209,32,75,62,134,0.526,23,29,16,34,50,83,16,2,21,33,243,burketr01
Bruno Fernando,21,ATL,C,56,13,713,103,199,5,37,98,162,0.53,29,51,67,131,198,49,18,17,42,107,240,fernabr01
Cody Martin,24,CHA,SF,48,3,903,89,207,18,77,71,130,0.473,42,65,38,120,158,95,39,9,44,78,238,martico01
Grant Williams,21,BOS,PF,69,5,1043,87,211,24,96,63,115,0.469,39,54,59,119,178,68,30,36,50,163,237,willigr01
Semi Ojeleye,25,BOS,PF,69,6,1011,80,196,48,127,32,69,0.531,28,32,26,119,145,37,21,5,19,80,236,ojelese01
Reggie Bullock,28,NYK,SG,29,19,684,90,224,37,111,53,113,0.484,17,21,13,55,68,42,25,3,19,56,234,bullore01
Rodney Hood,27,POR,SF,21,21,619,87,172,35,71,52,101,0.608,21,27,10,62,72,32,17,4,19,46,230,hoodro01
Jordan McLaughlin,23,MIN,PG,30,2,590,87,178,29,76,58,102,0.57,26,39,7,42,49,125,34,4,31,31,229,mclaujo01
Mike Muscala,28,OKC,C,47,2,572,77,189,54,143,23,46,0.55,18,22,16,92,108,40,9,12,17,58,226,muscami01
Dwayne Bacon,24,CHA,SG,39,11,687,85,244,19,67,66,177,0.387,35,53,15,85,100,52,23,2,37,52,224,bacondw01
Quinn Cook,26,LAL,PG,44,1,508,91,214,31,85,60,129,0.498,11,14,11,40,51,49,12,2,33,27,224,cookqu01
J.J. Barea,35,DAL,PG,29,6,450,85,207,32,85,53,122,0.488,20,22,10,43,53,112,5,2,38,27,222,bareajo01
John Henson,29,TOT,C,40,8,600,95,171,8,36,87,135,0.579,23,46,46,116,162,54,24,42,36,78,221,hensojo01
Terrance Ferguson,21,OKC,SF,56,38,1257,78,220,49,168,29,52,0.466,15,20,23,51,74,51,27,17,31,155,220,fergute01
Daniel Gafford,21,CHI,C,43,7,609,94,134,0,0,94,134,0.701,32,60,52,54,106,21,13,56,29,98,220,gaffoda01
Cheick Diallo,23,PHX,C,47,2,479,92,142,1,3,91,139,0.651,34,39,30,101,131,22,11,12,32,55,219,diallch01
Elie Okobo,22,PHX,PG,55,3,719,72,181,25,71,47,110,0.467,50,71,16,74,90,115,24,4,38,54,219,okoboel01
Yogi Ferrell,26,SAC,PG,50,0,530,79,188,24,79,55,109,0.484,36,42,6,43,49,69,18,4,28,38,218,ferreyo01
Chandler Hutchison,23,CHI,SF,28,10,527,80,175,12,38,68,137,0.491,46,78,18,90,108,26,27,7,27,47,218,hutchch01
Luke Kornet,24,CHI,C,36,14,559,82,187,31,108,51,79,0.521,20,28,22,62,84,32,11,26,14,54,215,kornelu01
Rodions Kurucs,21,BKN,PF,47,9,684,79,177,33,90,46,87,0.54,24,38,25,112,137,51,25,5,46,90,215,kurucro01
Khem Birch,27,ORL,C,48,24,922,73,143,0,1,73,142,0.51,66,101,91,129,220,50,20,23,31,91,212,birchkh01
Jake Layman,25,MIN,SF,23,2,505,81,179,24,72,57,107,0.52,24,32,17,40,57,15,17,10,24,47,210,laymaja01
Shaquille Harrison,26,CHI,SG,43,10,484,77,165,16,42,61,123,0.515,39,50,22,64,86,49,34,19,19,55,209,harrish01
Brandon Goodwin,24,ATL,PG,34,1,430,76,190,26,87,50,103,0.468,28,30,11,61,72,51,12,4,29,43,206,goodwbr01
Wilson Chandler,32,BKN,PF,35,3,734,74,183,37,121,37,62,0.505,20,23,11,134,145,39,16,12,34,79,205,chandwi01
Matt Thomas,25,TOR,SG,41,1,440,73,150,47,99,26,51,0.643,9,12,9,52,61,22,10,1,16,38,202,thomama02
Troy Daniels,28,TOT,SG,47,0,532,72,186,46,132,26,54,0.511,10,16,12,40,52,17,11,3,12,37,200,danietr01
Anthony Tolliver,34,TOT,PF,55,13,872,65,182,49,145,16,37,0.492,21,29,34,120,154,42,19,11,34,74,200,tollian01
Josh Jackson,22,MEM,SF,22,0,381,70,159,23,72,47,87,0.513,35,50,11,55,66,35,18,9,28,40,198,jacksjo02
Kelan Martin,24,MIN,SF,31,4,495,71,181,25,96,46,85,0.461,30,31,12,84,96,23,7,9,20,51,197,martike03
Džanan Musa,20,BKN,SF,40,0,487,64,172,19,78,45,94,0.427,45,60,21,65,86,43,15,1,36,30,192,musadz01
Willy Hernangómez,25,CHA,C,31,0,375,74,139,5,22,69,117,0.55,37,59,43,91,134,29,10,7,30,32,190,hernawi01
Skal Labissière,23,POR,C,33,1,567,81,147,3,13,78,134,0.561,25,33,65,104,169,42,7,31,30,89,190,labissk01
Rodney McGruder,28,LAC,SG,56,4,871,72,181,24,89,48,92,0.464,19,34,29,122,151,36,26,8,24,74,187,mcgruro01
Dennis Smith Jr.,22,NYK,PG,34,3,537,72,211,16,54,56,157,0.379,27,53,21,57,78,98,28,8,58,65,187,smithde03
Marvin Bagley III,20,SAC,C,13,6,334,78,167,4,22,74,145,0.479,25,31,29,68,97,10,6,12,18,43,185,baglema01
Wayne Ellington,32,NYK,SG,36,1,558,61,174,50,143,11,31,0.494,11,13,4,61,65,44,13,4,18,41,183,ellinwa01
Brandon Knight,28,TOT,SG,25,3,462,59,167,45,131,14,36,0.488,20,34,4,37,41,69,10,3,38,40,183,knighbr03
Alfonzo McKinnie,27,CLE,SF,40,1,593,73,171,14,65,59,106,0.468,22,31,37,76,113,14,23,8,26,72,182,mckinal01
Matthew Dellavedova,29,CLE,PG,57,4,821,62,175,21,91,41,84,0.414,32,37,18,57,75,180,20,2,59,78,177,dellama01
Marko Gudurić,24,MEM,SG,44,0,484,62,157,25,83,37,74,0.475,24,26,14,59,73,45,12,8,36,34,173,gudurma01
Goga Bitadze,20,IND,C,54,2,471,70,150,8,42,62,108,0.493,24,33,25,81,106,23,10,37,28,65,172,bitadgo01
Nassir Little,19,POR,PF,48,5,573,65,151,14,59,51,92,0.477,28,44,31,77,108,22,13,14,15,72,172,littlna01
Allen Crabbe,27,TOT,SF,37,1,653,63,177,36,119,27,58,0.458,10,14,11,66,77,33,15,4,17,47,172,crabbal01
Patrick McCaw,24,TOR,SF,37,12,908,67,162,23,71,44,91,0.485,13,18,19,67,86,79,39,4,29,60,170,mccawpa01
PJ Dozier,23,DEN,SG,29,0,412,65,157,17,49,48,108,0.468,21,29,10,45,55,63,14,6,27,45,168,doziepj01
Otto Porter Jr.,26,CHI,SF,14,9,331,62,140,24,62,38,78,0.529,19,27,13,35,48,25,15,6,11,31,167,porteot01
Javonte Green,26,BOS,SG,48,2,468,63,126,9,33,54,93,0.536,28,42,24,69,93,26,24,8,23,43,163,greenja02
Chris Clemons,22,HOU,SG,33,0,291,57,142,37,107,20,35,0.532,10,11,4,26,30,27,9,6,19,26,161,clemoch01
Danté Exum,24,TOT,SG,35,1,485,56,119,15,43,41,76,0.534,32,43,12,55,67,40,13,8,31,38,159,exumda01
Anžejs Pasečņiks,24,WAS,C,27,0,437,61,116,0,3,61,113,0.526,34,58,42,65,107,18,9,12,24,75,156,pasecan01
JaKarr Sampson,26,IND,PF,34,12,471,68,115,2,13,66,102,0.6,18,27,20,68,88,21,16,12,15,64,156,sampsja02
Gary Clark,25,TOT,PF,42,5,567,54,133,39,111,15,22,0.553,9,10,37,73,110,17,6,22,10,46,156,clarkga01
Allonzo Trier,24,NYK,SG,24,1,291,51,106,19,53,32,53,0.571,34,43,6,23,29,28,3,4,22,29,155,trieral01
Keldon Johnson,20,SAS,SF,17,1,301,53,89,13,22,40,67,0.669,35,44,10,47,57,15,14,2,13,28,154,johnske04
Edmond Sumner,24,IND,SG,31,3,447,61,142,14,53,47,89,0.479,16,29,11,35,46,55,15,9,22,44,152,sumneed01
Robert Williams,22,BOS,C,29,1,388,64,88,0,0,64,88,0.727,22,34,40,88,128,27,22,35,21,51,150,williro04
Chris Chiozza,24,TOT,PG,28,2,401,55,140,27,72,28,68,0.489,5,5,9,44,53,83,21,4,32,37,142,chiozch01
Jusuf Nurkić,25,POR,C,8,8,253,54,109,2,10,52,99,0.505,31,35,23,59,82,32,11,16,19,39,141,nurkiju01
Kenrich Williams,25,NOP,PF,39,18,832,51,147,25,97,26,50,0.432,9,26,51,135,186,57,27,21,22,88,136,willike04
Chris Silva,23,MIA,PF,44,0,346,48,78,0,3,48,75,0.615,37,55,60,66,126,23,9,21,32,85,133,silvach01
D.J. Wilson,23,MIL,PF,37,1,363,52,132,18,73,34,59,0.462,11,18,12,80,92,25,3,5,19,33,133,wilsodj01
Noah Vonleh,24,TOT,C,36,1,377,52,92,3,15,49,77,0.582,25,32,37,87,124,28,11,6,21,40,132,vonleno01
Jacob Evans,22,TOT,SG,29,1,418,45,134,13,39,32,95,0.384,25,29,9,32,41,31,11,12,25,41,128,evansja02
Justise Winslow,23,MIA,SG,11,5,352,50,129,6,27,44,102,0.411,18,27,16,57,73,44,7,5,24,38,124,winslju01
Carsen Edwards,21,BOS,SG,37,0,351,42,128,24,76,18,52,0.422,13,19,6,41,47,24,12,4,15,34,121,edwarca01
Theo Pinson,24,BKN,SG,33,0,365,45,155,15,80,30,75,0.339,15,16,10,44,54,56,17,4,33,35,120,pinsoth01
Gary Payton II,27,WAS,SF,29,17,432,48,116,13,46,35,70,0.47,4,8,26,54,80,48,33,7,20,54,113,paytoga02
Caleb Martin,24,CHA,SF,18,1,317,37,84,20,37,17,47,0.56,17,21,10,28,38,23,12,7,15,32,111,martica02
Dion Waiters,28,TOT,SG,10,0,207,41,99,15,47,26,52,0.49,14,17,2,22,24,20,4,6,16,21,111,waitedi01
Drew Eubanks,22,SAS,C,22,3,272,43,67,1,1,42,66,0.649,20,26,28,57,85,15,5,17,21,37,107,eubandr01
Isaiah Hartenstein,21,HOU,C,23,2,266,44,67,0,5,44,62,0.657,19,28,29,61,90,18,9,12,16,41,107,harteis01
Courtney Lee,34,DAL,SG,24,9,345,40,82,21,47,19,35,0.616,6,7,7,25,32,12,18,6,11,33,107,leeco01
Dragan Bender,22,TOT,C,16,3,286,41,92,15,43,26,49,0.527,10,14,16,57,73,28,4,9,21,42,107,bendedr01
Deonte Burton,26,OKC,SF,39,0,356,43,125,10,53,33,72,0.384,8,14,7,50,57,17,7,10,19,34,104,burtode02
Stephen Curry,31,GSW,PG,5,5,139,33,82,12,49,21,33,0.476,26,26,4,22,26,33,5,2,16,11,104,curryst01
David Nwaba,27,BKN,SF,20,0,268,37,71,12,28,25,43,0.606,18,27,8,37,45,8,11,12,8,32,104,nwabada01
Ty Jerome,22,PHX,SG,31,0,328,38,113,14,50,24,63,0.398,12,16,7,39,46,44,15,3,18,29,102,jeromty01
Kyle O'Quinn,29,PHI,C,29,2,313,42,85,7,27,35,58,0.535,11,20,34,82,116,51,7,24,20,37,102,oquinky01
Terance Mann,23,LAC,SF,41,6,362,37,79,7,20,30,59,0.513,18,27,10,45,55,53,11,5,18,46,99,mannte01
Admiral Schofield,22,WAS,PF,33,2,368,35,92,19,61,16,31,0.484,10,15,7,40,47,15,8,4,7,50,99,schofad01
Garrison Mathews,23,WAS,SG,18,0,227,24,56,19,46,5,10,0.598,31,34,6,18,24,10,8,1,8,32,98,mathega01
Tim Frazier,29,DET,PG,27,11,355,34,94,10,30,24,64,0.415,19,24,9,24,33,93,14,4,36,42,97,fraziti01
Andre Iguodala,36,MIA,SF,21,0,418,38,88,14,47,24,41,0.511,6,15,17,61,78,51,14,21,26,35,96,iguodan01
Ante Žižić,23,CLE,C,22,0,221,41,72,0,0,41,72,0.569,14,19,18,48,66,6,7,5,10,27,96,zizican01
Jordan Bell,25,TOT,C,29,0,256,35,67,4,12,31,55,0.552,19,31,30,51,81,16,3,10,21,19,93,belljo01
Thabo Sefolosha,35,HOU,PF,41,0,436,37,91,15,54,22,37,0.489,3,8,21,72,93,25,24,12,15,43,92,sefolth01
Bruno Caboclo,24,TOT,C,30,0,244,38,89,6,33,32,56,0.461,8,9,23,37,60,12,15,17,13,31,90,cabocbr01
Justin James,23,SAC,SF,36,0,232,35,84,9,29,26,55,0.47,10,21,6,26,32,18,6,9,8,17,89,jamesju01
Jalen McDaniels,22,CHA,SF,16,0,293,33,70,9,24,24,46,0.536,14,17,15,50,65,13,8,3,11,36,89,mcdanja01
Cameron Payne,25,PHX,SG,8,0,183,33,68,15,29,18,39,0.596,6,7,4,27,31,24,8,2,11,20,87,payneca01
DeMarre Carroll,33,TOT,C,24,0,290,25,66,8,33,17,33,0.439,29,42,12,43,55,25,8,5,17,32,87,carrode01
Cristiano Felício,27,CHI,C,22,0,386,34,54,0,2,34,52,0.63,18,23,55,47,102,16,10,2,18,34,86,feliccr01
T.J. Leaf,22,IND,PF,28,1,222,36,86,5,18,31,68,0.448,7,16,23,48,71,9,10,4,8,22,84,leaftj01
Nicolas Batum,31,CHA,SF,22,3,505,28,81,14,49,14,32,0.432,9,10,25,75,100,66,17,8,22,41,79,batumni01
Romeo Langford,20,BOS,SG,32,2,370,28,80,5,27,23,53,0.381,18,25,15,26,41,13,8,8,11,33,79,langfro01
Al-Farouq Aminu,29,ORL,PF,18,2,380,25,86,9,36,16,50,0.343,19,29,24,63,87,21,18,8,17,27,78,aminual01
Zach Collins,22,POR,PF,11,11,290,32,68,7,19,25,49,0.522,6,8,25,44,69,16,5,5,14,36,77,colliza01
Mychal Mulder,25,GSW,SF,7,3,204,26,67,16,52,10,15,0.507,9,12,3,20,23,8,2,1,5,20,77,muldemy01
Ryan Broekhoff,29,DAL,SF,17,1,180,22,59,20,51,2,8,0.542,7,8,5,38,43,11,5,4,6,15,71,broekry01
Juan Toscano-Anderson,26,GSW,SG,13,6,272,29,63,8,23,21,40,0.524,3,5,9,43,52,26,13,5,16,30,69,toscaju01
Jared Dudley,34,LAL,PF,45,1,364,24,60,18,42,6,18,0.55,2,2,6,46,52,28,15,3,8,41,68,dudleja01
Kevon Looney,23,GSW,C,20,4,262,29,79,1,14,28,65,0.373,9,12,28,38,66,20,12,6,12,34,68,looneke01
Nic Claxton,20,BKN,C,15,0,187,27,48,1,7,26,41,0.573,11,21,19,25,44,16,1,8,9,14,66,claxtni01
Caleb Swanigan,22,TOT,PF,27,1,288,28,47,0,2,28,45,0.596,9,17,27,73,100,31,3,7,37,62,65,swanica01
Jeremiah Martin,23,BKN,PG,9,0,99,24,53,5,18,19,35,0.5,11,14,1,9,10,18,7,2,4,7,64,martije02
C.J. Miles,32,WAS,SF,10,0,161,19,59,11,35,8,24,0.415,15,20,4,8,12,12,10,4,4,14,64,milescj01
Wenyen Gabriel,22,TOT,PF,30,1,235,21,48,6,20,15,28,0.5,15,22,21,31,52,8,11,7,16,39,63,gabriwe01
Frank Mason III,25,MIL,PG,9,0,118,23,51,6,21,17,30,0.51,10,17,5,14,19,29,5,1,11,11,62,masonfr01
Rayjon Tucker,22,UTA,SG,20,0,161,20,43,3,17,17,26,0.5,19,23,3,17,20,5,1,1,8,10,62,tuckera01
Evan Turner,31,ATL,SG,19,0,251,25,67,0,5,25,62,0.373,12,14,8,30,38,38,9,8,26,20,62,turneev01
Stanley Johnson,23,TOR,PF,25,0,150,22,59,7,24,15,35,0.432,9,16,7,30,37,20,6,4,15,16,60,johnsst04
Michael Kidd-Gilchrist,26,TOT,PF,25,0,281,22,66,5,20,17,46,0.371,11,14,14,53,67,14,2,6,16,37,60,kiddgmi01
Alen Smailagić,19,GSW,C,14,0,139,20,40,3,13,17,27,0.538,16,19,10,17,27,13,3,4,11,14,59,smailal01
Amir Coffey,22,LAC,SG,18,1,159,23,54,6,19,17,35,0.481,6,11,4,12,16,14,5,2,8,20,58,coffeam01
Chimezie Metu,22,SAS,C,18,0,105,24,42,0,2,24,40,0.571,10,13,12,21,33,10,3,6,10,7,58,metuch01
Jaylen Nowell,20,MIN,SG,15,0,151,19,53,3,26,16,27,0.387,16,17,3,10,13,19,3,1,3,11,57,nowelja01
Norvel Pelle,26,PHI,C,24,0,232,25,48,0,1,25,47,0.521,7,14,20,52,72,8,3,31,18,55,57,pelleno01
Thanasis Antetokounmpo,27,MIL,SF,20,2,129,24,48,0,10,24,38,0.5,7,17,12,12,24,15,7,2,12,18,55,antetth01
John Konchar,23,MEM,SG,19,0,181,24,37,5,10,19,27,0.716,1,2,18,29,47,22,7,3,7,7,54,konchjo01
Iman Shumpert,29,BKN,SF,13,0,241,21,64,8,33,13,31,0.391,4,7,9,25,34,12,12,2,10,21,54,shumpim01
Derrick Walton,24,TOT,PG,26,1,248,18,39,10,24,8,15,0.59,7,9,2,14,16,27,7,0,5,21,53,waltode01
Ed Davis,30,UTA,C,28,1,303,22,46,0,0,22,46,0.478,7,14,35,70,105,12,11,9,13,61,51,davised01
Kadeem Allen,27,NYK,PG,10,0,117,19,44,5,16,14,28,0.489,7,11,2,7,9,21,5,2,8,7,50,allenka01
DaQuan Jeffries,22,SAC,SG,13,0,141,20,40,5,18,15,22,0.563,5,6,3,15,18,7,4,1,2,19,50,jeffrda01
Johnathan Williams,24,WAS,PF,15,6,180,19,34,0,2,19,32,0.559,7,13,24,40,64,8,1,8,5,16,45,willijo04
Mfiondu Kabengele,22,LAC,C,12,0,64,14,32,9,20,5,12,0.578,5,5,1,10,11,2,2,2,2,9,42,kabenmf01
Vincent Poirier,26,BOS,C,22,0,130,17,36,1,2,16,34,0.486,6,7,13,30,43,8,2,9,8,25,41,poirivi01
Bol Bol,20,DEN,PF,7,0,87,14,28,4,9,10,19,0.571,8,10,5,14,19,6,2,6,10,11,40,bolbo01
Melvin Frazier,23,ORL,SG,19,0,126,15,34,8,16,7,18,0.559,2,4,2,8,10,3,9,2,5,11,40,frazime01
Tyrone Wallace,25,ATL,SG,14,0,160,14,44,1,15,13,29,0.33,11,17,3,19,22,13,7,1,10,19,40,wallaty01
Tremont Waters,22,BOS,PG,11,1,119,14,49,4,24,10,25,0.327,8,8,0,12,12,16,10,2,15,13,40,watertr01
Donta Hall,22,TOT,PF,9,0,133,15,22,0,0,15,22,0.682,9,18,14,24,38,4,3,6,5,23,39,halldo01
Jaylen Hoard,20,POR,PF,13,0,103,15,32,0,3,15,29,0.469,8,13,14,18,32,4,5,0,4,12,38,hoardja01
Oshae Brissett,21,TOR,SF,19,0,135,13,36,3,15,10,21,0.403,8,10,9,17,26,7,4,1,7,18,37,brissos01
Juwan Morgan,22,UTA,PF,21,0,134,15,26,3,8,12,18,0.635,3,4,10,19,29,6,1,2,6,19,36,morgaju01
Yuta Watanabe,25,MEM,SF,18,0,105,15,34,3,8,12,26,0.485,3,8,7,13,20,5,5,1,2,9,36,watanyu01
Malcolm Miller,26,TOR,SF,28,1,162,12,29,8,22,4,7,0.552,3,8,2,14,16,11,5,2,4,18,35,millema01
Miye Oni,22,UTA,SF,10,1,109,12,32,7,19,5,13,0.484,4,5,5,12,17,4,4,2,4,9,35,onimi01
Tyson Chandler,37,HOU,C,26,5,219,14,18,0,0,14,18,0.778,6,13,25,41,66,6,6,8,8,32,34,chandty01
Talen Horton-Tucker,19,LAL,SG,6,1,81,14,30,4,13,10,17,0.533,2,4,2,5,7,6,8,1,6,10,34,hortota01
Alize Johnson,23,IND,PF,17,1,118,12,29,3,8,9,21,0.466,7,10,16,32,48,7,3,2,7,12,34,johnsal02
Adam Mokoka,21,CHI,SF,11,0,112,12,28,6,15,6,13,0.536,2,4,7,3,10,4,4,0,2,17,32,mokokad01
Paul Watson,25,TOT,SF,10,0,87,10,26,4,12,6,14,0.462,7,9,2,15,17,8,4,1,3,5,31,watsopa01
B.J. Johnson,24,ORL,SF,10,0,83,9,32,3,9,6,23,0.328,9,10,3,12,15,3,3,0,6,3,30,johnsbj01
Justin Anderson,26,BKN,SG,10,1,107,10,38,6,29,4,9,0.342,2,4,1,20,21,8,0,6,4,13,28,anderju01
Johnathan Motley,24,LAC,PF,13,0,41,11,15,1,1,10,14,0.767,5,7,3,7,10,8,3,0,5,6,28,motlejo01
Michael Frazier,25,HOU,SG,13,0,145,7,29,4,23,3,6,0.31,9,14,1,9,10,2,2,0,5,22,27,frazimi01
Jerian Grant,27,WAS,SG,6,0,80,10,27,2,8,8,19,0.407,5,7,2,4,6,9,1,1,3,11,27,grantje02
Jeremy Pargo,33,GSW,PG,3,0,44,11,22,3,7,8,15,0.568,0,1,1,2,3,8,1,0,4,8,25,pargoje01
Jarrell Brantley,23,UTA,PF,9,0,96,10,28,3,13,7,15,0.411,1,2,2,18,20,11,3,5,7,7,24,brantja01
Lance Thomas,31,BKN,PF,7,4,98,8,23,4,13,4,10,0.435,4,4,2,11,13,6,0,0,6,11,24,thomala01
Tacko Fall,24,BOS,C,7,0,33,11,14,0,0,11,14,0.786,1,3,1,14,15,1,1,4,3,7,23,fallta01
Tyler Cook,22,TOT,PF,13,0,54,8,12,0,0,8,12,0.667,7,8,6,8,14,1,3,0,3,5,23,cookty01
Gabe Vincent,23,MIA,PG,9,0,83,8,37,6,27,2,10,0.297,0,0,0,5,5,6,5,0,1,6,22,vincega01
Charlie Brown Jr.,22,ATL,SG,10,0,40,6,19,3,9,3,10,0.395,5,5,2,2,4,2,2,2,3,3,20,brownch02
Devon Hall,24,OKC,PG,11,0,81,6,30,4,17,2,13,0.267,4,8,2,5,7,13,4,1,5,6,20,hallde01
Louis King,20,DET,SF,10,0,62,8,21,4,11,4,10,0.476,0,3,1,9,10,5,2,0,2,10,20,kinglo02
Andre Roberson,28,OKC,SF,7,0,87,8,29,3,14,5,15,0.328,1,2,7,20,27,4,1,3,2,13,20,roberan03
Dean Wade,23,CLE,PF,12,0,71,9,13,2,4,7,9,0.769,0,1,3,16,19,2,2,4,3,8,20,wadede01
Justin Wright-Foreman,22,UTA,PG,4,0,45,7,20,2,10,5,10,0.4,3,4,0,5,5,7,2,0,3,5,19,wrighju02
Jarrod Uthoff,26,TOT,PF,7,0,53,7,18,3,9,4,9,0.472,2,2,2,4,6,0,1,0,0,2,19,uthofja01
Ignas Brazdeikis,21,NYK,SF,9,0,53,6,22,1,9,5,13,0.295,4,5,2,3,5,4,0,1,2,3,17,brazdig01
Vlatko Čančar,22,DEN,PF,14,0,45,6,15,1,6,5,9,0.433,4,4,5,5,10,3,1,1,3,7,17,cancavl01
Kevin Hervey,23,OKC,PF,10,0,52,7,27,3,20,4,7,0.315,0,0,1,11,12,5,1,1,0,4,17,herveke01
J.R. Smith,34,LAL,SG,6,0,79,7,22,1,11,6,11,0.341,2,2,0,5,5,3,1,0,4,5,17,smithjr01
Khyri Thomas,23,DET,SG,8,0,61,5,17,5,14,0,3,0.441,2,4,1,0,1,3,3,0,3,9,17,thomakh01
Luka Šamanić,20,SAS,PF,3,1,48,5,16,3,8,2,8,0.406,3,4,1,9,10,6,0,2,2,6,16,samanlu01
Sindarius Thornwell,25,NOP,SF,2,0,35,6,11,2,4,4,7,0.636,2,4,0,4,4,4,1,1,2,2,16,thornsi01
Amile Jefferson,26,ORL,PF,18,0,74,5,14,0,0,5,14,0.357,5,14,10,13,23,4,1,3,3,7,15,jeffeam01
Vic Law,24,ORL,PF,8,0,62,6,18,1,7,5,11,0.361,2,6,2,9,11,3,2,0,2,6,15,lawvi01
Dewan Hernandez,23,TOR,C,6,0,28,5,14,1,2,4,12,0.393,3,5,5,9,14,3,1,0,3,6,14,hernade01
Naz Mitrou-Long,26,IND,SG,5,0,47,6,17,2,12,4,5,0.412,0,0,0,7,7,8,1,1,3,2,14,mitrona01
Joakim Noah,34,LAC,C,5,0,50,4,8,0,0,4,8,0.5,6,8,5,11,16,7,1,1,6,9,14,noahjo01
Chandler Parsons,31,ATL,PF,5,0,54,5,18,4,14,1,4,0.389,0,0,1,6,7,3,4,1,3,3,14,parsoch01
Nigel Williams-Goss,25,UTA,PG,10,0,50,5,16,2,7,3,9,0.375,2,2,2,4,6,6,3,1,3,6,14,willini01
Justin Robinson,22,WAS,PG,9,0,49,5,12,3,5,2,7,0.542,0,0,1,4,5,7,0,1,3,2,13,robinju01
Jordan Bone,22,DET,PG,10,0,53,5,20,2,10,3,10,0.3,0,0,0,4,4,8,1,0,2,6,12,bonejo01
Zylan Cheatham,24,NOP,PF,4,0,51,6,9,0,1,6,8,0.667,0,0,3,6,9,3,1,1,4,10,12,cheatzy01
Dusty Hannahs,26,MEM,SG,2,0,13,4,9,2,3,2,6,0.556,2,2,0,1,1,0,0,0,0,1,12,hannadu01
Udonis Haslem,39,MIA,C,4,1,44,4,11,1,3,3,8,0.409,3,4,1,15,16,1,0,0,1,6,12,hasleud01
Josh Magette,30,ORL,PG,8,0,38,5,15,1,4,4,11,0.367,1,2,1,5,6,5,3,1,5,4,12,magetjo01
Quinndary Weatherspoon,23,SAS,SG,11,0,78,5,17,1,5,4,12,0.324,1,2,1,6,7,11,3,1,5,8,12,weathqu01
Jarred Vanderbilt,20,TOT,PF,11,0,46,5,8,0,1,5,7,0.625,2,2,3,6,9,2,3,1,7,6,12,vandeja01
Moses Brown,20,POR,C,9,0,33,4,10,0,0,4,10,0.4,3,8,3,11,14,1,1,1,3,7,11,brownmo01
Antonius Cleveland,25,DAL,SG,11,0,46,4,14,0,3,4,11,0.286,3,5,2,5,7,1,1,3,2,8,11,clevean01
Marial Shayok,24,PHI,SG,4,0,28,3,12,2,6,1,6,0.333,3,4,1,6,7,1,0,1,3,4,11,shayoma01
Jalen Lecque,19,PHX,SG,5,0,32,4,10,0,4,4,6,0.4,2,2,0,2,2,2,0,0,2,3,10,lecquja01
Zach Norvell,22,TOT,SG,5,0,41,3,12,3,8,0,4,0.375,1,1,0,6,6,3,2,0,3,4,10,norveza01
Jonah Bolden,24,TOT,C,7,0,47,4,11,0,4,4,7,0.364,2,4,3,6,9,0,3,2,2,10,10,boldejo01
Justin Patton,22,OKC,C,5,0,24,4,10,1,4,3,6,0.45,0,0,1,4,5,2,0,0,2,4,9,pattoju01
Shamorie Ponds,21,TOR,PG,4,0,11,3,5,1,2,2,3,0.7,2,2,0,1,1,2,0,1,0,2,9,pondssh01
Josh Reaves,22,DAL,SF,4,0,28,3,9,0,2,3,7,0.333,2,2,1,2,3,3,0,0,0,5,8,reavejo02
Zhaire Smith,20,PHI,SF,7,0,32,3,11,0,3,3,8,0.273,2,4,0,2,2,2,3,0,2,4,8,smithzh01
Kostas Antetokounmpo,22,LAL,PF,5,0,20,3,3,0,0,3,3,1,1,2,2,1,3,2,0,0,1,2,7,antetko01
KZ Okpala,20,MIA,PF,5,0,26,3,5,0,1,3,4,0.6,1,2,1,4,5,1,2,1,1,2,7,okpalkz01
Brian Bowen,21,IND,SF,6,1,31,3,10,0,2,3,8,0.3,0,0,1,6,7,0,0,1,1,3,6,bowenbr02
Devontae Cacok,23,LAL,C,1,0,9,3,6,0,0,3,6,0.5,0,0,2,3,5,1,0,0,0,0,6,cacokde01
Eric Mika,25,SAC,C,1,0,19,2,3,0,0,2,3,0.667,2,2,2,5,7,0,0,0,0,5,6,mikaer01
Ryan Anderson,31,HOU,C,2,0,14,2,7,1,5,1,2,0.357,0,0,0,7,7,2,1,0,1,1,5,anderry01
Corey Brewer,33,SAC,PF,5,0,33,2,4,0,1,2,3,0.5,1,3,2,6,8,2,4,0,2,7,5,breweco01
Jamal Crawford,39,BKN,SG,1,0,6,2,4,1,2,1,2,0.625,0,0,0,0,0,3,0,0,0,1,5,crawfja01
Luc Mbah a Moute,33,HOU,PF,3,0,25,2,5,0,2,2,3,0.4,1,2,1,1,2,0,2,0,1,0,5,mbahalu01
Chasson Randle,26,GSW,PG,3,0,40,0,4,0,2,0,2,0,5,6,0,2,2,5,2,0,0,3,5,randlch01
Max Strus,23,CHI,SF,2,0,6,2,3,0,1,2,2,0.667,1,1,1,0,1,0,0,0,0,1,5,strusma01
Kyle Guy,22,SAC,SG,3,0,10,2,5,0,3,2,2,0.4,0,0,0,1,1,1,0,0,0,1,4,guyky01
Tariq Owens,24,PHX,PF,3,0,15,1,5,0,2,1,3,0.2,2,2,2,1,3,0,1,0,0,1,4,owensta01
Daryl Macon,24,MIA,PG,4,0,14,1,3,1,2,0,1,0.5,0,0,0,0,0,1,0,0,2,1,3,maconda01
Kyle Alexander,23,MIA,C,2,0,13,1,2,0,0,1,2,0.5,0,0,2,1,3,0,0,0,1,1,2,alexaky01
Joe Chealey,24,CHA,PG,4,0,33,0,7,0,4,0,3,0,2,2,0,0,0,1,4,0,2,2,2,chealjo01
Henry Ellenson,23,BKN,C,5,0,15,1,7,0,4,1,3,0.143,0,0,2,4,6,1,0,0,0,1,2,ellenhe01
Josh Gray,26,NOP,PG,2,0,23,1,2,0,0,1,2,0.5,0,0,1,1,2,2,0,0,5,1,2,grayjo01
Jared Harper,22,PHX,PG,3,0,8,1,4,0,2,1,2,0.25,0,0,0,0,0,0,0,0,0,0,2,harpeja01
Matt Mooney,23,CLE,SG,4,0,19,1,4,0,2,1,2,0.25,0,0,0,3,3,1,2,1,0,1,2,moonema01
Malik Newman,22,CLE,SG,1,0,4,0,2,0,1,0,1,0,2,2,0,0,0,0,0,0,1,0,2,newmama01
Tyler Zeller,30,SAS,C,2,0,4,1,4,0,0,1,4,0.25,0,0,3,1,4,0,0,0,0,0,2,zellety01
William Howard,26,HOU,PF,2,0,13,0,4,0,4,0,0,0,0,0,0,2,2,1,0,0,1,1,0,howarwi01
Stanton Kidd,27,UTA,SG,4,0,15,0,3,0,1,0,2,0,0,0,0,3,3,1,0,0,2,3,0,kiddst01
Isaiah Roby,21,OKC,PF,3,0,11,0,1,0,0,0,1,0,0,0,0,2,2,0,0,0,1,1,0,robyis01
