Player,Age,Team,Pos,G,GS,MP,PER,TS%,3PAr,FTr,ORB%,DRB%,TRB%,AST%,STL%,BLK%,TOV%,USG%,OWS,DWS,WS,WS/48,OBPM,DBPM,BPM,VORP,PlayerID
CJ McCollum,28,POR,SG,70,70,2556,17,0.541,0.378,0.136,1.9,10.2,6.1,19.1,1,1.4,8.1,25.9,3.5,0.6,4.1,0.077,2.3,-1.8,0.5,1.6,mccolcj01
Devin Booker,23,PHX,SG,70,70,2512,20.6,0.618,0.31,0.397,1.3,12,6.6,30,0.9,0.6,14.9,30,6,1.5,7.5,0.143,3.4,-1.3,2.2,2.6,bookede01
James Harden,30,HOU,SG,68,68,2483,29.1,0.626,0.557,0.528,2.9,16,9.4,35.9,2.3,2.1,14.2,36.3,9.9,3.2,13.1,0.254,8.1,1.6,9.6,7.3,hardeja01
Harrison Barnes,27,SAC,PF,72,72,2482,13.3,0.574,0.338,0.337,3.4,12.9,8.1,9.2,0.8,0.5,8.8,17.4,3.4,1.1,4.6,0.088,0,-1.3,-1.3,0.5,barneha02
Damian Lillard,29,POR,PG,66,66,2474,26.9,0.627,0.5,0.384,1.4,10.5,6,34.4,1.3,0.8,11,30.3,10.9,0.7,11.6,0.225,8.3,-0.9,7.5,5.9,lillada01
Tobias Harris,27,PHI,PF,72,72,2469,17.2,0.556,0.304,0.184,3.1,19.1,11.1,14.6,1,1.4,7.6,23.9,3.5,2.7,6.2,0.121,1.3,-0.5,0.8,1.8,harrito02
P.J. Tucker,34,HOU,PF,72,72,2467,8.3,0.559,0.702,0.113,4.7,15.6,10.1,6,1.4,1.2,13.9,8.7,1.6,2.4,4,0.078,-2.4,0.6,-1.9,0.1,tuckepj01
Shai Gilgeous-Alexander,21,OKC,SG,70,70,2428,17.7,0.568,0.247,0.352,2.2,16.1,9.4,15.2,1.6,1.7,10.3,23.7,3.1,3,6.1,0.121,1.3,0.4,1.7,2.2,gilgesh01
Bam Adebayo,22,MIA,PF,72,72,2417,20.3,0.598,0.018,0.484,8.5,24.9,17,24.2,1.7,3.8,17.6,21.2,4.6,3.9,8.5,0.168,1.4,2,3.4,3.3,adebaba01
Donovan Mitchell,23,UTA,SG,69,69,2364,18.8,0.558,0.352,0.24,2.6,11.3,7.1,21.6,1.4,0.5,11,30.8,3.2,2.2,5.4,0.11,2.4,-0.6,1.9,2.3,mitchdo01
Nikola Jokić,24,DEN,C,73,73,2336,24.9,0.605,0.238,0.281,8,26.1,17.1,35.2,1.8,1.7,15.8,26.6,6.7,3.1,9.8,0.202,5.5,2,7.4,5.5,jokicni01
Rudy Gobert,27,UTA,C,68,68,2333,21.7,0.699,0,0.724,11.2,31.3,21.6,6.5,1.1,4.8,15,16.2,6.5,4.2,10.7,0.221,1.7,1.9,3.6,3.3,goberru01
DeMar DeRozan,30,SAS,SF,68,68,2316,21.6,0.603,0.033,0.43,2,15.4,8.7,26.1,1.4,0.8,11.6,26.3,5.9,1.3,7.3,0.151,2.3,-0.4,1.9,2.3,derozde01
LeBron James,35,LAL,PG,67,67,2316,25.5,0.577,0.326,0.292,3.2,21.5,12.4,49.1,1.6,1.4,15.1,31.5,6.2,3.6,9.8,0.204,6.6,1.8,8.4,6.1,jamesle01
Jayson Tatum,21,BOS,PF,66,66,2265,20.4,0.567,0.383,0.255,3.1,18.5,10.9,14.5,2,2.3,10.2,28.6,3.2,3.7,6.9,0.146,3.5,0.6,4,3.4,tatumja01
Buddy Hield,27,SAC,SG,72,44,2216,16,0.566,0.592,0.117,2.8,14.1,8.3,15.5,1.4,0.7,12.1,27.2,1.4,1.5,3,0.064,2.5,-1.4,1.1,1.7,hieldbu01
Devonte' Graham,24,CHA,PG,63,53,2211,15.8,0.537,0.607,0.242,2,8.7,5.2,35.3,1.4,0.6,14.5,24.8,2.4,0.9,3.4,0.073,2.5,-2.1,0.5,1.4,grahade01
Chris Paul,34,OKC,PG,70,70,2208,21.7,0.61,0.343,0.315,1.3,15.7,8.7,34,2.4,0.4,13.8,23.3,5.9,3,8.9,0.193,3,1.4,4.4,3.5,paulch01
T.J. Warren,26,IND,SF,67,67,2202,18.4,0.61,0.227,0.205,3.4,10.5,7,7.1,1.7,1.4,7.2,23.3,4,2.6,6.5,0.143,1.2,0,1.1,1.7,warretj01
Duncan Robinson,25,MIA,SG,73,68,2166,13.1,0.684,0.882,0.105,0.5,11,6,7.1,0.8,0.9,8.9,16,3.7,1.6,5.3,0.118,1.5,-1,0.5,1.3,robindu01
Terry Rozier,25,CHA,PG,63,63,2164,14.8,0.553,0.45,0.202,2.4,11.8,7,20.4,1.4,0.4,12.1,23.7,1.9,1.1,3,0.066,0.8,-1.2,-0.4,0.8,roziete01
Domantas Sabonis,23,IND,PF,62,62,2159,20.7,0.586,0.079,0.349,9.7,29.3,19.6,21.7,1.1,1.2,14.8,23.3,4.1,3.4,7.5,0.168,2,1.2,3.2,2.9,sabondo01
Collin Sexton,21,CLE,PG,65,65,2143,16.3,0.56,0.235,0.246,3.1,7.5,5.3,15.1,1.5,0.3,11.6,27.2,2.1,0.4,2.5,0.057,0.3,-2.1,-1.8,0.1,sextoco01
Joe Ingles,32,UTA,PF,72,45,2137,12.6,0.595,0.638,0.17,1.4,12.5,7.2,24.4,1.5,0.4,19.3,15.1,2.7,2.1,4.8,0.108,0.1,0.7,0.7,1.5,inglejo01
Robert Covington,29,TOT,C,70,68,2137,13.3,0.559,0.664,0.172,3,20.2,11.4,5.9,2.5,3.7,11.7,17,0.7,3,3.7,0.083,-1.2,1.3,0,1.1,covinro01
Anthony Davis,26,LAL,PF,62,62,2131,27.4,0.61,0.199,0.479,7.4,22.1,14.8,15.1,2,6,10.4,29.3,6.7,4.4,11.1,0.25,5.4,2.6,8,5.4,davisan02
Joe Harris,28,BKN,SF,69,69,2123,13.3,0.606,0.518,0.114,3.2,11.2,7.3,10.4,0.9,0.7,11.2,18.3,2.5,1.8,4.3,0.097,0.4,-0.6,-0.2,1,harrijo01
Dorian Finney-Smith,26,DAL,PF,71,68,2120,12.3,0.595,0.58,0.207,7.3,12.7,10,7.2,1,1.6,10.8,12.9,3.3,1.5,4.9,0.11,0.1,-0.3,-0.2,0.9,finnedo01
Trae Young,21,ATL,PG,60,60,2120,23.9,0.595,0.455,0.448,1.6,11.5,6.5,45.6,1.4,0.3,16.2,34.9,5.3,0.6,5.9,0.133,6.2,-2.3,3.9,3.1,youngtr01
Jrue Holiday,29,NOP,SG,61,61,2117,17,0.537,0.344,0.181,3.8,10.9,7.3,29.1,2.2,1.9,14.5,24.5,2,1.9,3.9,0.088,1.6,0.2,1.8,2,holidjr01
Dillon Brooks,24,MEM,SG,73,73,2112,11.3,0.51,0.385,0.19,3.5,8.6,6.1,10.5,1.4,1.1,9.7,25.2,-0.4,1.6,1.2,0.027,-2.7,-1.4,-4.1,-1.1,brookdi01
Pascal Siakam,25,TOR,PF,60,60,2110,17.9,0.554,0.331,0.274,3.3,18.3,11,16.4,1.4,2.5,10.7,28.1,1.8,3.6,5.4,0.123,1.3,0.5,1.8,2,siakapa01
Brandon Ingram,22,NOP,PF,62,62,2104,18.8,0.587,0.35,0.336,2.6,16.6,9.6,19.3,1.3,1.5,13.1,28.1,3.3,1.8,5.1,0.115,2.5,-0.4,2.1,2.2,ingrabr01
Kyle Lowry,33,TOR,PG,58,58,2098,17.7,0.59,0.58,0.427,1.6,12.8,7.3,30.6,1.9,1.2,15.7,23.1,4.2,3.3,7.5,0.171,2.2,1,3.2,2.8,lowryky01
Tim Hardaway Jr.,27,DAL,SG,71,58,2091,14.5,0.581,0.58,0.206,1.3,10.2,5.8,9.7,0.9,0.2,6.7,21.1,3.4,1.1,4.4,0.102,1.2,-1.4,-0.1,1,hardati02
Zach LaVine,24,CHI,SF,60,60,2085,19.4,0.568,0.404,0.279,2.1,13.8,7.7,21.7,2,1.3,13.3,31.7,1.8,2.2,4,0.091,3.3,-0.8,2.5,2.4,lavinza01
Bojan Bogdanović,30,UTA,SF,63,63,2083,15.6,0.603,0.489,0.296,2.1,11.2,6.8,10,0.8,0.3,13.1,25.5,2.6,1.6,4.2,0.096,1.6,-1.5,0.1,1.1,bogdabo02
Julius Randle,25,NYK,PF,64,64,2080,17.5,0.538,0.23,0.35,7.5,24.9,16,15.8,1.2,1,14.3,27.6,0.9,1.8,2.7,0.062,0.7,-1,-0.3,0.9,randlju01
Evan Fournier,27,ORL,SF,66,66,2076,16.4,0.595,0.467,0.237,0.9,8.2,4.4,16.6,1.7,0.7,10.9,23.9,2.9,1.7,4.6,0.106,1.4,-0.4,1,1.6,fournev01
Ja Morant,20,MEM,PG,67,67,2074,17.4,0.556,0.191,0.329,2.6,10.4,6.6,35.2,1.3,0.8,17,25.9,2.3,1.5,3.8,0.088,1.4,-1.2,0.3,1.2,moranja01
OG Anunoby,22,TOR,SF,69,68,2066,13.2,0.6,0.403,0.18,4.2,14.2,9.3,7.5,2.2,2.1,11.5,14.3,2.1,3.7,5.7,0.134,-0.8,2,1.2,1.7,anunoog01
Bradley Beal,26,WAS,SG,57,57,2053,23.2,0.579,0.369,0.351,2.7,10.5,6.4,29.5,1.6,1,11.4,34.4,4.5,0.6,5.1,0.118,5.3,-2.4,2.9,2.5,bealbr01
Royce O'Neale,26,UTA,SF,71,62,2049,9.5,0.578,0.668,0.151,1.5,18.8,10.4,11.6,1.4,1.3,13.5,9.6,1.8,2.5,4.3,0.101,-1.3,2.2,0.9,1.5,onealro01
Russell Westbrook,31,HOU,PG,57,57,2049,21,0.536,0.166,0.297,5.1,18.1,11.5,35.6,2.1,0.8,15,34.4,1.7,2.5,4.2,0.098,1.6,-0.1,1.5,1.8,westbru01
Luka Dončić,20,DAL,PG,61,61,2047,27.6,0.585,0.431,0.448,4.1,25,14.7,45.7,1.5,0.6,14.8,36.8,6.5,2.3,8.8,0.207,7.4,1,8.4,5.4,doncilu01
Mikal Bridges,23,PHX,SF,73,32,2042,12.9,0.62,0.401,0.252,3.5,12.4,7.9,8.6,2.4,2,12,12.7,2.5,2.3,4.8,0.113,-0.6,1.5,0.8,1.5,bridgmi01
Al Horford,33,PHI,C,67,61,2025,15.7,0.536,0.399,0.113,5.6,19.3,12.4,19.2,1.2,2.6,9.7,17.5,2.8,2.6,5.4,0.128,1.3,1,2.2,2.2,horfoal01
Lonzo Ball,22,NOP,PG,63,54,2025,13.1,0.517,0.575,0.111,3.7,16.4,10,29.1,2,1.6,21.1,18.5,0.4,2,2.4,0.058,0.1,0.6,0.6,1.3,balllo01
De'Andre Hunter,22,ATL,SF,63,62,2018,8.6,0.521,0.445,0.211,2.3,13.1,7.6,8,1,0.7,12.1,17.5,-0.4,0.5,0.1,0.002,-2.9,-1.8,-4.7,-1.4,huntede01
Aaron Gordon,24,ORL,PF,62,62,2017,15.1,0.516,0.309,0.292,5.5,20.3,12.7,17.4,1.2,1.7,10.4,20.7,1.4,2.3,3.7,0.087,-0.1,0.1,0,1,gordoaa01
Ben Simmons,23,PHI,PG,57,57,2017,20.4,0.602,0.011,0.461,6.2,18.2,12.2,33.8,2.9,1.4,20.4,20.9,3.8,3.1,6.9,0.165,1.3,2.3,3.6,2.8,simmobe01
Ricky Rubio,29,PHX,PG,65,65,2016,16.5,0.535,0.312,0.327,2.5,14.4,8.4,39.7,2.2,0.5,17.9,20.4,2.9,2,4.9,0.117,0.7,0.2,1,1.5,rubiori01
Nemanja Bjelica,31,SAC,PF,72,67,2011,15.7,0.602,0.49,0.129,6.1,19.9,12.8,14.7,1.5,1.9,12.5,17,3.4,1.9,5.3,0.127,1.2,0.5,1.8,1.9,bjeline01
Hassan Whiteside,30,POR,C,67,61,2008,25,0.644,0.01,0.34,13.6,33.3,23.6,5.9,0.6,8.4,12.9,19.6,5.6,3,8.5,0.204,2.5,0.7,3.2,2.6,whiteha01
Dennis Schröder,26,OKC,PG,65,2,1999,16.7,0.575,0.337,0.245,1.1,11.6,6.5,21.9,1.1,0.6,13.4,27.2,1.9,1.8,3.6,0.087,1.1,-1.1,-0.1,1,schrode01
Nikola Vučević,29,ORL,C,62,62,1998,21.9,0.549,0.28,0.162,7.3,29.7,18.1,19.5,1.3,2.1,7.4,25.8,3.5,2.9,6.4,0.153,3.7,0.5,4.2,3.1,vucevni01
Markelle Fultz,21,ORL,PG,72,60,1996,14.3,0.517,0.175,0.206,2.1,11,6.4,29,2.2,0.5,14.9,21.4,0.6,2,2.7,0.065,-1.8,0,-1.8,0.1,fultzma01
Miles Bridges,21,CHA,SF,65,64,1995,12.1,0.52,0.398,0.174,4.6,15.6,9.9,9.4,1,2.2,10.5,20,0.3,1.3,1.6,0.039,-1.5,-1,-2.5,-0.3,bridgmi02
Spencer Dinwiddie,26,BKN,PG,64,49,1994,17.8,0.541,0.392,0.437,1.7,9.6,5.7,35,0.9,0.9,12.5,29.2,3.2,1.6,4.8,0.116,2.7,-0.9,1.8,1.9,dinwisp01
Kendrick Nunn,24,MIA,PG,67,67,1962,12.9,0.534,0.428,0.109,1.2,8.7,5.1,18.5,1.4,0.8,10.6,24.1,0.4,1.6,2,0.049,-1,-1.3,-2.3,-0.1,nunnke01
Jimmy Butler,30,MIA,SF,58,58,1959,23.6,0.585,0.157,0.693,6.3,15.4,11,28.1,2.6,1.6,11.4,25.1,6.3,2.7,9,0.221,4,1.5,5.4,3.7,butleji01
Marcus Morris,30,TOT,PF,62,62,1936,14.3,0.57,0.43,0.272,3.2,14,8.5,6.8,1.2,1.4,9.7,21.9,2.1,1.5,3.6,0.088,0.6,-0.7,-0.1,0.9,morrima03
Jaylen Brown,23,BOS,SG,57,57,1934,16.9,0.583,0.381,0.274,3.5,16.5,10.1,9.7,1.6,1,11.2,24.7,2.3,2.6,4.9,0.123,1,-0.2,0.8,1.4,brownja02
Kelly Oubre Jr.,24,PHX,SF,56,55,1933,14.9,0.56,0.372,0.298,3.8,17.1,10.4,6.6,1.7,1.8,8.2,22.4,1.7,2.1,3.8,0.093,-0.3,-0.3,-0.5,0.7,oubreke01
Fred VanVleet,25,TOR,SG,54,54,1928,16.3,0.553,0.484,0.256,1,9.9,5.6,27.7,2.5,0.9,12.3,21.7,2.8,3.1,5.8,0.145,1.3,1.4,2.7,2.3,vanvlfr01
Marcus Smart,25,BOS,SG,60,40,1919,13.8,0.518,0.579,0.223,2.4,10.1,6.3,21.1,2.5,1.4,12.1,18.9,1.7,2.8,4.5,0.112,0,1.4,1.4,1.6,smartma01
Giannis Antetokounmpo,25,MIL,PF,63,63,1917,31.9,0.613,0.237,0.508,7.7,34.8,22.1,34.2,1.5,3,13.2,37.5,6.1,5,11.1,0.279,7.4,4.1,11.5,6.6,antetgi01
Will Barton,29,DEN,SF,58,58,1916,15.6,0.549,0.39,0.18,4.5,16.9,10.7,16,1.6,1.4,9.9,20.1,2.4,1.8,4.2,0.106,1.2,-0.2,1.1,1.5,bartowi01
Danuel House Jr.,26,HOU,SF,63,52,1913,11.3,0.572,0.659,0.167,3.1,11.6,7.3,6.1,1.6,1.5,8.5,13.7,1.9,1.8,3.6,0.091,-0.8,0,-0.7,0.6,houseda01
Cedi Osman,24,CLE,SF,65,65,1910,10.7,0.552,0.527,0.154,2.2,11.3,6.7,11.6,1.4,0.7,12.3,16.6,1,0.6,1.6,0.04,-1.7,-0.9,-2.6,-0.3,osmande01
Jamal Murray,22,DEN,PG,59,59,1904,17.7,0.559,0.362,0.207,2.7,11.2,6.9,22.9,1.7,0.8,11.5,25.2,2.8,1.5,4.3,0.107,2,-0.8,1.2,1.5,murraja01
Carmelo Anthony,35,POR,PF,58,58,1902,12.4,0.525,0.289,0.206,3.9,16.1,10.1,6.4,1.2,1.2,10.5,21.2,0.4,0.9,1.3,0.033,-1.8,-1.8,-3.6,-0.8,anthoca01
Jerami Grant,25,DEN,PF,71,24,1892,14.4,0.591,0.397,0.309,3.4,11.2,7.3,6.6,1.3,2.8,8,18,2.8,1.6,4.4,0.111,0.1,-0.6,-0.5,0.7,grantje01
Maxi Kleber,28,DAL,PF,74,21,1890,13.6,0.605,0.621,0.181,6.3,15.1,10.8,6.3,0.6,3.8,9.5,13.9,3.2,1.7,4.8,0.123,0.4,0,0.4,1.1,klebima01
Terrence Ross,28,ORL,SG,69,0,1889,14,0.548,0.596,0.217,0.7,12.3,6.3,6.8,2,1.1,7,22.8,1.1,2,3,0.077,-0.1,-0.3,-0.4,0.8,rosste01
Andre Drummond,26,TOT,C,57,56,1879,22,0.553,0.045,0.375,14.9,37.5,26,13.6,2.8,4.2,18.2,25.9,0.6,3.6,4.2,0.108,-0.1,1.1,0.9,1.4,drumman01
Tomáš Satoranský,28,CHI,SG,65,64,1878,13.5,0.533,0.361,0.22,4.3,11,7.5,27.1,2.1,0.4,17.7,16.7,1.8,1.7,3.5,0.09,-1.1,-0.2,-1.2,0.4,satorto01
Jae Crowder,29,TOT,SF,65,53,1875,12.5,0.553,0.7,0.222,3,18.5,11,11.5,1.8,1.2,10,15.5,1.6,2.2,3.8,0.098,-0.5,0.4,-0.1,0.9,crowdja01
Lou Williams,33,LAC,PG,65,8,1864,17.3,0.546,0.337,0.362,1.8,9.2,5.6,30.1,1.1,0.6,14.4,28.4,2.3,1.8,4.1,0.105,2.2,-1.4,0.7,1.3,willilo02
Andrew Wiggins,24,TOT,SF,54,54,1858,16.4,0.536,0.342,0.274,3.6,12.3,7.8,18.1,1.1,2.4,10.7,27.4,0.8,1.1,1.9,0.05,1.1,-1.4,-0.3,0.8,wiggian01
Taurean Prince,25,BKN,PF,64,61,1857,9.1,0.497,0.583,0.12,2.8,18.1,10.6,9.2,1.5,1.1,14,20.4,-1.7,2.3,0.6,0.014,-2.8,-0.1,-2.9,-0.4,princta02
Khris Middleton,28,MIL,SF,62,59,1853,21.1,0.619,0.374,0.24,2.5,17,10.2,22.2,1.3,0.3,11.6,26.4,4.6,3.3,7.9,0.205,3.4,0.7,4.1,2.9,middlkh01
Jarrett Allen,21,BKN,C,70,64,1852,20.7,0.664,0.013,0.581,12.3,24.9,18.7,8.9,1,4.2,11.7,14.9,5.2,2.9,8.2,0.212,1.4,1,2.3,2,allenja01
Kawhi Leonard,28,LAC,SF,57,57,1848,26.9,0.589,0.287,0.355,3.1,19.1,11.3,26.4,2.6,1.6,10.2,33,5.4,3.3,8.7,0.226,6.5,2.4,8.9,5.1,leonaka01
Jonas Valančiūnas,27,MEM,C,70,70,1845,22.2,0.631,0.123,0.271,12.4,32.2,22.5,10.9,0.8,3.6,13.3,21.5,4.2,2.8,7,0.182,2.1,0.2,2.4,2,valanjo01
Danilo Gallinari,31,OKC,PF,62,62,1834,19.5,0.612,0.537,0.365,2.1,16.8,9.7,10.3,1.1,0.2,7.4,24.6,4.5,1.9,6.3,0.166,4.1,-0.9,3.3,2.4,gallida01
Justin Holiday,30,IND,SF,73,6,1826,12.1,0.585,0.681,0.138,1.9,12.2,7.1,6.7,2.3,2.2,7.9,13.4,1.6,2.6,4.2,0.112,-0.5,1.8,1.3,1.5,holidju01
Myles Turner,23,IND,C,62,62,1826,14.8,0.566,0.426,0.288,5.2,19.1,12.2,5.4,1.2,6.4,11.4,17.9,1.1,3.1,4.2,0.111,-1,1.1,0.1,1,turnemy01
Darius Garland,20,CLE,SG,59,59,1824,8.5,0.498,0.423,0.103,1.6,5.2,3.4,18.5,1.1,0.2,17.1,20.7,-1.3,0,-1.3,-0.034,-2.7,-2.8,-5.5,-1.7,garlada01
Brook Lopez,31,MIL,C,68,67,1817,15,0.551,0.484,0.227,3.4,13,8.5,7.4,1.2,7.9,8.7,18.3,1.4,4.1,5.5,0.145,-0.4,2.5,2,1.9,lopezbr01
Kristaps Porziņģis,24,DAL,C,57,57,1814,20.2,0.551,0.432,0.304,5.9,25.1,15.6,8.8,1.1,5.4,8,27,2.6,2.6,5.2,0.138,1.8,0.1,1.9,1.8,porzikr01
Ish Smith,31,WAS,PG,68,23,1787,13.9,0.509,0.245,0.125,1.8,12,6.7,27.1,1.5,1.5,11.6,19.1,1.3,0.6,1.9,0.051,-0.3,-1,-1.3,0.3,smithis01
Glenn Robinson III,26,TOT,SF,62,52,1786,13.3,0.577,0.333,0.145,4.8,11.9,8.2,8.4,1.4,0.8,8,16.4,2,0.9,2.9,0.078,-0.5,-1.2,-1.7,0.1,robingl02
Troy Brown Jr.,20,WAS,SF,69,22,1782,13.7,0.524,0.288,0.223,4.5,19.6,11.7,14.1,2.2,0.3,10.4,17.8,1.3,1.2,2.4,0.065,-0.8,-0.4,-1.2,0.3,browntr01
Gary Harris,25,DEN,SG,56,55,1780,9.7,0.519,0.405,0.177,1.6,8.6,5.1,8.9,2.1,0.7,9.7,15.1,0.5,1.4,1.9,0.052,-2.8,0.3,-2.5,-0.2,harriga01
Kevin Love,31,CLE,PF,56,56,1780,17.9,0.599,0.536,0.301,3.3,31.1,17.1,15.4,0.9,0.9,14.5,23.1,2.5,1.3,3.8,0.101,2.6,-0.5,2,1.8,loveke01
Bogdan Bogdanović,27,SAC,SG,61,28,1766,15.2,0.565,0.576,0.151,1.6,11.8,6.6,18,1.8,0.8,11.1,22.6,1.8,1.3,3.1,0.084,1.2,-0.5,0.6,1.2,bogdabo01
Kentavious Caldwell-Pope,26,LAL,SG,69,26,1762,11,0.584,0.471,0.201,2.4,6.4,4.4,8.5,1.5,0.7,10.1,14.7,1.9,1.9,3.7,0.102,-1.2,0.4,-0.8,0.5,caldwke01
Kevin Huerter,21,ATL,SG,56,48,1760,11.5,0.536,0.548,0.105,2.1,12,7,17.5,1.4,1.3,12,17.1,1,0.6,1.6,0.043,-0.7,-0.9,-1.6,0.2,huertke01
Cory Joseph,28,SAC,PG,72,26,1759,10.1,0.517,0.386,0.17,2.7,9.4,6,19.1,1.5,1.1,15.3,12.9,1.2,1.1,2.3,0.062,-2.1,0.1,-2,0,josepco01
P.J. Washington,21,CHA,PF,58,57,1759,12.4,0.547,0.39,0.231,3.5,16.6,9.8,11.3,1.5,2.3,12.5,18.6,0.5,1.5,2,0.054,-1.7,0.1,-1.6,0.2,washipj01
Josh Hart,24,NOP,SF,65,16,1755,11.9,0.563,0.665,0.216,3.7,22.1,12.8,8.2,1.7,1.1,11.4,15.3,1.3,1.8,3.1,0.085,-1.1,0.4,-0.7,0.6,hartjo01
LaMarcus Aldridge,34,SAS,C,53,53,1754,19.7,0.571,0.198,0.241,6.3,17.8,12,11.4,1,4.4,7.8,23.4,3,1.4,4.5,0.122,1.8,-0.5,1.4,1.5,aldrila01
Alec Burks,28,TOT,SF,66,19,1754,16.7,0.561,0.392,0.345,2.9,14.9,8.7,17.2,1.7,0.9,9.3,23.8,2.5,1.2,3.7,0.101,1.2,-0.7,0.5,1.1,burksal01
Montrezl Harrell,26,LAC,C,63,2,1749,23.2,0.607,0.022,0.432,9.9,16.3,13.2,10.3,1.1,3.6,10.1,25.7,4.4,2.5,7,0.191,2.5,0.5,2.9,2.2,harremo01
Kemba Walker,29,BOS,PG,56,56,1742,20,0.575,0.532,0.272,2.2,11,6.7,24.2,1.3,1.5,10.5,27.2,3.9,2,5.9,0.162,4.9,-0.3,4.6,2.9,walkeke02
Gordon Hayward,29,BOS,SF,52,52,1740,18.1,0.595,0.317,0.207,3.4,17.8,10.7,18.7,1.1,1.2,11.2,21.1,3.5,2.2,5.7,0.158,2.6,0.1,2.7,2,haywago01
Garrett Temple,33,BKN,SG,62,35,1730,10.5,0.513,0.658,0.148,1.8,11.1,6.5,12.8,1.3,1.4,9,16.6,0.7,1.7,2.4,0.066,-1.4,0.3,-1.1,0.4,templga01
Tristan Thompson,28,CLE,C,57,51,1721,16.8,0.54,0.041,0.286,14.5,22.9,18.6,10.5,0.9,2.5,14,18.3,2,1.1,3.1,0.085,-0.2,-1.3,-1.5,0.2,thomptr01
Jordan Clarkson,27,TOT,SG,71,2,1705,17.3,0.574,0.476,0.19,3.3,8.7,6.1,13.2,1.3,0.8,9.4,26.3,2.4,1,3.4,0.096,2.4,-1.3,1.1,1.3,clarkjo01
RJ Barrett,19,NYK,SG,56,55,1704,10.7,0.479,0.271,0.349,3,14.8,8.7,12.8,1.6,0.9,12.9,24,-1.6,1.1,-0.5,-0.015,-2.9,-1.5,-4.3,-1,barrerj01
Langston Galloway,28,DET,SG,66,6,1702,12.3,0.584,0.611,0.157,2.2,7.8,5,8.8,1.4,0.5,6.5,15.9,2.4,0.7,3.1,0.087,0,-0.9,-0.8,0.5,gallola01
Josh Richardson,26,PHI,SG,55,53,1693,12,0.533,0.385,0.218,2.7,8.7,5.7,13.9,1.5,1.8,12.8,20.6,0.5,1.7,2.1,0.061,-1.4,-0.4,-1.8,0.1,richajo01
Kent Bazemore,30,TOT,SF,68,21,1688,9.3,0.499,0.457,0.275,1.7,17.1,9.4,7.4,2.1,2.1,13.2,17.5,-0.9,1.5,0.6,0.017,-3.4,0.3,-3,-0.5,bazemke01
Danny Green,32,LAL,SG,68,68,1687,10.8,0.552,0.69,0.101,3.3,11.2,7.3,7.1,2.4,1.7,11.3,13.9,0.8,2.5,3.4,0.096,-1.1,1.5,0.5,1.1,greenda02
Dejounte Murray,23,SAS,PG,66,58,1687,16.2,0.524,0.174,0.179,4.4,20.1,12.2,23.1,3.1,0.9,15.4,20.8,0.7,2,2.6,0.074,-0.9,1.3,0.4,1,murrade01
Steven Adams,26,OKC,C,63,63,1680,20.5,0.604,0.006,0.421,14,24,19.2,13.2,1.5,3.4,14.2,17.3,3.8,2.7,6.5,0.185,1.9,1.1,2.9,2.1,adamsst01
Derrick White,25,SAS,SG,68,20,1677,16.4,0.593,0.391,0.382,2.3,12.1,7.2,20,1.3,3.1,12.1,18.9,3.1,1.1,4.2,0.119,1.2,0.1,1.3,1.4,whitede01
Coby White,19,CHI,PG,65,1,1674,11.9,0.506,0.475,0.163,1.8,14,7.6,16.5,1.4,0.3,11.4,24.4,-0.5,1.4,0.9,0.026,-1.3,-1.6,-2.9,-0.4,whiteco01
Malcolm Brogdon,27,IND,PG,54,54,1666,17.7,0.541,0.309,0.25,3.1,14.1,8.6,33.8,1,0.5,13.7,25.2,2.3,1.7,4,0.114,2.3,-0.5,1.8,1.6,brogdma01
Goran Dragić,33,MIA,PG,59,3,1663,16.3,0.573,0.467,0.34,2,10.2,6.3,29.2,1.2,0.6,14.8,25.9,2.2,1.3,3.5,0.102,1.4,-1.6,-0.1,0.8,dragigo01
Eric Paschall,23,GSW,PF,60,26,1654,14.5,0.571,0.202,0.331,5.2,13.1,9,12.7,0.9,0.7,11.4,21.4,1.6,0.5,2.1,0.062,-0.7,-2,-2.7,-0.3,pascher01
Eric Bledsoe,30,MIL,PG,61,61,1646,17.6,0.571,0.306,0.304,2.8,13.5,8.5,28.7,1.6,1.4,15.7,23.7,2.4,3,5.4,0.157,0.8,1,1.8,1.6,bledser01
Tony Snell,28,DET,SF,59,57,1641,9.7,0.598,0.665,0.084,0.6,7.1,3.8,10.9,1,0.8,7.3,11.4,2.1,0.5,2.6,0.076,-1.2,-0.6,-1.8,0.1,snellto01
Monte Morris,24,DEN,PG,73,12,1636,14.9,0.545,0.304,0.157,1.6,7.7,4.7,22.1,1.7,1,8.1,17.5,2.7,1.1,3.8,0.112,0.4,-0.5,-0.2,0.7,morrimo01
Wesley Matthews,33,MIL,SG,67,67,1635,8.1,0.547,0.704,0.161,1.4,8.2,5,7.1,1.1,0.5,8.7,12.5,0.8,2.4,3.2,0.093,-2.6,0.7,-1.8,0.1,matthwe02
Bruce Brown,23,DET,PG,58,43,1634,11.9,0.518,0.215,0.266,4.2,15,9.5,20.4,1.9,1.5,16.7,16,0.7,1.4,2.1,0.062,-2,0.8,-1.2,0.3,brownbr01
De'Aaron Fox,22,SAC,PG,51,49,1634,20.6,0.558,0.227,0.42,2.4,11.4,6.8,35.3,2.2,1.5,14.1,29.8,2.6,1.4,4,0.118,2.3,-0.5,1.8,1.6,foxde01
Dario Šarić,25,PHX,PF,66,51,1632,14.2,0.592,0.437,0.238,6.7,21.1,13.8,10.8,1.1,0.9,12.9,17.8,2.1,1.5,3.6,0.105,-0.1,-0.3,-0.4,0.7,saricda01
Jaren Jackson Jr.,20,MEM,C,57,57,1622,16.3,0.593,0.489,0.247,3.6,13.2,8.5,7.2,1.2,5,10.6,24,1.6,1.8,3.5,0.103,0.3,0.1,0.4,1,jacksja02
Ben McLemore,26,HOU,SF,71,23,1619,11.8,0.622,0.829,0.123,1.3,8.9,5.1,5.2,1.3,0.8,8,16,2.2,1.1,3.3,0.099,0.1,-0.6,-0.5,0.6,mclembe01
Aaron Holiday,23,IND,PG,66,33,1617,11.6,0.521,0.393,0.155,1.5,9,5.3,19.1,1.7,0.9,12.8,18.7,0.4,1.7,2.1,0.063,-1.6,0,-1.6,0.2,holidaa01
Austin Rivers,27,HOU,SG,68,4,1594,10.4,0.542,0.539,0.222,1.8,9.8,5.8,10,1.4,0.5,8.3,15.6,1.2,1.2,2.4,0.072,-2.1,-0.4,-2.5,-0.2,riverau01
Thaddeus Young,31,CHI,PF,64,16,1591,13.3,0.521,0.369,0.12,6.2,16.1,10.9,11.3,2.8,1.4,13.9,19.7,-0.2,2.1,1.9,0.058,-1.4,0.2,-1.2,0.3,youngth01
Dāvis Bertāns,27,WAS,PF,54,4,1583,15.5,0.628,0.774,0.2,2.3,15.1,8.5,8.4,1.1,1.8,8.2,19,3,0.5,3.5,0.107,2.7,-1.8,0.9,1.1,bertada01
JJ Redick,35,NOP,SG,60,36,1581,15.4,0.644,0.629,0.293,0.7,9.5,5.1,10.8,0.6,0.5,9.5,20.4,3.6,0.6,4.1,0.125,2.3,-1.7,0.7,1.1,redicjj01
Bryn Forbes,26,SAS,SG,63,62,1579,11.1,0.57,0.656,0.155,0.8,7.8,4.3,9.5,1,0,8.4,18.5,1.3,0.3,1.5,0.047,-0.6,-2.1,-2.7,-0.3,forbebr01
Seth Curry,29,DAL,SG,64,25,1576,15.5,0.643,0.559,0.169,1.8,7.8,4.8,11.6,1.2,0.5,9.1,18.4,3.5,0.8,4.3,0.13,1.7,-0.9,0.8,1.2,curryse01
Delon Wright,27,DAL,PG,73,5,1570,15.4,0.554,0.309,0.243,4.7,13.8,9.4,21,2.6,1.2,13.8,14.4,2.6,1.8,4.4,0.134,0,1.9,1.9,1.5,wrighde01
Daniel Theis,27,BOS,C,65,64,1566,17.9,0.631,0.225,0.268,9.7,19.3,14.6,10.1,1.1,5,10.2,14.4,4,2.6,6.5,0.201,0.6,1.8,2.4,1.7,theisda01
Furkan Korkmaz,22,PHI,SG,72,12,1559,12,0.579,0.632,0.181,1.3,10.6,6,7.3,1.3,0.9,8.8,18.4,1.4,1.4,2.8,0.085,-0.4,-1,-1.3,0.3,korkmfu01
Cam Reddish,20,ATL,SF,58,34,1551,9,0.5,0.451,0.227,2.4,12.7,7.5,8,1.9,1.5,13.6,18.9,-1.2,0.8,-0.4,-0.011,-3.3,-1,-4.2,-0.9,reddica01
Josh Okogie,21,MIN,SG,62,28,1547,11.5,0.553,0.387,0.48,5.7,12.8,9.1,8.9,2,1.4,15.3,15.1,0.9,1.2,2.2,0.068,-2.4,0,-2.4,-0.2,okogijo01
Kyle Kuzma,24,LAL,PF,61,9,1526,12.2,0.531,0.407,0.232,3.8,15.7,9.8,7.6,0.9,1.5,11,22.9,0.1,1.9,2,0.063,-1.6,-1,-2.6,-0.2,kuzmaky01
Donte DiVincenzo,23,MIL,SG,66,24,1520,14.1,0.557,0.484,0.169,4.6,15.5,10.3,13.6,2.6,1.2,14.1,17.3,1,3.2,4.3,0.135,-1.1,2.4,1.3,1.3,divindo01
Tyler Herro,20,MIA,SG,55,8,1508,12.5,0.55,0.472,0.158,1.2,14.9,8.3,12.7,1.1,0.6,11.4,22.3,0.2,1.3,1.6,0.05,-0.4,-1.2,-1.6,0.1,herroty01
Jarrett Culver,20,MIN,SG,63,35,1506,9.6,0.467,0.388,0.206,4.7,10.3,7.4,10.8,1.8,2.1,11.5,19.2,-1.2,1.1,-0.1,-0.004,-3.3,-0.7,-4,-0.8,culveja01
Joel Embiid,25,PHI,C,51,51,1506,25.8,0.59,0.215,0.543,10.3,33.2,21.7,16.9,1.4,3.7,13.8,32.9,3.3,2.7,6,0.192,3.7,1,4.7,2.5,embiijo01
Trevor Ariza,34,TOT,SF,53,21,1493,11,0.593,0.639,0.228,2.5,15.7,9,8,2.2,0.9,13.6,11.8,1.3,1.2,2.5,0.081,-1.4,0.9,-0.5,0.6,arizatr01
Lauri Markkanen,22,CHI,PF,50,50,1492,14.3,0.56,0.536,0.259,4.2,19.7,11.6,7.6,1.4,1.5,11,21.1,1,1.6,2.6,0.084,0.2,-0.8,-0.6,0.5,markkla01
Patty Mills,31,SAS,PG,66,1,1485,14.8,0.592,0.674,0.187,1.6,6.2,3.9,11.4,1.7,0.4,7.7,20.4,2.3,0.5,2.8,0.091,1.2,-1.2,0,0.8,millspa02
Serge Ibaka,30,TOR,C,55,27,1485,17.3,0.583,0.272,0.185,8.3,23.5,16.1,8.6,0.9,3,13.1,24,1.2,2.7,3.9,0.126,0.1,0,0.1,0.8,ibakase01
Norman Powell,26,TOR,SG,52,26,1479,16.8,0.624,0.457,0.256,1.9,11.4,6.8,9.7,1.9,1.4,10.4,21.5,2.3,2.3,4.6,0.15,1.2,0.8,2,1.5,powelno01
Larry Nance Jr.,27,CLE,PF,56,10,1472,17.3,0.608,0.369,0.172,7.9,23.1,15.4,12.3,1.9,1.3,11.5,15.2,2.8,1.1,3.9,0.128,1.4,0.4,1.7,1.4,nancela02
Jeff Teague,31,TOT,PG,59,17,1464,14.6,0.557,0.239,0.403,1.9,8.6,5.2,30.7,1.4,1.1,16.8,19.5,1.9,0.6,2.5,0.082,-0.2,-1.3,-1.5,0.2,teaguje01
Rudy Gay,33,SAS,PF,67,5,1461,15.4,0.553,0.369,0.228,4.5,22.2,13.4,11.3,1.1,2,11.8,22,0.9,1.1,2.1,0.068,0,-0.9,-0.8,0.4,gayru01
Landry Shamet,22,LAC,SG,53,30,1452,8.5,0.58,0.757,0.194,0.4,6.6,3.6,9.1,0.7,0.6,9,13.4,1.5,1.1,2.6,0.086,-1.8,-0.3,-2.1,0,shamela01
D'Angelo Russell,23,TOT,PG,45,45,1452,18.7,0.556,0.509,0.235,1.2,12.3,6.6,35.2,1.6,0.8,13.6,31.5,1.1,0.7,1.8,0.06,3.8,-1.9,1.9,1.4,russeda01
Anfernee Simons,20,POR,SG,70,4,1449,9,0.502,0.422,0.172,1.8,9.1,5.5,9.2,0.9,0.6,9.6,18.7,0,0.1,0.2,0.005,-2.6,-1.9,-4.5,-0.9,simonan01
Rui Hachimura,21,WAS,PF,48,48,1444,13.5,0.535,0.16,0.257,5.7,17,11.1,8.8,1.2,0.5,8,19,1.3,0.5,1.8,0.06,-1.2,-2,-3.2,-0.4,hachiru01
Maurice Harkless,26,TOT,PF,62,48,1427,9.8,0.572,0.346,0.233,4.1,13.3,8.8,6.4,1.9,2.1,14.5,10.7,0.8,1.9,2.7,0.09,-2.6,1.9,-0.7,0.5,harklma01
Damion Lee,27,GSW,SG,49,36,1423,12.7,0.548,0.468,0.247,2.4,16.3,9.1,14.4,1.7,0.4,10.6,19,0.9,0.8,1.7,0.058,-1.5,-0.8,-2.3,-0.1,leeda03
D.J. Augustin,32,ORL,PG,57,13,1420,14,0.554,0.436,0.393,1.6,7.8,4.6,26.8,1.2,0.1,13.7,19.1,2,0.9,2.9,0.098,-0.3,-1.3,-1.6,0.2,augusdj01
Paul George,29,LAC,SF,48,48,1419,21.1,0.589,0.487,0.277,1.8,17.7,10,21.1,2.3,1.2,12.5,29.6,2.5,2.3,4.8,0.161,3.8,1.1,4.9,2.5,georgpa01
Mitchell Robinson,21,NYK,C,61,7,1412,23.5,0.726,0,0.434,13.7,18.8,16.2,3.9,1.8,8,8.3,13.3,4.8,2,6.8,0.23,1.6,1.4,2.9,1.8,robinmi01
Bobby Portis,24,NYK,PF,66,5,1393,14.6,0.53,0.317,0.158,6,20.4,12.9,11.1,1.1,1.2,10.4,21.4,0.9,1,1.9,0.064,0,-1.1,-1.1,0.3,portibo01
Derrick Jones Jr.,22,MIA,SF,59,16,1375,14.9,0.62,0.378,0.352,5.6,13.1,9.5,6.7,2.1,2.7,6.9,13.9,2.6,1.8,4.4,0.153,-0.3,1.1,0.7,1,jonesde02
Doug McDermott,28,IND,PF,69,0,1372,14.4,0.62,0.537,0.106,2.1,11.7,7,8.4,0.4,0.3,6.8,19.6,2.3,1.1,3.3,0.117,1.4,-1.3,0,0.7,mcderdo01
Brad Wanamaker,30,BOS,PG,71,1,1369,12.8,0.577,0.282,0.376,1.7,9.4,5.6,17.8,2.2,0.9,15.3,15.5,1.8,1.8,3.5,0.124,-1.9,1.3,-0.6,0.5,wanambr01
Mike Conley,32,UTA,PG,47,41,1363,14.1,0.537,0.451,0.245,2.8,9.2,6.1,23.1,1.3,0.3,12.8,23.1,1.4,1.1,2.5,0.089,0.7,-0.4,0.3,0.8,conlemi01
John Collins,22,ATL,PF,41,41,1363,23.5,0.659,0.243,0.248,9,24,16.4,7.6,1.1,4.1,10.1,22.7,3.8,1.2,4.9,0.174,3.7,-0.6,3.1,1.7,collijo01
Shabazz Napier,28,TOT,PG,56,32,1344,13.8,0.552,0.526,0.336,2,10.9,6.3,27.8,2.4,0.7,19.7,20,0.8,0.9,1.7,0.059,-0.7,-0.4,-1.1,0.3,napiesh01
Patrick Beverley,31,LAC,PG,51,50,1342,12.5,0.56,0.604,0.138,4.5,15.8,10.3,18.2,1.9,1.6,15.4,13.3,1.6,2,3.6,0.128,-0.3,2.5,2.2,1.4,beverpa01
Cody Zeller,27,CHA,C,58,39,1341,18.8,0.576,0.157,0.374,12.6,21.2,16.7,11.3,1.5,1.7,11.9,20.8,2.3,1.3,3.6,0.129,0.2,-0.8,-0.6,0.5,zelleco01
Gary Trent Jr.,21,POR,SF,61,8,1332,12.9,0.587,0.608,0.102,2,5.8,3.9,6.3,1.7,1,4.4,15.3,2.2,0.3,2.5,0.089,0.5,-0.8,-0.3,0.6,trentga02
Kyle Anderson,26,MEM,SF,67,28,1330,12.5,0.534,0.257,0.236,4.7,17.6,11.3,15.9,1.9,2.4,15.3,13.5,0.9,1.7,2.5,0.091,-1.5,2,0.5,0.9,anderky01
Caris LeVert,25,BKN,SG,45,31,1330,16.1,0.514,0.301,0.269,3.9,10.7,7.4,25,1.9,0.6,12.6,29.5,0.1,1.4,1.5,0.055,0.6,-0.9,-0.3,0.5,leverca01
Ivica Zubac,22,LAC,C,72,70,1326,21.7,0.651,0.005,0.431,15.9,26.4,21.3,9.1,0.6,4.4,11.8,16.4,4.4,2.3,6.6,0.241,1.9,0.9,2.8,1.6,zubaciv01
T.J. McConnell,27,IND,PG,71,3,1326,16.5,0.54,0.041,0.102,3.2,12.4,7.8,37.6,2,0.7,18.9,17.5,1.7,1.7,3.3,0.121,0.1,0.4,0.5,0.8,mccontj01
Christian Wood,24,DET,PF,62,12,1325,23.2,0.659,0.276,0.476,8.8,24.8,16.7,7.6,1.3,3.4,12,23,3.6,1.5,5.1,0.183,3.5,-0.3,3.1,1.7,woodch01
JaMychal Green,29,LAC,PF,63,1,1307,11.1,0.576,0.676,0.136,6.3,24.1,15.4,5,1,1.6,12.6,13.7,1.1,2,3.1,0.115,-1.2,0.7,-0.5,0.5,greenja01
Dwight Howard,34,LAL,C,69,2,1306,18.7,0.696,0.018,0.773,14.6,27.8,21.2,4.8,1.1,5.4,18.5,14.7,2.8,2.6,5.4,0.197,-1,1.2,0.2,0.7,howardw01
Kelly Olynyk,28,MIA,C,67,9,1300,14.6,0.621,0.588,0.251,3.9,21.6,13.1,13.3,1.7,1.8,13.8,17.4,1.9,1.8,3.7,0.135,0,1,1,1,olynyke01
Brandon Clarke,23,MEM,PF,58,4,1300,20.9,0.663,0.134,0.234,7.6,20.1,14,9.5,1.1,3.2,9.4,18.7,3.4,1.6,5,0.183,2.4,0.7,3.1,1.7,clarkbr01
Derrick Rose,31,DET,PG,50,15,1298,21,0.555,0.195,0.185,2.3,8.3,5.3,40.5,1.5,1,13.4,31.6,1.8,0.7,2.5,0.092,3.9,-1.7,2.2,1.4,rosede01
Jeremy Lamb,27,IND,SG,46,42,1291,14,0.547,0.33,0.23,2.1,14.8,8.5,10.5,2.1,1.5,8.7,19.6,0.9,1.8,2.7,0.099,-1.1,0.8,-0.4,0.5,lambje01
Matisse Thybulle,22,PHI,SG,65,14,1287,10,0.539,0.592,0.155,3.8,5.4,4.6,8,3.5,3.1,15.3,11.2,0.3,2,2.3,0.086,-2.8,3.1,0.3,0.8,thybuma01
Clint Capela,25,HOU,C,39,39,1279,20.6,0.626,0,0.268,13.6,30.5,22,5.7,1.2,4.8,12.7,16.1,2.8,2.1,4.9,0.184,1,0.4,1.4,1.1,capelca01
Jordan Poole,20,GSW,SG,57,14,1274,7.2,0.454,0.528,0.237,0.7,9.6,5,15.8,1.3,0.7,11.8,21.1,-1.6,0.4,-1.2,-0.047,-4.4,-2.2,-6.6,-1.5,poolejo01
Trey Lyles,24,SAS,PF,63,53,1271,12.6,0.557,0.49,0.131,6,24.6,15.3,7.2,1.1,1.9,9.7,13.6,1.2,1,2.2,0.083,-0.5,-0.7,-1.2,0.3,lylestr01
George Hill,33,MIL,PG,59,2,1271,16.9,0.659,0.468,0.269,4.1,9.3,6.9,19,1.7,0.3,11.9,15.5,3.5,2.1,5.5,0.21,1.6,1.3,2.9,1.6,hillge01
Kris Dunn,25,CHI,PG,51,32,1269,12.1,0.51,0.327,0.158,1.9,14.9,8.1,19.4,3.8,1.3,15.7,14.6,0.3,2,2.3,0.085,-3.8,3.1,-0.6,0.4,dunnkr01
Svi Mykhailiuk,22,DET,SF,56,27,1265,11.2,0.578,0.704,0.173,1.5,7.9,4.7,12.3,1.6,0.3,12.3,17.1,1,0.6,1.6,0.06,-0.7,-1.2,-1.9,0,mykhasv01
James Ennis III,29,TOT,SG,69,18,1265,11.5,0.565,0.471,0.273,6.1,15.3,10.6,7,1.3,1.5,12.6,15.7,1,1.4,2.4,0.09,-2.2,-0.4,-2.6,-0.2,ennisja01
Terrance Ferguson,21,OKC,SF,56,38,1257,3.7,0.481,0.764,0.091,2.1,4.4,3.3,5.3,1,1.2,11.9,9.1,-0.3,0.9,0.6,0.021,-4.8,0.3,-4.5,-0.8,fergute01
Wendell Carter Jr.,20,CHI,C,43,43,1256,15.5,0.59,0.085,0.443,11.6,24.6,17.8,6,1.3,2.7,14.9,16.4,1.7,1.6,3.3,0.127,-2.1,-0.3,-2.4,-0.1,cartewe01
Cameron Johnson,23,PHX,PF,57,9,1255,12.9,0.586,0.672,0.141,4.3,12.4,8.3,7.7,1.4,1.4,6.9,15.7,1.7,1,2.7,0.102,0.8,-0.4,0.3,0.7,johnsca02
Isaac Bonga,20,WAS,SF,66,49,1250,10.2,0.608,0.303,0.363,6,13.8,9.7,7.9,1.7,1.5,17.6,11,1.2,0.6,1.8,0.068,-2.7,-0.1,-2.8,-0.3,bongais01
Elfrid Payton,25,NYK,PG,45,36,1246,16,0.47,0.157,0.195,4.3,14.1,9.1,38.6,2.7,1.3,16.7,19.5,0.5,1.2,1.7,0.065,-0.4,0.4,0,0.6,paytoel01
Pat Connaughton,27,MIL,SG,67,4,1243,11.5,0.565,0.551,0.133,5.1,16.8,11.3,10.9,0.9,2.2,14,12.3,1.1,2.3,3.4,0.13,-0.9,1.5,0.6,0.8,connapa01
Derrick Favors,28,NOP,C,51,49,1243,18.5,0.62,0.021,0.209,13.9,28.9,21.4,9.2,1.1,3.1,12.9,14,2.6,1.6,4.2,0.162,0.7,0.3,1,0.9,favorde01
Richaun Holmes,26,SAC,C,44,38,1242,19.7,0.681,0,0.343,11.2,21.5,16.2,5.1,1.6,4.3,11.6,15.6,3.4,1.5,4.9,0.19,0.3,0.7,1,0.9,holmeri01
Paul Millsap,34,DEN,PF,51,48,1240,16.9,0.591,0.283,0.322,8.9,17.6,13.2,9.6,1.8,2.2,12.3,20,2.1,1.4,3.5,0.136,0.3,-0.2,0.1,0.7,millspa01
Deandre Ayton,21,PHX,C,38,32,1236,20,0.568,0.023,0.157,13,26.3,19.6,9.7,1,4.1,11.6,23.7,1.5,1.6,3.1,0.121,0.8,-0.4,0.4,0.7,aytonde01
DeAndre Jordan,31,BKN,C,56,6,1234,19.9,0.682,0,0.425,12.1,34.5,23.5,12.6,0.7,3.5,17.8,14.1,3,2.2,5.2,0.2,1.2,1.8,3,1.5,jordade01
Tyus Jones,23,MEM,PG,65,6,1232,15.7,0.532,0.289,0.135,0.8,7.9,4.4,32,2.2,0.4,10.8,17.2,1.9,1.1,3,0.117,0.4,0.2,0.6,0.8,jonesty01
Draymond Green,29,GSW,PF,43,43,1222,12.5,0.489,0.408,0.263,2,22.3,11.8,31.2,2.3,2.4,21.8,15.7,-0.2,1.3,1.1,0.044,-2.1,1.9,-0.2,0.5,greendr01
Terence Davis,22,TOR,SG,72,4,1209,13.8,0.588,0.555,0.135,4.5,16,10.3,14.2,1.5,1.1,14.1,19,1.2,1.9,3.1,0.122,0.1,0.7,0.8,0.8,daviste02
Malik Beasley,23,TOT,SG,55,14,1209,12.7,0.546,0.517,0.124,1.6,11.9,6.7,9.4,1.6,0.6,9.2,21.8,0.4,0.8,1.2,0.049,-0.7,-1.4,-2.1,0,beaslma01
Mike Scott,31,PHI,PF,68,11,1207,11.2,0.557,0.62,0.106,5.9,16.8,11.3,6.4,0.8,0.4,6.6,14,1.4,1.1,2.5,0.1,-0.7,-1.1,-1.8,0.1,scottmi01
Marquese Chriss,22,GSW,PF,59,21,1196,19.5,0.604,0.101,0.405,10,23.6,16.5,15.3,1.6,4.7,14.7,19,2.1,1.3,3.4,0.136,0,0.6,0.6,0.8,chrisma01
Frank Ntilikina,21,NYK,PG,57,26,1187,9.8,0.497,0.411,0.177,2,9.1,5.4,20.2,2.2,1.3,16.5,15.4,0.1,0.8,0.9,0.037,-3.6,0.4,-3.2,-0.4,ntilila01
Karl-Anthony Towns,24,MIN,C,35,35,1187,26.5,0.642,0.445,0.363,8.1,26.1,16.8,22.8,1.3,2.9,13.2,28.8,3.7,1.3,5.1,0.204,7,0.8,7.8,2.9,townska01
Markieff Morris,30,TOT,PF,58,17,1187,12.5,0.565,0.498,0.186,3.8,17.1,10.3,10.1,1.3,1.2,13.3,20.9,0.5,1,1.4,0.058,-1.1,-0.9,-2,0,morrima02
Avery Bradley,29,LAL,SG,49,44,1186,8.9,0.537,0.452,0.063,1.7,8.9,5.3,7.2,1.7,0.4,10.7,15.7,0.2,1.4,1.5,0.062,-3,0.5,-2.5,-0.2,bradlav01
Alex Caruso,25,LAL,PG,64,2,1175,10.8,0.525,0.412,0.323,1.6,9.8,5.7,13.6,2.8,1.4,13.8,13.8,0.5,1.8,2.3,0.095,-2.6,2.4,-0.2,0.5,carusal01
Jakob Poeltl,24,SAS,C,66,18,1171,19.1,0.612,0,0.323,12.1,22.5,17.3,13.6,1.5,7.1,15.1,13.2,2.4,1.6,4,0.163,0.5,2,2.5,1.3,poeltja01
Malik Monk,21,CHA,SG,55,1,1169,12.6,0.53,0.418,0.205,2.4,12.6,7.3,16.6,1.1,1.3,12.6,22.9,0.1,0.6,0.7,0.028,-1.1,-1.3,-2.3,-0.1,monkma01
De'Anthony Melton,21,MEM,PG,60,8,1167,13.5,0.501,0.349,0.302,4,15.7,9.9,20.1,3.1,1.5,15.6,19.2,0.1,1.7,1.7,0.072,-2.2,2,-0.2,0.5,meltode01
Kevin Knox,20,NYK,SF,65,4,1166,8.3,0.47,0.496,0.252,2.5,14.7,8.4,7.4,1,2.3,9.2,17.8,-0.5,0.7,0.2,0.007,-3.1,-1.1,-4.2,-0.7,knoxke01
Kevin Porter Jr.,19,CLE,SF,50,3,1162,10.8,0.535,0.375,0.24,2.1,13.5,7.7,13.9,1.9,1,16.7,20.5,-0.3,0.6,0.3,0.012,-3.2,-0.6,-3.8,-0.5,porteke02
Marc Gasol,35,TOR,C,44,43,1161,11.8,0.551,0.53,0.176,2.9,21.7,12.5,17.3,1.4,3.2,16.4,13.2,0.8,2.2,3,0.124,-1.2,2.8,1.6,1.1,gasolma01
Thomas Bryant,22,WAS,C,46,36,1147,21.1,0.649,0.218,0.278,9,23.1,15.8,11.1,1,3.7,10.2,18.9,3.1,0.8,3.9,0.164,2.9,-0.7,2.2,1.2,bryanth01
JaVale McGee,32,LAL,C,68,68,1130,19.4,0.652,0.02,0.268,12.2,25.4,18.9,4.6,1.5,7.5,13.9,14.8,2.2,2.4,4.7,0.198,-0.6,2.1,1.5,1,mcgeeja01
Darius Bazley,19,OKC,PF,61,9,1130,9.6,0.497,0.445,0.196,3,20.5,12,5.1,1,3.1,11.6,15.1,-0.5,1.5,1,0.041,-2.1,0.5,-1.6,0.1,bazleda01
Marvin Williams,33,TOT,PF,58,1,1129,11.2,0.587,0.584,0.213,2.8,14.3,8.5,7.6,1.6,2.4,10.2,12.5,1.1,1.3,2.4,0.102,-1.6,1,-0.6,0.4,willima02
Nerlens Noel,25,OKC,C,61,7,1127,20.4,0.711,0.011,0.394,9.2,19.9,14.7,7.6,2.5,6.9,17.3,14.9,2.6,2.3,4.9,0.209,-0.3,3.4,3.1,1.5,noelne01
Rondae Hollis-Jefferson,25,TOR,PF,60,6,1122,15.1,0.533,0.07,0.435,10.6,15.9,13.3,13.6,2,2,13.1,17.2,1.4,2,3.4,0.146,-1.2,1.5,0.3,0.6,holliro01
Willie Cauley-Stein,26,TOT,C,54,39,1097,17,0.589,0.003,0.219,8,23.3,15.5,9.9,2.1,5,10.8,14.4,1.5,1.5,2.9,0.128,-1.2,1.7,0.5,0.7,caulewi01
Gorgui Dieng,30,TOT,C,63,17,1096,17.1,0.568,0.418,0.277,8.5,25.8,17,9.7,2.2,4.5,12.8,17.6,1.3,1.7,2.9,0.129,-0.2,1.8,1.5,1,dienggo01
Solomon Hill,28,TOT,PF,59,4,1088,9.8,0.535,0.615,0.194,2.9,13,8.1,12.4,1.9,1,14.5,13.6,0.4,1.1,1.4,0.064,-2,0.3,-1.7,0.1,hillso01
Jaxson Hayes,19,NOP,C,64,14,1080,17.6,0.689,0.015,0.734,9.5,16,12.7,7.2,1.1,4.3,13.4,15,2.8,1.1,3.9,0.171,-0.9,0.6,-0.3,0.5,hayesja02
Torrey Craig,29,DEN,SF,58,27,1072,10.8,0.553,0.513,0.134,6.6,13.2,9.9,5.9,1.1,3.1,8.1,12.6,1.1,0.9,2,0.091,-2,-0.3,-2.3,-0.1,craigto01
Dwight Powell,28,DAL,C,40,37,1061,15.9,0.677,0.17,0.485,7.5,14.8,11.2,7.7,1.5,1.8,11.5,12.6,2.6,1,3.6,0.162,0.4,0.9,1.3,0.9,poweldw01
Mason Plumlee,29,DEN,C,61,1,1057,18.8,0.613,0.017,0.538,10.4,23.2,16.8,20.9,1.5,3.3,18.7,18,2,1.4,3.4,0.153,0.3,1.7,2,1.1,plumlma01
Justin Jackson,24,DAL,PF,65,3,1045,9.5,0.496,0.478,0.147,2.7,12.6,7.7,6.8,0.7,0.8,3.7,15.4,0.6,0.6,1.2,0.054,-2.1,-1.3,-3.4,-0.4,jacksju01
Grant Williams,21,BOS,PF,69,5,1043,7.9,0.505,0.455,0.256,6.1,12.1,9.1,8.5,1.4,3.2,17.6,11.6,0.1,1.4,1.6,0.071,-4.1,1.4,-2.7,-0.2,willigr01
Nicolò Melli,29,NOP,C,60,8,1042,11.4,0.556,0.638,0.226,3.9,14.5,9.2,10.5,1.5,1.8,11.5,15.7,0.9,0.9,1.8,0.082,-1.5,0.2,-1.3,0.2,mellini01
Meyers Leonard,27,MIA,C,51,49,1034,10.6,0.627,0.547,0.12,3.4,24,14.1,7.6,0.7,1.4,13.7,12.2,0.9,1.2,2.1,0.096,-1.3,0.4,-0.9,0.3,leoname01
Bismack Biyombo,27,CHA,C,53,29,1029,16.1,0.57,0,0.543,12.3,20.7,16.3,7.8,0.5,4.4,12.2,16.8,1.5,0.9,2.4,0.113,-1.8,-0.7,-2.5,-0.1,biyombi01
Taj Gibson,34,NYK,C,62,56,1025,16.1,0.61,0.049,0.196,11.2,16.7,13.9,7.6,1.3,2.8,13.1,14.8,1.8,0.8,2.6,0.12,-0.8,-0.3,-1.1,0.2,gibsota01
Jalen Brunson,23,DAL,PG,57,16,1022,14.9,0.553,0.309,0.193,2.3,11.3,6.9,27,1,0.3,13.6,20.4,1.6,0.6,2.1,0.101,0.1,-1,-0.9,0.3,brunsja01
E'Twaun Moore,30,NOP,SG,56,6,1020,11.3,0.51,0.382,0.103,3.2,10.4,6.8,11,1.5,0.9,8.1,19.9,0.3,0.7,0.9,0.043,-1.9,-0.8,-2.7,-0.2,mooreet01
Eric Gordon,31,HOU,SF,36,15,1016,10.3,0.51,0.654,0.231,0.9,6.5,3.7,7.9,1,1.1,7.8,22.5,-0.1,0.6,0.5,0.024,-1.8,-2.1,-3.9,-0.5,gordoer01
Ky Bowman,22,GSW,PG,45,12,1015,9.1,0.494,0.333,0.128,2.5,10.7,6.5,19.4,2.1,0.9,17.1,17.2,-0.6,0.6,-0.1,-0.003,-4,-0.3,-4.3,-0.6,bowmaky01
Semi Ojeleye,25,BOS,PF,69,6,1011,7.7,0.562,0.648,0.163,2.8,12.5,7.7,4.7,1,0.5,8.3,9.7,0.8,1,1.9,0.088,-2.1,0.4,-1.7,0.1,ojelese01
Lonnie Walker IV,21,SAS,SG,61,12,988,10.5,0.507,0.283,0.171,2.5,12.7,7.6,9.6,1.5,1.2,10.3,18.7,-0.2,0.6,0.3,0.016,-2.5,-1,-3.5,-0.4,walkelo01
Ersan İlyasova,32,MIL,PF,63,8,986,14.9,0.589,0.438,0.278,6.6,22.7,15.1,6.6,1.1,1.5,8.8,16.1,1.6,2,3.6,0.174,-0.3,0.8,0.4,0.6,ilyaser01
Rajon Rondo,33,LAL,PG,48,3,984,12.4,0.494,0.381,0.125,2.6,13.1,7.9,32.9,1.9,0.2,20.8,18.7,0.1,1.3,1.4,0.068,-1.2,-0.1,-1.4,0.2,rondora01
Enes Freedom,27,BOS,C,58,7,983,22.4,0.599,0.02,0.284,18,28.9,23.5,8.8,1.1,3.9,12.5,19.4,2.6,1.8,4.4,0.214,1.8,-0.3,1.5,0.9,kanteen01
Jonathan Isaac,22,ORL,PF,34,32,980,17.3,0.552,0.283,0.232,6.2,19.6,12.7,7.4,2.6,7.2,11.8,18.3,0.6,1.9,2.5,0.12,-0.6,2.9,2.3,1.1,isaacjo01
Jerome Robinson,22,TOT,SG,63,6,979,7.4,0.476,0.494,0.184,1.4,12.8,7,11.9,1.3,1.5,12.8,16.4,-0.6,0.8,0.2,0.009,-3.8,-0.2,-3.9,-0.5,robinje01
Alex Len,26,TOT,C,55,12,970,17.7,0.6,0.185,0.329,11.1,25.2,18,7.9,1.1,4.3,13.1,18.1,1.5,1,2.5,0.122,-0.5,-0.3,-0.7,0.3,lenal01
Kyle Korver,38,MIL,SF,58,1,960,11.3,0.62,0.809,0.14,1.6,10.4,6.3,9.2,1.2,1.1,13.4,15.4,0.9,1.5,2.5,0.124,-0.6,0.7,0.1,0.5,korveky01
Jeff Green,33,TOT,C,48,4,960,13.7,0.59,0.532,0.265,2.7,12,7.5,7.9,1.3,1.7,9.9,19,1.2,0.9,2.1,0.104,0,-0.1,-0.1,0.5,greenje02
Robin Lopez,31,MIL,C,66,5,958,10.2,0.554,0.351,0.177,6.2,10.2,8.3,6.3,0.5,4.1,16.4,16.6,-0.1,1.6,1.5,0.077,-3,0.4,-2.6,-0.2,lopezro01
Wes Iwundu,25,ORL,SF,52,21,953,10.3,0.544,0.352,0.416,2.6,12.5,7.4,8.8,1.3,1.2,8.6,13.7,0.8,0.8,1.7,0.084,-2.7,0,-2.6,-0.2,iwundwe01
Jevon Carter,24,PHX,PG,58,2,945,11.3,0.563,0.601,0.111,3.5,10.5,6.9,11.9,2.4,1.6,11.2,12.9,0.8,1,1.8,0.093,-0.7,1.3,0.6,0.6,carteje01
Aron Baynes,33,PHX,C,42,28,934,15.2,0.581,0.441,0.197,8.3,20,14.1,10.9,0.5,2.1,10.8,21.1,1.3,0.8,2.1,0.107,-0.2,-0.8,-1,0.2,baynear01
Ryan Arcidiacono,25,CHI,PG,58,4,930,9,0.551,0.627,0.173,2.3,11.2,6.5,14.3,1.4,0.3,13.5,12.5,0.7,0.7,1.4,0.071,-2.7,-0.1,-2.8,-0.2,arcidry01
Treveon Graham,26,TOT,SF,55,20,929,6.6,0.456,0.496,0.231,5.7,11.7,8.6,6.6,1.2,0.5,9.8,13.1,-0.2,0.4,0.2,0.009,-4.5,-1.1,-5.6,-0.8,grahatr01
Isaiah Thomas,30,WAS,PG,40,37,925,11.6,0.531,0.444,0.178,1.2,7,4,23.4,0.7,0.6,14.4,24.1,0.1,-0.1,0,0.002,-0.5,-3.9,-4.4,-0.5,thomais02
Georges Niang,26,UTA,PF,66,1,923,11.7,0.589,0.699,0.075,1.9,12.9,7.6,7,0.9,0.4,8.3,17.2,1,0.8,1.8,0.092,0.4,-0.5,-0.1,0.4,niangge01
Khem Birch,27,ORL,C,48,24,922,11.7,0.566,0.007,0.706,10.3,15.6,12.9,7.3,1.1,2.3,14.2,10.2,1.2,0.9,2.2,0.112,-2.5,0.2,-2.4,-0.1,birchkh01
Luke Kennard,23,DET,SG,28,25,922,14.4,0.589,0.535,0.219,1.1,11.1,6,19.2,0.6,0.5,10.3,19.8,1.6,0.3,1.9,0.1,1.1,-1.4,-0.3,0.4,kennalu01
Jabari Parker,24,TOT,PF,38,23,917,18,0.571,0.277,0.189,7.1,18.3,12.6,12.4,2.3,1.5,12.1,24,0.8,0.8,1.6,0.083,0.6,-0.3,0.3,0.5,parkeja01
DeAndre' Bembry,25,ATL,SG,43,4,915,9.6,0.5,0.285,0.211,3.9,14.1,8.9,12.3,2.8,1.7,19.4,14,-0.5,0.8,0.2,0.012,-3.5,1.1,-2.5,-0.1,bembrde01
Patrick McCaw,24,TOR,SF,37,12,908,7.3,0.5,0.438,0.111,2.3,7.6,5,11.5,2,0.4,14.6,9.4,0.2,1.2,1.4,0.075,-3.6,1.8,-1.8,0,mccawpa01
Michael Porter Jr.,21,DEN,SF,55,8,903,19.8,0.617,0.384,0.188,8.2,23.9,16.1,7.9,1.5,2.6,10.6,22.3,1.8,1.1,2.9,0.154,2.4,-0.8,1.5,0.8,portemi01
Cody Martin,24,CHA,SF,48,3,903,10.5,0.505,0.372,0.314,4.4,15.1,9.6,15.7,2.2,0.9,15.7,13.6,0.2,0.8,1,0.052,-3.1,1,-2.1,0,martico01
Hamidou Diallo,21,OKC,SF,46,3,896,9.3,0.491,0.193,0.213,5.6,14.7,10.3,5.9,2,0.9,13.6,18.4,-0.7,1.1,0.4,0.022,-4.2,0.3,-3.9,-0.4,diallha01
Damian Jones,24,ATL,C,55,27,887,15.6,0.712,0.051,0.472,8.9,16.2,12.5,5.6,1.4,3.8,11.5,11.4,2.2,0.6,2.8,0.152,-1.6,0.1,-1.5,0.1,jonesda03
Omari Spellman,22,GSW,C,49,3,886,14.4,0.551,0.373,0.312,9.1,18,13.4,8.1,1.8,2.4,13.9,18.8,0.5,0.7,1.2,0.066,-0.8,-1,-1.8,0.1,spellom01
Marco Belinelli,33,SAS,SG,57,0,883,10.8,0.532,0.567,0.185,0.9,11.2,6,10.7,0.6,0.1,5.3,17.5,0.7,0.2,0.8,0.046,-0.7,-2,-2.7,-0.2,belinma01
Mo Bamba,21,ORL,C,62,0,878,17.5,0.542,0.374,0.161,11.9,25.6,18.5,7.2,1.3,8.8,12.1,17.1,0.8,1.7,2.5,0.135,-1.2,1.6,0.4,0.5,bambamo01
Vince Carter,43,ATL,PF,60,0,876,7.5,0.47,0.664,0.095,2.2,13.2,7.6,7.7,1.2,2.4,9.4,16.6,-0.6,0.4,-0.2,-0.011,-3.1,-1.2,-4.3,-0.5,cartevi01
Anthony Tolliver,34,TOT,PF,55,13,872,7,0.513,0.797,0.159,4.1,14.3,9.3,6,1,1.1,14.9,11.1,0,0.4,0.5,0.026,-2.7,-0.5,-3.2,-0.3,tollian01
Rodney McGruder,28,LAC,SG,56,4,871,6.7,0.477,0.492,0.188,3.6,14.2,9,5.3,1.4,0.8,10.9,10.6,-0.1,1.1,1,0.055,-3.7,0.8,-3,-0.2,mcgruro01
Mario Hezonja,24,POR,PF,53,4,871,9.5,0.525,0.358,0.271,3.6,18.3,11,7.5,2,0.9,14.7,13.9,0.1,0.6,0.8,0.043,-3.1,0.2,-2.9,-0.2,hezonma01
Abdel Nader,26,OKC,SF,55,6,867,11.3,0.591,0.487,0.251,1.8,10.6,6.4,6.4,1.3,2,12.8,17,0.5,0.9,1.3,0.074,-1.2,0.2,-1,0.2,naderab01
Timothé Luwawu-Cabarrot,24,BKN,SF,47,2,853,11,0.599,0.595,0.301,3.6,11.6,7.7,4.9,1,0.7,10.8,16.8,0.9,0.7,1.7,0.095,-1.8,-0.5,-2.2,-0.1,luwawti01
Emmanuel Mudiay,23,UTA,PG,54,2,850,13,0.543,0.266,0.254,2.4,13.5,8.2,20.9,1.4,1,17.3,22.6,0.1,0.9,1,0.057,-1.8,-0.1,-1.9,0,mudiaem01
Damyean Dotson,25,NYK,SG,48,0,836,10.9,0.527,0.562,0.114,1.2,10.6,5.8,10,1.3,0.5,6.5,16.5,0.6,0.4,0.9,0.053,-0.9,-0.5,-1.4,0.1,dotsoda01
Moritz Wagner,22,WAS,C,45,5,835,15.1,0.638,0.301,0.357,7,22.2,14.3,9.8,1.6,2,17.7,18.6,1.1,0.6,1.7,0.099,-2,-0.3,-2.3,-0.1,wagnemo01
Michael Carter-Williams,28,ORL,SG,45,0,833,15.3,0.535,0.288,0.365,5.8,13.5,9.5,19.1,2.9,2.4,14.7,18.3,0.7,1.2,1.9,0.111,-1.5,1.6,0.1,0.5,cartemi01
Juancho Hernangómez,24,TOT,PF,48,14,833,10.4,0.518,0.522,0.287,5.6,20.5,12.8,6.6,1.1,1,10.3,15.7,0.2,0.7,0.9,0.052,-2.2,-1.1,-3.4,-0.3,hernaju01
Kenrich Williams,25,NOP,PF,39,18,832,7.5,0.429,0.66,0.177,6.5,17.3,11.9,8.4,1.5,2.1,12.2,8.9,0.1,0.8,0.9,0.05,-3.4,0.9,-2.4,-0.1,willike04
Matthew Dellavedova,29,CLE,PG,57,4,821,8.1,0.463,0.52,0.211,2.4,7.8,5.1,29,1.2,0.2,23.6,13,0.1,0.1,0.2,0.011,-3.6,-1.6,-5.2,-0.7,dellama01
Luguentz Dort,20,OKC,SF,36,28,820,7.6,0.506,0.463,0.243,3.3,7.5,5.5,4.6,1.8,0.4,8.4,14.1,0.1,0.8,0.8,0.049,-4.1,0.4,-3.7,-0.4,dortlu01
Chris Boucher,27,TOR,C,62,0,819,20.7,0.587,0.395,0.388,14.1,21.4,17.9,4.8,1.3,7.3,7.4,19.7,2.1,1.8,3.8,0.224,1,1,2,0.8,bouchch01
Ian Mahinmi,33,WAS,C,38,35,808,14.2,0.545,0.124,0.538,10.1,19.7,14.7,8.3,1.8,4.8,14.8,15.7,0.7,0.7,1.4,0.083,-2.8,0,-2.7,-0.2,mahinia01
Shake Milton,23,PHI,SG,40,24,805,14.4,0.617,0.487,0.235,2.1,10,6,18.8,1.2,0.7,13.3,18.9,1.4,0.7,2.1,0.126,0,-1,-1,0.2,miltosh01
Frank Jackson,21,NOP,PG,59,2,797,9.1,0.51,0.435,0.227,2.9,8.1,5.5,10.8,1,0.4,11.9,21.2,-0.2,0.3,0.2,0.01,-3.3,-2.2,-5.5,-0.7,jacksfr01
Jordan McRae,28,TOT,SG,37,4,784,14.2,0.515,0.344,0.298,2.4,15.4,8.7,17.9,1.3,1.8,9.4,24.4,0.4,0.4,0.7,0.044,0,-1.5,-1.5,0.1,mcraejo01
Frank Kaminsky,26,PHX,C,39,13,777,14.2,0.545,0.404,0.293,4.9,20.4,12.6,14.3,0.9,1.1,9.6,21,0.7,0.7,1.4,0.087,-0.1,-0.4,-0.5,0.3,kaminfr01
Thon Maker,22,DET,C,60,14,776,13.7,0.582,0.332,0.57,7.8,16.7,12.2,8,1.6,4.2,15.7,16.1,0.7,0.8,1.5,0.096,-2.1,0.7,-1.4,0.1,makerth01
Patrick Patterson,30,LAC,PF,59,18,776,11.5,0.58,0.738,0.185,4.8,15.1,10.1,7.2,0.4,0.3,7.7,14.7,1.1,0.8,1.9,0.118,0.8,-0.5,0.3,0.5,pattepa01
Dewayne Dedmon,30,TOT,C,44,18,774,9.4,0.473,0.42,0.141,8.5,27.6,17.8,4,1.5,4.8,17.4,18.1,-1,1,0.1,0.005,-5.8,0,-5.8,-0.7,dedmode01
Sterling Brown,24,MIL,SF,52,1,767,9.5,0.486,0.531,0.156,4.3,18.5,11.8,8.6,1.7,0.8,13.3,17,-0.4,1.5,1.1,0.07,-3,1,-2,0,brownst02
Sekou Doumbouya,19,DET,PF,38,19,754,6.2,0.474,0.415,0.195,3,14.9,8.9,3.6,1.3,0.9,12,16.9,-0.8,0.5,-0.3,-0.02,-5.2,-1.4,-6.7,-0.9,doumbse01
Keita Bates-Diop,24,TOT,SF,44,0,744,12.4,0.539,0.44,0.321,3.5,15.1,9.1,5.8,1.2,2.7,6,15.8,0.6,0.6,1.2,0.078,-1,-0.4,-1.4,0.1,bateske01
Reggie Jackson,29,TOT,PG,31,16,743,13.7,0.529,0.445,0.166,2.5,10.8,6.7,26.2,0.8,0.6,12.7,23.1,0.6,0.5,1.1,0.073,0.8,-1.2,-0.4,0.3,jacksre01
Wilson Chandler,32,BKN,PF,35,3,734,7.4,0.531,0.661,0.126,1.6,18.5,10.2,7.3,1,1.4,15,12.9,-0.1,0.9,0.7,0.046,-3.7,1,-2.7,-0.1,chandwi01
Elie Okobo,22,PHX,PG,55,3,719,10.6,0.516,0.392,0.392,2.4,11.6,6.9,21.2,1.6,0.5,15.2,14.8,0.5,0.5,1,0.067,-1.9,0,-1.9,0,okoboel01
Grayson Allen,24,MEM,SG,38,0,718,12,0.609,0.562,0.179,1.2,11.1,6.2,10,0.7,0.2,10.9,17.6,0.8,0.4,1.2,0.082,-0.1,-1.2,-1.3,0.1,allengr01
Bruno Fernando,21,ATL,C,56,13,713,11.9,0.542,0.186,0.256,10,20,15,9.9,1.2,2,15.9,15.3,0.4,0.4,0.8,0.055,-3.2,-0.9,-4.1,-0.4,fernabr01
Tyler Johnson,27,TOT,SG,39,7,709,10.1,0.504,0.476,0.2,2.7,8.9,5.8,14.8,1.1,1.1,9.6,18,0.3,0.5,0.7,0.05,-2,-0.9,-2.9,-0.2,johnsty01
Dwayne Bacon,24,CHA,SG,39,11,687,6.1,0.419,0.275,0.217,2.3,14,7.9,11.7,1.7,0.3,12.2,19.5,-1.2,0.4,-0.8,-0.053,-5.9,-0.9,-6.8,-0.8,bacondw01
Rodions Kurucs,21,BKN,PF,47,9,684,8.9,0.555,0.508,0.215,3.9,16.6,10.4,10.4,1.7,0.6,19.2,14.7,-0.1,0.8,0.8,0.055,-3.6,0.9,-2.8,-0.1,kurucro01
Reggie Bullock,28,NYK,SG,29,19,684,9.3,0.502,0.496,0.094,2,8.8,5.3,8.8,1.8,0.4,7.5,15.6,0.2,0.3,0.5,0.036,-2.8,-0.3,-3,-0.2,bullore01
Raul Neto,27,PHI,PG,54,3,668,12.7,0.567,0.396,0.212,1.8,8.3,5,20.3,1.7,0.8,16.2,18.7,0.5,0.6,1.2,0.083,-1.2,-0.6,-1.8,0,netora01
Zion Williamson,19,NOP,PF,24,24,668,24.1,0.616,0.039,0.494,10.1,13.7,11.9,13.3,1.1,1.1,11.9,30.5,1.5,0.4,2,0.141,3.5,-1.4,2.1,0.7,willizi01
Harry Giles,21,SAC,C,46,17,667,16.4,0.58,0.008,0.195,7.1,25.1,15.9,14.2,1.6,2.6,13.9,20.6,0.8,0.8,1.6,0.112,-2.2,0.9,-1.3,0.1,gilesha01
Tony Bradley,22,UTA,C,58,3,663,21.7,0.681,0.016,0.243,19.1,25,22.2,5.4,1,4.1,12.5,15.8,2.2,1.1,3.3,0.236,1,0.3,1.3,0.6,bradlto01
Kyrie Irving,27,BKN,PG,20,20,658,26.2,0.595,0.341,0.245,3.5,12.5,8.1,36.7,1.9,1.3,10.1,32.6,2.1,0.8,2.9,0.21,6.7,0.9,7.7,1.6,irvinky01
Allen Crabbe,27,TOT,SF,37,1,653,6,0.47,0.672,0.079,1.8,11,6.3,6.8,1.1,0.5,8.5,12.7,-0.2,0.2,-0.1,-0.007,-3.7,-1.5,-5.3,-0.5,crabbal01
Rodney Hood,27,POR,SF,21,21,619,12.2,0.625,0.413,0.157,1.7,10.4,6.1,7,1.3,0.6,9.4,13.9,0.9,0.2,1.1,0.084,-0.4,-0.5,-0.9,0.2,hoodro01
James Johnson,32,TOT,PF,32,1,619,14.8,0.572,0.423,0.223,4.3,16.3,10.3,18.4,1.9,4.6,16.9,19.4,0.3,0.8,1.1,0.089,-1.1,1.2,0,0.3,johnsja01
Daniel Gafford,21,CHI,C,43,7,609,16.2,0.686,0,0.448,9,10.3,9.6,5.2,1,8.7,15.3,13.3,1.1,0.8,1.9,0.146,-2.8,1.5,-1.3,0.1,gaffoda01
John Henson,29,TOT,C,40,8,600,17,0.578,0.211,0.269,8.5,21.8,15.1,13.4,2,6,15.8,16.3,0.6,0.8,1.4,0.109,-1.2,2.1,0.9,0.4,hensojo01
Alfonzo McKinnie,27,CLE,SF,40,1,593,8.7,0.493,0.38,0.181,6.9,14.4,10.6,3.3,1.9,1.2,12.3,15.2,-0.2,0.3,0.2,0.014,-4.4,-0.9,-5.3,-0.5,mckinal01
Nickeil Alexander-Walker,21,NOP,SG,47,1,591,8.9,0.473,0.5,0.139,1.6,13.5,7.5,21.1,1.3,1.1,16.1,23.3,-0.7,0.4,-0.2,-0.02,-3.2,-1.4,-4.6,-0.4,alexani01
Jordan McLaughlin,23,MIN,PG,30,2,590,16.3,0.587,0.427,0.219,1.2,7.8,4.4,31,2.7,0.6,13.7,15.8,1.1,0.4,1.6,0.13,0.3,0,0.3,0.3,mclaujo01
Nassir Little,19,POR,PF,48,5,573,9.6,0.505,0.391,0.291,5.7,13.9,9.9,5,1.1,2.1,8.1,13.7,0.3,0.3,0.6,0.047,-2.9,-0.6,-3.5,-0.2,littlna01
Mike Muscala,28,OKC,C,47,2,572,12.5,0.569,0.757,0.116,3.2,17.3,10.4,10.1,0.8,1.8,7.9,16.6,0.7,0.6,1.3,0.107,0.1,-0.2,-0.1,0.3,muscami01
Skal Labissière,23,POR,C,33,1,567,15.4,0.588,0.088,0.224,12.1,19,15.6,10.1,0.6,4.7,15.7,14.3,1,0.4,1.4,0.119,-1.5,0.2,-1.3,0.1,labissk01
Gary Clark,25,TOT,PF,42,5,567,10.7,0.568,0.835,0.075,6.8,14,10.3,4.1,0.5,3.4,6.8,11,0.7,0.5,1.2,0.1,-0.9,-0.9,-1.9,0,clarkga01
Luke Kornet,24,CHI,C,36,14,559,12.7,0.539,0.578,0.15,4.1,12.9,8.3,8.5,0.9,4.4,6.6,16.3,0.5,0.6,1.1,0.091,-0.9,-0.2,-1.2,0.1,kornelu01
Wayne Ellington,32,NYK,SG,36,1,558,8.5,0.509,0.822,0.075,0.7,12,6.2,11,1.1,0.7,9.1,15,0.2,0.2,0.4,0.035,-1.9,-1,-2.9,-0.1,ellinwa01
Dennis Smith Jr.,22,NYK,PG,34,3,537,7.4,0.399,0.256,0.251,4.1,11.7,7.7,26.4,2.5,1.4,19.8,23.1,-1.4,0.5,-0.9,-0.079,-5.2,-0.9,-6.1,-0.6,smithde03
Troy Daniels,28,TOT,SG,47,0,532,8.4,0.518,0.71,0.086,2.5,8.2,5.4,4.3,1,0.5,5.9,16.3,0.1,0.5,0.6,0.056,-1.7,-1.2,-2.9,-0.1,danietr01
Yogi Ferrell,26,SAC,PG,50,0,530,12.2,0.528,0.42,0.223,1.2,9.4,5.2,18.8,1.6,0.7,11.9,19.2,0.3,0.3,0.7,0.06,-1.5,-0.3,-1.8,0,ferreyo01
Victor Oladipo,27,IND,SG,19,16,528,11.3,0.506,0.423,0.24,1.9,13.6,7.8,15.4,1.6,0.7,14.7,26.5,-0.6,0.6,0,0.002,-2.2,-1.1,-3.3,-0.2,oladivi01
Chandler Hutchison,23,CHI,SF,28,10,527,12.4,0.521,0.217,0.446,3.6,19.8,11.3,7.4,2.5,1.3,11.4,19.1,0,0.7,0.7,0.06,-2.7,0.1,-2.6,-0.1,hutchch01
Trey Burke,27,TOT,PG,33,1,520,15.6,0.548,0.359,0.139,3.4,7,5.2,23.7,1.5,0.3,8.7,20,1,0.4,1.3,0.123,0.8,-1,-0.2,0.2,burketr01
Blake Griffin,30,DET,PF,18,18,512,11.9,0.476,0.444,0.392,3.7,15,9.3,18,0.7,1.1,12,28.4,-0.4,0.3,-0.1,-0.012,-1.7,-2.6,-4.3,-0.3,griffbl01
Quinn Cook,26,LAL,PG,44,1,508,10,0.509,0.397,0.065,2.4,8.5,5.5,13.8,1.1,0.4,13,21,-0.2,0.5,0.3,0.03,-2.3,-1.4,-3.8,-0.2,cookqu01
Jake Layman,25,MIN,SF,23,2,505,10.3,0.544,0.402,0.179,3.4,8.7,6,4.4,1.6,1.6,11.1,17.7,0,0.3,0.3,0.03,-2.8,-0.9,-3.7,-0.2,laymaja01
Nicolas Batum,31,CHA,SF,22,3,505,9.2,0.463,0.605,0.123,5.2,16.8,10.8,18.3,1.7,1.5,20.5,9.4,0.2,0.4,0.6,0.055,-2.8,0.9,-1.9,0,batumni01
Kelan Martin,24,MIN,SF,31,4,495,9.2,0.506,0.53,0.171,2.5,18.6,10.2,6.8,0.7,1.5,9.3,17.8,-0.1,0.3,0.2,0.023,-3.3,-1,-4.3,-0.3,martike03
Naz Reid,20,MIN,C,30,11,495,15.3,0.505,0.399,0.218,7,19.9,13.2,11.2,1.8,3.7,7.6,24,0.2,0.6,0.8,0.074,-1.6,-0.3,-1.9,0,reidna01
Denzel Valentine,26,CHI,SF,36,5,488,13,0.511,0.578,0.034,1.9,15.5,8.4,14.2,2.6,1.2,9.8,23.3,-0.1,0.6,0.5,0.048,-0.8,0.2,-0.6,0.2,valende01
Džanan Musa,20,BKN,SF,40,0,487,9.4,0.484,0.453,0.349,4.6,13.5,9.1,12.6,1.5,0.2,15.4,20.1,-0.3,0.5,0.2,0.016,-3.5,-0.9,-4.4,-0.3,musadz01
Danté Exum,24,TOT,SG,35,1,485,10.3,0.576,0.361,0.361,2.7,12.6,7.7,11.5,1.3,1.4,18.4,15,0.2,0.2,0.4,0.043,-2.5,-0.4,-2.9,-0.1,exumda01
Marko Gudurić,24,MEM,SG,44,0,484,8.8,0.514,0.529,0.166,3.1,12.6,7.9,12.3,1.2,1.4,17.6,17.6,-0.3,0.4,0.1,0.014,-2.7,-0.7,-3.4,-0.2,gudurma01
Shaquille Harrison,26,CHI,SG,43,10,484,17.8,0.559,0.255,0.303,4.8,15.3,9.8,15.3,3.4,3.7,9.2,18.1,0.7,0.8,1.5,0.153,0.4,2.4,2.8,0.6,harrish01
Cheick Diallo,23,PHX,C,47,2,479,16.5,0.688,0.021,0.275,6.9,23.7,15.2,6.9,1.1,2.2,16.7,17,0.8,0.5,1.3,0.132,-1.1,-0.2,-1.3,0.1,diallch01
Goga Bitadze,20,IND,C,54,2,471,12.1,0.523,0.28,0.22,5.9,18.7,12.3,6.7,1,6.9,14.5,17.9,-0.1,0.8,0.7,0.067,-4.1,1.8,-2.3,0,bitadgo01
JaKarr Sampson,26,IND,PF,34,12,471,12.6,0.615,0.113,0.235,4.7,15.7,10.2,6.1,1.6,2.2,10.6,13.2,0.6,0.7,1.2,0.124,-2.8,1.4,-1.4,0.1,sampsja02
Javonte Green,26,BOS,SG,48,2,468,13.1,0.564,0.262,0.333,5.6,15.6,10.6,7.7,2.5,1.6,13.7,15.3,0.4,0.8,1.1,0.113,-2.1,1.4,-0.7,0.2,greenja02
Jahlil Okafor,24,NOP,C,30,9,467,18.3,0.642,0.019,0.383,10.9,18,14.4,12,0.7,3.9,16.7,19.9,0.9,0.4,1.3,0.133,-0.5,0.3,-0.2,0.2,okafoja01
Brandon Knight,28,TOT,SG,25,3,462,8.5,0.503,0.784,0.204,1,9.1,5,21.6,1.1,0.6,17.3,20.6,-0.2,0.1,-0.1,-0.01,-1.8,-2.6,-4.4,-0.3,knighbr03
J.J. Barea,35,DAL,PG,29,6,450,14.6,0.512,0.411,0.106,2.4,9.9,6.2,37.1,0.5,0.4,14.9,24.2,0.5,0.2,0.7,0.072,1.6,-3,-1.4,0.1,bareajo01
Edmond Sumner,24,IND,SG,31,3,447,10.1,0.491,0.373,0.204,2.7,8.5,5.6,16.7,1.6,1.8,12.4,17.3,-0.1,0.5,0.4,0.047,-3.1,0.2,-2.9,-0.1,sumneed01
Matt Thomas,25,TOR,SG,41,1,440,13.3,0.65,0.66,0.08,2.2,12.2,7.3,7.5,1.1,0.2,9.3,16.6,0.7,0.6,1.2,0.133,1,0.1,1.1,0.3,thomama02
Anžejs Pasečņiks,24,WAS,C,27,0,437,11.3,0.551,0.026,0.5,10.1,16.9,13.4,5.7,1,2.4,14.5,15.8,0.3,0.2,0.5,0.054,-4.1,-1.5,-5.6,-0.4,pasecan01
Thabo Sefolosha,35,HOU,PF,41,0,436,9.4,0.487,0.593,0.088,5,17.5,11.2,7.5,2.5,2.4,13.7,10.4,0,0.6,0.7,0.072,-2.9,1.7,-1.2,0.1,sefolth01
Gary Payton II,27,WAS,SF,29,17,432,11.3,0.473,0.397,0.069,6.3,14.2,10.1,14.8,3.6,1.4,14.3,13.4,0,0.4,0.5,0.051,-3.1,1.5,-1.6,0,paytoga02
Brandon Goodwin,24,ATL,PG,34,1,430,11.6,0.507,0.458,0.158,2.7,15.5,9,18,1.3,0.8,12.5,22.4,-0.1,0.2,0.1,0.013,-1.6,-1.3,-2.9,-0.1,goodwbr01
Boban Marjanović,31,DAL,C,44,5,422,25.7,0.612,0.081,0.27,16.6,32.1,24.5,8.3,0.9,2,11.3,26.9,1.2,0.6,1.8,0.2,2.8,-1.6,1.2,0.3,marjabo01
Andre Iguodala,36,MIA,SF,21,0,418,10.5,0.507,0.534,0.17,4.7,15.7,10.4,16.9,1.6,5,21.6,12.7,0,0.6,0.6,0.065,-1.9,1.4,-0.5,0.2,iguodan01
Jacob Evans,22,TOT,SG,29,1,418,5.5,0.436,0.291,0.216,2.3,8.6,5.3,10.8,1.3,2.6,14.6,17.5,-0.7,0.2,-0.5,-0.056,-5.8,-1.3,-7.1,-0.5,evansja02
PJ Dozier,23,DEN,SG,29,0,412,11.6,0.495,0.312,0.185,2.7,12.2,7.5,21.6,1.7,1.3,13.7,20.8,0,0.4,0.4,0.044,-2.5,-1.2,-3.8,-0.2,doziepj01
Chris Chiozza,24,TOT,PG,28,2,401,12,0.499,0.514,0.036,2.4,11.6,6.9,29.4,2.5,0.9,18.4,18.1,0,0.4,0.5,0.055,-1.6,0.5,-1.2,0.1,chiozch01
Robert Williams,22,BOS,C,29,1,388,23.1,0.728,0,0.386,11.2,24,17.7,10.1,2.7,8.4,16.9,13.6,1.1,1,2,0.253,0.8,4.3,5.1,0.7,williro04
Cristiano Felício,27,CHI,C,22,0,386,12.8,0.671,0.037,0.426,15,14.1,14.6,5.7,1.2,0.5,21.9,9.1,0.7,0.3,1,0.126,-1.4,-1.7,-3.1,-0.1,feliccr01
Josh Jackson,22,MEM,SF,22,0,381,14.1,0.547,0.453,0.314,3.1,14.9,9.1,13.1,2.2,2.1,13.4,22.8,0.1,0.5,0.5,0.069,-1,1.1,0.1,0.2,jacksjo02
Al-Farouq Aminu,29,ORL,PF,18,2,380,7.6,0.395,0.419,0.337,6.6,18.4,12.3,7.4,2.3,1.9,14.7,13.2,-0.4,0.5,0.1,0.014,-4.4,1.4,-3,-0.1,aminual01
Noah Vonleh,24,TOT,C,36,1,377,15.5,0.622,0.163,0.348,10.1,25.3,17.4,10.7,1.4,1.3,16.5,13.9,0.6,0.4,1,0.127,-1.2,0.3,-1,0.1,vonleno01
Willy Hernangómez,25,CHA,C,31,0,375,19.2,0.576,0.158,0.424,12.1,27.5,19.5,13.5,1.3,1.7,15.4,22.9,0.4,0.4,0.8,0.107,0.6,-0.5,0.1,0.2,hernawi01
Romeo Langford,20,BOS,SG,32,2,370,5.4,0.434,0.338,0.313,4.4,7.4,5.9,4.5,1,2,10.8,11.8,-0.2,0.4,0.2,0.025,-4.7,-0.3,-4.9,-0.3,langfro01
Admiral Schofield,22,WAS,PF,33,2,368,6.1,0.502,0.663,0.163,2,12.4,7,5.3,1,0.9,6.6,11.9,0.1,0.1,0.1,0.017,-4.3,-1.2,-5.5,-0.3,schofad01
Theo Pinson,24,BKN,SG,33,0,365,5.2,0.37,0.516,0.103,2.9,12.2,7.7,21.7,2.2,0.9,16.9,22.3,-1,0.4,-0.6,-0.078,-6.8,-0.2,-7,-0.5,pinsoth01
Jared Dudley,34,LAL,PF,45,1,364,7.8,0.558,0.7,0.033,1.8,13.7,7.8,9.5,2,0.7,11.6,8,0.3,0.5,0.8,0.102,-2.7,2,-0.7,0.1,dudleja01
D.J. Wilson,23,MIL,PF,37,1,363,8.2,0.475,0.553,0.136,3.5,20.5,12.5,9.1,0.4,1.2,12,18.1,-0.3,0.6,0.3,0.046,-4.1,0,-4,-0.2,wilsodj01
Terance Mann,23,LAC,SF,41,6,362,10.6,0.545,0.253,0.342,2.9,12.6,7.9,19.3,1.4,1.2,16.5,12.6,0.4,0.4,0.8,0.106,-2.7,1.2,-1.5,0,mannte01
Deonte Burton,26,OKC,SF,39,0,356,4.3,0.396,0.424,0.112,2.2,15.1,8.8,6.8,1,2.4,12.7,18.5,-0.9,0.4,-0.5,-0.067,-6.3,-0.5,-6.8,-0.4,burtode02
Tim Frazier,29,DET,PG,27,11,355,9.8,0.464,0.319,0.255,2.8,7.8,5.3,36.5,1.9,0.9,25.6,17.3,-0.1,0.2,0.1,0.016,-3,-1.6,-4.6,-0.2,fraziti01
Justise Winslow,23,MIA,SG,11,5,352,8.5,0.44,0.209,0.209,5.3,17.5,11.6,18.7,1,1.4,14.6,20.6,-0.4,0.4,0,-0.004,-3.5,-0.1,-3.6,-0.1,winslju01
Carsen Edwards,21,BOS,SG,37,0,351,6.9,0.444,0.594,0.148,1.9,12.4,7.2,9.3,1.7,1.1,9.9,18.4,-0.3,0.4,0.1,0.014,-4.4,-0.2,-4.6,-0.2,edwarca01
Chris Silva,23,MIA,PF,44,0,346,17.3,0.651,0.038,0.705,20.2,20.6,20.4,9.9,1.3,6,23.8,17.1,0.7,0.5,1.3,0.178,-3.1,0.8,-2.3,0,silvach01
Courtney Lee,34,DAL,SG,24,9,345,10.8,0.629,0.573,0.085,2.2,7.5,4.9,4.7,2.5,1.5,11.4,11.9,0.3,0.3,0.7,0.092,-2.1,1.5,-0.6,0.1,leeco01
Marvin Bagley III,20,SAC,C,13,6,334,15.6,0.512,0.132,0.186,9.5,23.5,16.3,4.9,0.9,3.4,9.1,25.8,0,0.3,0.4,0.051,-2.2,-1.4,-3.5,-0.1,baglema01
Otto Porter Jr.,26,CHI,SF,14,9,331,15.8,0.55,0.443,0.193,4.1,12.3,8,11.9,2.2,1.7,6.8,21,0.4,0.4,0.8,0.112,0.8,0.2,1,0.3,porteot01
Ty Jerome,22,PHX,SG,31,0,328,7.9,0.425,0.442,0.142,2.3,13.4,7.8,18.2,2.2,0.8,13,17.9,-0.3,0.3,0,-0.003,-3.9,0.1,-3.7,-0.1,jeromty01
Caleb Martin,24,CHA,SF,18,1,317,12,0.595,0.44,0.25,3.3,10,6.5,11.1,1.9,2,13.9,15,0.3,0.2,0.5,0.081,-1.6,0.6,-1,0.1,martica02
Kyle O'Quinn,29,PHI,C,29,2,313,18.6,0.544,0.318,0.235,12,29,20.5,22.7,1.1,6.5,17.6,15.7,0.5,0.6,1.1,0.165,0.3,2.7,3,0.4,oquinky01
Ed Davis,30,UTA,C,28,1,303,9.5,0.489,0,0.304,13.2,24.6,19.1,5.2,1.8,2.5,20,9.4,0.2,0.5,0.6,0.102,-4.6,1.5,-3.2,-0.1,davised01
Keldon Johnson,20,SAS,SF,17,1,301,19.1,0.711,0.247,0.494,3.6,16.8,10.2,7.2,2.2,0.6,10.7,17.4,0.8,0.2,1.1,0.174,1.5,0,1.5,0.3,johnske04
Jalen McDaniels,22,CHA,SF,16,0,293,10.7,0.574,0.343,0.243,5.4,19.4,12.1,6.8,1.4,0.9,12.4,13.3,0.2,0.2,0.5,0.078,-3.4,0.1,-3.3,-0.1,mcdanja01
Chris Clemons,22,HOU,SG,33,0,291,13.1,0.548,0.754,0.077,1.4,9.4,5.4,14.3,1.4,1.8,11.5,23.6,0.1,0.2,0.4,0.058,0.3,-1.3,-1,0.1,clemoch01
Allonzo Trier,24,NYK,SG,24,1,291,14.5,0.62,0.5,0.406,2.1,8.7,5.3,14.8,0.5,1.3,15,21.4,0.5,0.1,0.5,0.087,1,-1.4,-0.4,0.1,trieral01
Zach Collins,22,POR,PF,11,11,290,9.9,0.538,0.279,0.118,9.1,15.7,12.4,7.2,0.8,1.5,16.4,12.5,0.2,0.1,0.3,0.052,-1.7,-1.4,-3.1,-0.1,colliza01
DeMarre Carroll,33,TOT,C,24,0,290,9.1,0.515,0.5,0.636,4.4,15.8,10.1,11.2,1.3,1.5,16.8,14.8,0,0.2,0.3,0.045,-3.1,-0.7,-3.9,-0.1,carrode01
Caleb Swanigan,22,TOT,PF,27,1,288,7.6,0.597,0.043,0.362,9.9,26.4,18.3,13.9,0.5,2.2,40.4,13.5,-0.2,0.2,0,0.004,-6.3,0.2,-6,-0.3,swanica01
Dragan Bender,22,TOT,C,16,3,286,10.9,0.545,0.467,0.152,5.9,21.1,13.5,14.4,0.7,2.8,17.6,17.7,0,0.3,0.3,0.052,-3.1,0.2,-2.9,-0.1,bendedr01
Michael Kidd-Gilchrist,26,TOT,PF,25,0,281,4.2,0.416,0.303,0.212,5.3,20.4,12.8,7.1,0.3,1.9,18.1,13.7,-0.4,0.2,-0.2,-0.03,-6.3,-1.1,-7.4,-0.4,kiddgmi01
Drew Eubanks,22,SAS,C,22,3,272,17.3,0.682,0.015,0.388,11.1,22.6,16.8,7.7,0.9,5.5,21.1,15.8,0.5,0.3,0.8,0.134,-1.4,-0.4,-1.8,0,eubandr01
Juan Toscano-Anderson,26,GSW,SG,13,6,272,9.4,0.529,0.365,0.079,3.5,17.8,10.4,13.8,2.3,1.7,19.7,12.7,-0.1,0.2,0.2,0.03,-4.1,0.5,-3.6,-0.1,toscaju01
David Nwaba,27,BKN,SF,20,0,268,14,0.627,0.394,0.38,3.2,14,8.7,4.3,1.9,3.7,8.8,14.2,0.4,0.4,0.8,0.138,-1,2,1.1,0.2,nwabada01
Isaiah Hartenstein,21,HOU,C,23,2,266,18.6,0.674,0.075,0.418,11.3,24.3,17.7,10,1.6,3.9,16.8,14.8,0.7,0.4,1.1,0.19,-1,1.3,0.3,0.2,harteis01
Kevon Looney,23,GSW,C,20,4,262,9.4,0.403,0.177,0.152,11.2,16.3,13.6,11.1,2.2,2.1,12.5,15.7,-0.2,0.2,0,0.006,-4.8,-0.8,-5.6,-0.2,looneke01
Jordan Bell,25,TOT,C,29,0,256,13.9,0.577,0.179,0.463,12,21.8,16.7,8.9,0.5,3.2,20.7,16.4,0.2,0.2,0.4,0.07,-1.4,-1.1,-2.5,0,belljo01
Jusuf Nurkić,25,POR,C,8,8,253,22.6,0.567,0.092,0.321,9.6,24.1,16.9,19.1,2.1,5.4,13.2,24,0.5,0.3,0.9,0.164,1,1,2,0.2,nurkiju01
Evan Turner,31,ATL,SG,19,0,251,6.8,0.424,0.075,0.209,3.4,13,8.2,20.6,1.7,2.7,26.2,16.4,-0.5,0.1,-0.3,-0.064,-4.9,-0.7,-5.5,-0.2,turneev01
Derrick Walton,24,TOT,PG,26,1,248,8.7,0.617,0.615,0.231,0.9,5.8,3.4,13.9,1.4,0,10.4,8.1,0.4,0.2,0.6,0.111,-2.2,1.3,-1,0.1,waltode01
Bruno Caboclo,24,TOT,C,30,0,244,14.1,0.484,0.371,0.101,10,15.8,12.9,6.8,2.9,6.1,12.3,18,0,0.4,0.4,0.076,-3,0.9,-2.1,0,cabocbr01
Iman Shumpert,29,BKN,SF,13,0,241,5.3,0.403,0.516,0.109,3.9,10.5,7.3,6.7,2.4,0.7,13,13.4,-0.3,0.3,0,-0.005,-6.2,0.7,-5.5,-0.2,shumpim01
Wenyen Gabriel,22,TOT,PF,30,1,235,9.6,0.546,0.417,0.458,9.5,13.9,11.7,4.4,2.2,2.6,21.7,13.4,0,0.2,0.2,0.048,-3.7,-0.1,-3.8,-0.1,gabriwe01
Justin James,23,SAC,SF,36,0,232,11,0.477,0.345,0.25,2.8,12.9,7.8,11.2,1.3,3.7,7.9,18.9,-0.1,0.2,0.1,0.028,-1.4,0,-1.4,0,jamesju01
Norvel Pelle,26,PHI,C,24,0,232,10.5,0.526,0.021,0.292,9.5,24.8,17.1,4.6,0.6,11.4,24.9,13.4,-0.2,0.5,0.3,0.069,-7.8,2.6,-5.2,-0.2,pelleno01
Garrison Mathews,23,WAS,SG,18,0,227,13.1,0.691,0.821,0.607,2.8,9,5.8,5.8,1.6,0.4,10.1,14.5,0.6,0.1,0.6,0.131,-0.6,-0.5,-1.1,0.1,mathega01
T.J. Leaf,22,IND,PF,28,1,222,12.9,0.451,0.209,0.186,11.5,23.5,17.5,5.7,2.2,1.6,7.9,20,-0.1,0.4,0.3,0.061,-2.5,0.1,-2.4,0,leaftj01
Ante Žižić,23,CLE,C,22,0,221,16.4,0.597,0,0.264,9,24.4,16.6,4.2,1.5,1.9,11.1,17.5,0.3,0.2,0.5,0.106,-1.7,-1.5,-3.2,-0.1,zizican01
Tyson Chandler,37,HOU,C,26,5,219,10.8,0.717,0,0.722,11.8,19.8,15.8,3.5,1.3,3.1,25.2,6,0.3,0.3,0.6,0.131,-2.6,1.1,-1.5,0,chandty01
Dion Waiters,28,TOT,SG,10,0,207,11.5,0.521,0.475,0.172,1.1,11.5,6.4,14.4,0.9,2.7,13.1,25.2,-0.1,0.2,0.1,0.03,-0.7,-0.6,-1.2,0,waitedi01
Mychal Mulder,25,GSW,SF,7,3,204,7.8,0.533,0.776,0.179,1.5,11,6.1,5.8,0.5,0.4,6.5,16.2,0,0,0.1,0.017,-3.2,-2.9,-6,-0.2,muldemy01
Nic Claxton,20,BKN,C,15,0,187,14.8,0.577,0.146,0.438,10.7,13.6,12.2,12.4,0.3,3.6,13.6,14.8,0.3,0.2,0.5,0.121,-0.7,0.1,-0.7,0.1,claxtni01
Cameron Payne,25,PHX,SG,8,0,183,15.7,0.612,0.426,0.103,2.4,16.6,9.4,19.5,2.1,1,13.4,19.1,0.3,0.2,0.5,0.12,0.7,1,1.7,0.2,payneca01
John Konchar,23,MEM,SG,19,0,181,18,0.713,0.27,0.054,10.7,16.6,13.7,16.2,1.8,1.5,15.6,10.3,0.5,0.2,0.7,0.182,2.5,2,4.5,0.3,konchjo01
Ryan Broekhoff,29,DAL,SF,17,1,180,13.1,0.568,0.864,0.136,3,21.9,12.5,8.3,1.3,1.9,8.8,16.3,0.2,0.2,0.4,0.109,0.5,0.3,0.8,0.1,broekry01
Johnathan Williams,24,WAS,PF,15,6,180,14,0.566,0.059,0.382,14,25.3,19.4,5.9,0.3,3.9,11.2,10.3,0.3,0.1,0.4,0.109,-0.8,-1.3,-2,0,willijo04
Malcolm Miller,26,TOR,SF,28,1,162,6.7,0.538,0.759,0.276,1.3,8.9,5.2,8.9,1.5,1.2,11,9.6,0.1,0.2,0.3,0.082,-3.5,1.2,-2.3,0,millema01
Rayjon Tucker,22,UTA,SG,20,0,161,9.7,0.584,0.395,0.535,2.1,11.2,6.8,4.4,0.3,0.5,13.1,16.6,0.1,0.1,0.2,0.063,-3.8,-2.2,-6.1,-0.2,tuckera01
C.J. Miles,32,WAS,SF,10,0,161,11.1,0.472,0.593,0.339,2.6,5.7,4.1,10,2.9,2.2,5.6,18.6,0,0.1,0.1,0.035,-1.7,0,-1.7,0,milescj01
Tyrone Wallace,25,ATL,SG,14,0,160,3.9,0.389,0.341,0.386,2,13,7.4,10.9,2,0.5,16.3,16,-0.3,0.1,-0.2,-0.075,-7.8,-1,-8.7,-0.3,wallaty01
Amir Coffey,22,LAC,SG,18,1,159,8.5,0.493,0.352,0.204,2.7,7.6,5.2,12.3,1.5,1.1,12,17.6,0,0.2,0.1,0.041,-4.3,0.1,-4.1,-0.1,coffeam01
Jaylen Nowell,20,MIN,SG,15,0,151,10.5,0.471,0.491,0.321,2,7.3,4.5,17.8,0.9,0.6,4.7,17.3,0.1,0,0.2,0.051,-2.9,-0.8,-3.8,-0.1,nowelja01
Stanley Johnson,23,TOR,PF,25,0,150,9.9,0.454,0.407,0.271,5,20.6,13,19.4,1.9,2.6,18.5,23.1,-0.3,0.3,0,0.014,-3.9,1.4,-2.5,0,johnsst04
Michael Frazier,25,HOU,SG,13,0,145,-0.9,0.384,0.793,0.483,0.7,6.6,3.6,1.7,0.6,0,12.5,11.5,-0.2,0.1,-0.2,-0.06,-8.9,-2.1,-11,-0.3,frazimi01
DaQuan Jeffries,22,SAC,SG,13,0,141,11.2,0.586,0.45,0.15,2.3,12.3,7.2,7.1,1.4,0.7,4.5,13.7,0.2,0.1,0.3,0.1,-2.8,-1.1,-3.8,-0.1,jeffrda01
Alen Smailagić,19,GSW,C,14,0,139,14.5,0.61,0.325,0.475,7.5,13.7,10.5,14.3,1,2.6,18.5,18.2,0.2,0.1,0.2,0.081,-1.5,-0.7,-2.2,0,smailal01
Stephen Curry,31,GSW,PG,5,5,139,21.7,0.557,0.598,0.317,3,17.8,10.1,42.3,1.7,1.3,14.6,33.6,0.2,0.1,0.3,0.103,4.5,-0.6,3.9,0.2,curryst01
Oshae Brissett,21,TOR,SF,19,0,135,6.7,0.458,0.417,0.278,7.2,13,10.2,7,1.4,0.7,14.8,15,-0.1,0.2,0.1,0.043,-5.8,0.4,-5.3,-0.1,brissos01
Juwan Morgan,22,UTA,PF,21,0,134,10.1,0.648,0.308,0.154,8.5,15.1,11.9,6.2,0.4,1.2,17.8,11,0.2,0.1,0.3,0.106,-2.9,-0.3,-3.2,0,morgaju01
Donta Hall,22,TOT,PF,9,0,133,13.6,0.652,0,0.818,11.4,19.2,15.4,4.2,1.1,3.8,14.3,11.1,0.2,0.2,0.4,0.137,-3.5,-0.4,-3.9,-0.1,halldo01
Vincent Poirier,26,BOS,C,22,0,130,12.7,0.525,0.056,0.194,10.8,24.4,17.7,8.5,0.7,6.4,17,15.4,0.1,0.2,0.3,0.113,-4.8,1,-3.8,-0.1,poirivi01
Thanasis Antetokounmpo,27,MIL,SF,20,2,129,12.2,0.496,0.208,0.354,9.8,8.7,9.2,16.3,2.5,1.4,17.8,21.6,-0.1,0.2,0.2,0.07,-4.6,1.4,-3.2,0,antetth01
Melvin Frazier,23,ORL,SG,19,0,126,9.8,0.559,0.471,0.118,1.7,7.1,4.3,3.4,3.5,1.4,12.3,14,0,0.2,0.2,0.057,-3.5,1.2,-2.3,0,frazime01
Tremont Waters,22,BOS,PG,11,1,119,4.3,0.381,0.49,0.163,0,10.7,5.4,18.3,4.1,1.6,22.2,24.2,-0.5,0.2,-0.3,-0.103,-8.5,1,-7.5,-0.2,watertr01
Alize Johnson,23,IND,PF,17,1,118,13.3,0.509,0.276,0.345,15,29.4,22.3,7.7,1.2,1.5,17.3,15,0.1,0.2,0.3,0.111,-1.8,0.2,-1.6,0,johnsal02
Frank Mason III,25,MIL,PG,9,0,118,16.9,0.53,0.412,0.333,4.5,11.1,8,35,1.9,0.7,15.8,24.3,0.1,0.2,0.4,0.143,-0.6,0.6,0,0.1,masonfr01
Kadeem Allen,27,NYK,PG,10,0,117,14,0.512,0.364,0.25,1.8,6.6,4.1,27,2.1,1.6,14.1,20.6,0.1,0.1,0.1,0.053,-0.3,-0.7,-0.9,0,allenka01
Adam Mokoka,21,CHI,SF,11,0,112,8.2,0.538,0.536,0.143,6.6,3.1,4.9,5,1.7,0,6.3,12.1,0.1,0.1,0.2,0.073,-2.9,-1.2,-4.1,-0.1,mokokad01
Miye Oni,22,UTA,SF,10,1,109,9.7,0.512,0.594,0.156,5.2,11.7,8.6,5.1,1.8,1.5,10.5,15.3,0,0.1,0.1,0.063,-3.1,-1.1,-4.3,-0.1,onimi01
Justin Anderson,26,BKN,SG,10,1,107,3.2,0.352,0.763,0.105,1,18.9,10.2,10.1,0,4.7,9.1,17.1,-0.2,0.1,-0.1,-0.054,-6.8,-1,-7.7,-0.2,anderju01
Chimezie Metu,22,SAS,C,18,0,105,22.2,0.608,0.048,0.31,12.3,21.6,16.9,14.9,1.4,5,17.3,23.7,0.2,0.1,0.3,0.13,1.7,-0.1,1.7,0.1,metuch01
Yuta Watanabe,25,MEM,SF,18,0,105,11.2,0.48,0.235,0.235,7.2,12.8,10,6.4,2.2,0.8,5.1,15.7,0,0.1,0.1,0.065,-2.4,0.7,-1.7,0,watanyu01
Jaylen Hoard,20,POR,PF,13,0,103,14.9,0.504,0.094,0.406,14.4,18.1,16.2,5.3,2.3,0,9.6,17.2,0.1,0.1,0.2,0.093,-0.8,-1.3,-2.1,0,hoardja01
Jeremiah Martin,23,BKN,PG,9,0,99,21.8,0.541,0.34,0.264,1.1,9.2,5.2,30.8,3.3,1.7,6.3,26.7,0.2,0.1,0.4,0.176,1.5,1.7,3.2,0.1,martije02
Lance Thomas,31,BKN,PF,7,4,98,3,0.485,0.565,0.174,2.2,11.4,6.9,8.2,0,0,19.5,13.1,-0.1,0.1,0,-0.015,-5.7,-2.5,-8.2,-0.2,thomala01
Jarrell Brantley,23,UTA,PF,9,0,96,8,0.416,0.464,0.071,2.4,19.9,11.5,15.8,1.5,4.3,19.5,16.3,-0.2,0.1,0,-0.006,-5.3,0.7,-4.6,-0.1,brantja01
Bol Bol,20,DEN,PF,7,0,87,14.4,0.617,0.321,0.357,6.4,18,12.2,9.8,1.1,6.4,23.6,21.2,0,0.1,0.1,0.063,-2.3,-0.7,-3,0,bolbo01
Andre Roberson,28,OKC,SF,7,0,87,5.4,0.335,0.483,0.069,9.2,24.7,17.1,6.3,0.6,3,6.3,16.1,-0.1,0.1,0,-0.017,-5.2,-0.2,-5.4,-0.1,roberan03
Paul Watson,25,TOT,SF,10,0,87,12.6,0.517,0.462,0.346,2.5,17.9,10.3,12.4,2.2,1.1,9.1,16.1,0,0.1,0.2,0.097,-1.1,0.9,-0.2,0,watsopa01
B.J. Johnson,24,ORL,SF,10,0,83,5.4,0.412,0.281,0.313,3.8,16.1,9.7,5.1,1.8,0,14.2,22.1,-0.2,0.1,-0.1,-0.074,-5.8,-3.2,-9,-0.1,johnsbj01
Gabe Vincent,23,MIA,PG,9,0,83,1.2,0.297,0.73,0,0,6.5,3.4,10.1,2.9,0,2.6,20.2,-0.3,0.1,-0.2,-0.117,-8.5,-1.9,-10.4,-0.2,vincega01
Devon Hall,24,OKC,PG,11,0,81,3.1,0.298,0.567,0.267,2.8,6.6,4.8,21.3,2.4,1.1,13,20.9,-0.3,0.1,-0.2,-0.116,-6,-0.7,-6.7,-0.1,hallde01
Talen Horton-Tucker,19,LAL,SG,6,1,81,12.3,0.535,0.433,0.133,2.7,6.7,4.7,10.5,4.7,1.1,15.9,19.7,0,0.2,0.1,0.07,-4,2,-2.1,0,hortota01
Jerian Grant,27,WAS,SG,6,0,80,6.6,0.449,0.296,0.259,2.6,5.7,4.1,15.3,0.6,1.1,9.1,17.2,0,0,0,-0.018,-4.5,-2,-6.5,-0.1,grantje02
J.R. Smith,34,LAL,SG,6,0,79,0,0.372,0.5,0.091,0,6.9,3.5,4.8,0.6,0,14.9,14.3,-0.2,0.1,-0.1,-0.077,-7.8,-2,-9.8,-0.2,smithjr01
Quinndary Weatherspoon,23,SAS,SG,11,0,78,3.2,0.336,0.294,0.118,1.4,8.3,4.8,17.5,1.8,1.1,21.9,12.7,-0.2,0,-0.1,-0.071,-6.4,-1,-7.4,-0.1,weathqu01
Amile Jefferson,26,ORL,PF,18,0,74,8.9,0.372,0,1,14.1,19.5,16.7,7.2,0.7,3.7,13,13.5,0,0.1,0,0.023,-4.8,-1,-5.8,-0.1,jeffeam01
Dean Wade,23,CLE,PF,12,0,71,13.9,0.744,0.308,0.077,4.6,25.3,14.9,4,1.4,4.8,18.2,9.9,0.1,0.1,0.2,0.105,-1.7,0.5,-1.3,0,wadede01
Mfiondu Kabengele,22,LAC,C,12,0,64,18.2,0.614,0.625,0.156,1.7,15.8,8.9,4.9,1.5,2.8,5.5,23.7,0.1,0.1,0.2,0.173,2.3,-0.1,2.2,0.1,kabenmf01
Louis King,20,DET,SF,10,0,62,6.2,0.448,0.524,0.143,1.8,16.7,9.2,11.8,1.6,0,8.2,17.1,-0.1,0,0,-0.007,-5.1,-1.1,-6.2,-0.1,kinglo02
Vic Law,24,ORL,PF,8,0,62,3.7,0.363,0.389,0.333,3.4,16.2,9.6,6.7,1.6,0,8.8,15.8,-0.1,0.1,-0.1,-0.052,-7,-2.6,-9.6,-0.1,lawvi01
Khyri Thomas,23,DET,SG,8,0,61,3.1,0.453,0.824,0.235,1.8,0,0.9,6.7,2.4,0,13.8,15.6,-0.1,0,0,-0.038,-6.2,-1.7,-7.9,-0.1,thomakh01
Chandler Parsons,31,ATL,PF,5,0,54,5.6,0.389,0.778,0,2,12.1,7,7.5,3.5,1.6,14.3,16.1,-0.1,0,-0.1,-0.065,-4.4,-1.6,-6,-0.1,parsoch01
Tyler Cook,22,TOT,PF,13,0,54,19.4,0.741,0,0.667,12.3,16.6,14.4,2.9,2.7,0,16.2,14.7,0.2,0,0.2,0.182,0.3,-0.5,-0.2,0,cookty01
Jordan Bone,22,DET,PG,10,0,53,0.8,0.3,0.5,0,0,8.7,4.3,21,0.9,0,9.1,18.1,-0.1,0,-0.1,-0.117,-9.1,-2.8,-11.9,-0.1,bonejo01
Ignas Brazdeikis,21,NYK,SF,9,0,53,3.2,0.351,0.409,0.227,3.9,6.2,5,10.6,0,1.8,7.6,21,-0.1,0,-0.1,-0.108,-5.1,-3.9,-9,-0.1,brazdig01
Jarrod Uthoff,26,TOT,PF,7,0,53,8.8,0.503,0.5,0.111,4,8.6,6.1,0,0.9,0,0,14.8,0,0,0,0.018,-2.2,-2.4,-4.6,0,uthofja01
Kevin Hervey,23,OKC,PF,10,0,52,5,0.315,0.741,0,2.2,22.7,12.7,13.9,0.9,1.7,0,22.8,-0.2,0.1,-0.1,-0.085,-4,-1.1,-5.1,0,herveke01
Zylan Cheatham,24,NOP,PF,4,0,51,6.7,0.667,0.111,0,6.2,12.5,9.4,7.7,0.9,1.6,30.8,10.4,0,0,0,0.034,-6.6,-0.5,-7.2,-0.1,cheatzy01
Nigel Williams-Goss,25,UTA,PG,10,0,50,8.1,0.415,0.438,0.125,4.6,8.5,6.6,16.4,2.9,1.7,15.1,17.4,-0.1,0.1,0,0.017,-5.2,1.3,-3.9,0,willini01
Joakim Noah,34,LAC,C,5,0,50,11.1,0.608,0,1,10.7,22.3,16.6,17.9,0.9,1.8,34.2,14.7,0,0.1,0.1,0.096,-4.1,2.5,-1.6,0,noahjo01
Justin Robinson,22,WAS,PG,9,0,49,8.2,0.542,0.417,0,2.1,9.3,5.6,18.8,0,1.8,20,12.7,0,0,0,0.007,-2.6,-3.1,-5.7,0,robinju01
Luka Šamanić,20,SAS,PF,3,1,48,8.8,0.45,0.5,0.25,2.2,20.2,11.2,16.3,0,3.7,10.1,17.8,0,0,0,0.011,-2.4,-1.7,-4.1,0,samanlu01
Naz Mitrou-Long,26,IND,SG,5,0,47,7.8,0.412,0.706,0,0,16.2,8.2,22.8,1,1.9,15,18.7,-0.1,0.1,0,-0.022,-3.5,2.1,-1.4,0,mitrona01
Jonah Bolden,24,TOT,C,7,0,47,4.9,0.392,0.364,0.364,7,14.3,10.6,0,3,3.7,13.6,13.4,-0.1,0.1,0,-0.006,-8.8,-0.4,-9.2,-0.1,boldejo01
Antonius Cleveland,25,DAL,SG,11,0,46,2.5,0.34,0.214,0.357,4.6,11.3,8,2.8,1.1,5.6,11,16.9,-0.1,0,-0.1,-0.076,-9,-1,-10.1,-0.1,clevean01
Jarred Vanderbilt,20,TOT,PF,11,0,46,7.6,0.676,0.125,0.25,7.3,14.5,10.9,5.9,3.2,2,44.1,14.9,-0.1,0.1,0,-0.026,-6.8,0.5,-6.3,-0.1,vandeja01
Vlatko Čančar,22,DEN,PF,14,0,45,11.4,0.507,0.4,0.267,12.5,12.4,12.4,9.1,1.1,2.1,15.2,19.1,0,0,0.1,0.062,-3.6,-1.2,-4.8,0,cancavl01
Justin Wright-Foreman,22,UTA,PG,4,0,45,8.8,0.437,0.5,0.2,0,11.8,6.1,23,2.2,0,12.1,24.1,-0.1,0.1,0,-0.008,-7,-2,-9,-0.1,wrighju02
Udonis Haslem,39,MIA,C,4,1,44,6.5,0.47,0.273,0.364,2.6,36.7,20.3,3.2,0,0,7.3,13.8,0,0.1,0,0.041,-5.8,-1.6,-7.4,-0.1,hasleud01
Jeremy Pargo,33,GSW,PG,3,0,44,12.6,0.557,0.318,0.045,2.4,5.1,3.7,33.2,1.1,0,15.1,25.7,0,0,0,0.011,-2.8,-3.1,-5.9,0,pargoje01
Johnathan Motley,24,LAC,PF,13,0,41,28.5,0.774,0.067,0.467,7.8,17.3,12.7,32.9,3.5,0,21.7,23.5,0.2,0.1,0.3,0.299,4.8,3.3,8.1,0.1,motlejo01
Zach Norvell,22,TOT,SG,5,0,41,2.6,0.402,0.667,0.083,0,16.3,7.9,10.2,2.3,0,19.4,16.1,-0.1,0,-0.1,-0.084,-7.1,-1.2,-8.4,-0.1,norveza01
Charlie Brown Jr.,22,ATL,SG,10,0,40,11,0.472,0.474,0.263,5.3,5.5,5.4,7.3,2.3,4.2,12.4,25.1,0,0,0,-0.028,-1.2,-1.4,-2.5,0,brownch02
Chasson Randle,26,GSW,PG,3,0,40,6.7,0.377,0.5,1.5,0,5.6,2.7,15.7,2.4,0,0,7.1,0,0,0,0.045,-6,0.2,-5.9,0,randlch01
Josh Magette,30,ORL,PG,8,0,38,5.1,0.378,0.267,0.133,2.7,14.6,8.5,19.2,3.8,2.4,23.9,23.7,-0.2,0.1,-0.1,-0.127,-7.9,1.6,-6.2,0,magetjo01
Sindarius Thornwell,25,NOP,SF,2,0,35,14.7,0.627,0.364,0.364,0,12.2,6.1,16.1,1.3,2.4,13.6,17.3,0,0,0.1,0.101,0.4,-1.2,-0.8,0,thornsi01
Moses Brown,20,POR,C,9,0,33,6.7,0.407,0,0.8,9.6,34.5,22.2,4,1.4,2.6,18.2,21.2,-0.1,0,0,-0.065,-8.2,-1.8,-10,-0.1,brownmo01
Tacko Fall,24,BOS,C,7,0,33,28.4,0.751,0,0.214,3.3,44.9,24.3,5.8,1.5,11.2,16.4,23.7,0.1,0.1,0.2,0.223,0.4,6,6.5,0.1,fallta01
Corey Brewer,33,SAC,PF,5,0,33,8.7,0.47,0.25,0.75,6.7,21,13.6,7.7,5.9,0,27.3,9.6,0,0.1,0,0.064,-6,2.8,-3.2,0,breweco01
Joe Chealey,24,CHA,PG,4,0,33,-2.9,0.127,0.571,0.286,0,0,0,3.9,6.1,0,20.2,13.2,-0.2,0,-0.1,-0.188,-14.3,1.7,-12.5,-0.1,chealjo01
Zhaire Smith,20,PHI,SF,7,0,32,1.1,0.313,0.273,0.364,0,6.9,3.5,8.2,4.5,0,13.6,19.9,-0.1,0.1,-0.1,-0.12,-10.2,0.4,-9.8,-0.1,smithzh01
Jalen Lecque,19,PHX,SG,5,0,32,2.7,0.46,0.4,0.2,0,7,3.5,8.6,0,0,15.5,17.1,0,0,0,-0.065,-6.6,-2.9,-9.5,-0.1,lecquja01
Brian Bowen,21,IND,SF,6,1,31,0.1,0.3,0.2,0,3.6,21,12.4,0,0,2.8,9.1,15.6,-0.1,0,-0.1,-0.107,-9.1,-1.8,-10.9,-0.1,bowenbr02
Dewan Hernandez,23,TOR,C,6,0,28,12.9,0.432,0.143,0.357,19.3,33.2,26.4,16.4,1.7,0,15.6,29.3,0,0.1,0,0.043,-6.6,-3,-9.6,-0.1,hernade01
Josh Reaves,22,DAL,SF,4,0,28,5.8,0.405,0.222,0.222,3.8,7.4,5.6,14.2,0,0,0,15.1,0,0,0,0.031,-5.3,-4,-9.4,-0.1,reavejo02
Marial Shayok,24,PHI,SG,4,0,28,1.4,0.4,0.5,0.333,3.9,23.7,13.8,4.8,0,3,17.9,25.8,-0.1,0,-0.1,-0.13,-9.3,-3.7,-13,-0.1,shayoma01
KZ Okpala,20,MIA,PF,5,0,26,13.7,0.595,0.2,0.4,4.5,16.6,10.8,5.5,3.8,3.8,14.5,11.7,0,0,0.1,0.118,-1.3,3.7,2.4,0,okpalkz01
Luc Mbah a Moute,33,HOU,PF,3,0,25,6.4,0.425,0.4,0.4,4.2,4.2,4.2,0,3.7,0,14.5,11.4,0,0,0,-0.008,-5.2,-2.2,-7.4,0,mbahalu01
Justin Patton,22,OKC,C,5,0,24,4.7,0.45,0.4,0,4.7,17.9,11.5,12.6,0,0,16.7,22,-0.1,0,0,-0.063,-6.8,-3.3,-10.1,0,pattoju01
Josh Gray,26,NOP,PG,2,0,23,-5,0.5,0,0,4.6,4.6,4.6,10.4,0,0,71.4,12.5,-0.1,0,-0.1,-0.226,-11.4,-4.7,-16,-0.1,grayjo01
Kostas Antetokounmpo,22,LAL,PF,5,0,20,16.3,0.902,0,0.667,11.1,5.4,8.2,13.7,0,0,20.5,10.3,0.1,0,0.1,0.193,0.2,-0.9,-0.7,0,antetko01
Matt Mooney,23,CLE,SG,4,0,19,8.1,0.25,0.5,0,0,17.7,8.8,6.7,5.1,4.5,0,9,0,0,0,0.007,-5.3,5,-0.4,0,moonema01
Eric Mika,25,SAC,C,1,0,19,13.9,0.773,0,0.667,11.6,30.4,20.7,0,0,0,0,8.9,0.1,0,0.1,0.218,-1.9,-1.5,-3.4,0,mikaer01
Henry Ellenson,23,BKN,C,5,0,15,-1.3,0.143,0.571,0,14.1,27,20.7,8.7,0,0,0,19.5,-0.1,0,-0.1,-0.183,-7.5,-3.4,-10.9,0,ellenhe01
Stanton Kidd,27,UTA,SG,4,0,15,-13.7,0,0.333,0,0,21.3,11,8,0,0,40,14.6,-0.1,0,-0.1,-0.327,-16.2,-1.4,-17.6,-0.1,kiddst01
Tariq Owens,24,PHX,PF,3,0,15,8.4,0.34,0.4,0.4,14.6,7.5,11.1,0,3.2,0,0,16.7,0,0,0,0.021,-3.1,-2.7,-5.8,0,owensta01
Daryl Macon,24,MIA,PG,4,0,14,-3.1,0.5,0.667,0,0,0,0,9.7,0,0,40,15.7,0,0,0,-0.161,-7.3,-4.8,-12,0,maconda01
Ryan Anderson,31,HOU,C,2,0,14,9.4,0.357,0.714,0,0,52.9,26.2,20.4,3.3,0,12.5,23.7,0,0,0,-0.037,-3.3,0.5,-2.8,0,anderry01
Kyle Alexander,23,MIA,C,2,0,13,4.7,0.5,0,0,17.9,8.3,12.9,0,0,0,33.3,10.2,0,0,0,-0.003,-6.4,-3.7,-10.1,0,alexaky01
Dusty Hannahs,26,MEM,SG,2,0,13,21.3,0.607,0.333,0.222,0,8,4.1,0,0,0,0,31.6,0,0,0,0.146,5.1,-2.1,3.1,0,hannadu01
William Howard,26,HOU,PF,2,0,13,-12.7,0,1,0,0,16.3,8.1,9.1,0,0,20,15.9,-0.1,0,-0.1,-0.357,-14.2,-5.4,-19.6,-0.1,howarwi01
Shamorie Ponds,21,TOR,PG,4,0,11,33.1,0.765,0.4,0.4,0,9.4,4.8,32.4,0,8.9,0,22.8,0.1,0,0.1,0.45,8.4,5.3,13.7,0,pondssh01
Isaiah Roby,21,OKC,PF,3,0,11,-7.7,0,0,0,0,19.5,10,0,0,0,50,8,-0.1,0,0,-0.188,-12,-3.4,-15.4,0,robyis01
Kyle Guy,22,SAC,SG,3,0,10,6.6,0.4,0.6,0,0,11.5,5.6,15.6,0,0,0,21.7,0,0,0,-0.045,-7.5,-4.8,-12.3,0,guyky01
Devontae Cacok,23,LAL,C,1,0,9,28.6,0.5,0,0,24.6,36.1,30.4,20.3,0,0,0,28.1,0,0,0,0.226,4.8,-4.6,0.2,0,cacokde01
Jared Harper,22,PHX,PG,3,0,8,-5.3,0.25,0.5,0,0,0,0,0,0,0,0,21.3,0,0,0,-0.249,-10.1,-5.6,-15.7,0,harpeja01
Max Strus,23,CHI,SF,2,0,6,30.7,0.727,0.333,0.333,17.5,0,9.2,0,0,0,0,24.4,0,0,0,0.316,5.7,-1.7,3.9,0,strusma01
Jamal Crawford,39,BKN,SG,1,0,6,33.2,0.625,0.5,0,0,0,0,100,0,0,0,27.9,0.1,0,0.1,0.492,12.4,2.6,15,0,crawfja01
Tyler Zeller,30,SAS,C,2,0,4,22.4,0.25,0,0,80.9,26.9,53.9,0,0,0,0,43.2,0,0,0,-0.075,-0.3,-22.1,-22.4,0,zellety01
Malik Newman,22,CLE,SG,1,0,4,-11.4,0.347,0.5,1,0,0,0,0,0,0,25.8,41.5,0,0,0,-0.502,-14.5,-11.2,-25.7,0,newmama01
Marques Bolden,21,CLE,C,1,0,3,19.8,0,0,0,0,74.7,37,0,16.2,0,0,0,0,0,0,0.282,-5.8,11.3,5.4,0,boldema01
J.P. Macura,24,CLE,SG,1,0,1,0,0,0,0,0,0,0,0,0,0,0,0,0,0,0,-0.022,-5.2,-1.2,-6.4,0,macurjp01
