Rank,Player,Age,Team,Pos,G,GS,MP,FG,FGA,FG%,3P,3PA,3P%,2P,2PA,2P%,eFG%,FT,FTA,FT%,ORB,DRB,TRB,AST,STL,BLK,TOV,PF,PTS,ORtg,DRtg,Awards,Player-additional
1,Mikal Bridges,26,2TM,SG,83,83,2963,9.8,20.9,.468,2.8,7.3,.382,7.0,13.6,.514,.535,5.2,5.8,.895,1.3,4.7,6.0,4.5,1.5,1.0,2.1,2.6,27.6,118,115,,bridgmi01
2,Anthony Edwards,21,MIN,SG,79,79,2842,11.8,25.8,.459,3.6,9.7,.369,8.3,16.1,.513,.528,5.3,7.1,.756,0.8,6.9,7.7,5.9,2.1,1.0,4.3,3.1,32.5,106,113,AS,edwaran01
3,Zach LaVine,27,CHI,SG,77,77,2768,11.8,24.4,.485,3.6,9.6,.375,8.3,14.9,.556,.558,6.4,7.5,.848,0.7,5.3,6.1,5.8,1.2,0.3,3.4,2.8,33.7,116,115,,lavinza01
4,Nikola Vučević,32,CHI,C,82,82,2746,10.6,20.4,.520,2.1,6.2,.349,8.4,14.2,.594,.573,2.3,2.8,.835,2.8,13.2,16.0,4.7,1.1,1.0,2.5,3.2,25.7,117,110,,vucevni01
5,Julius Randle,28,NYK,PF,77,77,2737,11.9,25.9,.459,3.9,11.5,.343,7.9,14.4,.553,.536,7.3,9.6,.757,2.5,11.3,13.9,5.7,0.9,0.4,3.9,4.2,35.0,117,114,CPOY-14ASNBA3,randlju01
6,Domantas Sabonis,26,SAC,C,79,79,2736,10.1,16.4,.615,0.5,1.5,.373,9.5,15.0,.639,.632,5.7,7.7,.742,4.4,12.6,17.0,10.0,1.1,0.7,4.0,4.9,26.4,132,114,MVP-7ASNBA3,sabondo01
7,Jayson Tatum,24,BOS,SF,74,74,2732,13.0,27.8,.466,4.3,12.2,.350,8.7,15.6,.558,.543,9.5,11.1,.854,1.4,10.2,11.6,6.1,1.4,0.9,3.8,2.9,39.7,118,110,MVP-4CPOY-10ASNBA1,tatumja01
8,Spencer Dinwiddie,29,2TM,SG,79,79,2725,8.3,19.0,.438,3.3,8.9,.369,5.1,10.2,.498,.524,4.9,6.0,.812,0.5,4.4,4.9,9.3,1.2,0.4,2.6,3.4,24.8,118,118,,dinwisp01
9,Evan Mobley,21,CLE,PF,79,79,2715,9.7,17.5,.554,0.4,1.9,.216,9.3,15.6,.595,.566,3.8,5.6,.674,3.5,9.7,13.1,4.1,1.1,2.2,2.7,4.0,23.6,117,108,DPOY-3DEF1,mobleev01
10,Dejounte Murray,26,ATL,SG,74,74,2693,10.8,23.3,.464,2.4,6.9,.344,8.5,16.5,.514,.514,2.8,3.4,.832,0.9,5.9,6.9,7.9,2.0,0.3,2.8,1.9,26.8,112,116,,murrade01
11,DeMar DeRozan,33,CHI,SF,74,74,2682,11.9,23.7,.504,0.8,2.6,.324,11.1,21.1,.526,.522,8.3,9.5,.872,0.6,5.6,6.2,6.8,1.5,0.7,2.8,3.4,33.0,119,113,CPOY-3AS,derozde01
12,Scottie Barnes,21,TOR,SF,77,76,2678,8.5,18.8,.456,1.2,4.1,.281,7.4,14.6,.505,.487,3.5,4.5,.772,3.3,6.1,9.5,6.8,1.5,1.1,2.8,3.1,21.8,113,115,,barnesc01
13,Harrison Barnes,30,SAC,PF,82,82,2662,6.7,14.2,.473,2.4,6.3,.374,4.3,7.9,.553,.556,6.3,7.4,.847,1.6,5.0,6.6,2.3,1.0,0.2,1.5,1.9,22.1,126,119,,barneha02
14,Pascal Siakam,28,TOR,PF,71,71,2652,11.7,24.5,.480,1.7,5.4,.324,10.0,19.1,.523,.515,6.8,8.8,.774,2.4,7.9,10.4,7.7,1.2,0.7,3.2,4.3,32.1,118,115,AS,siakapa01
15,CJ McCollum,31,NOP,PG,75,75,2649,10.7,24.6,.437,3.9,9.9,.389,6.9,14.7,.469,.515,3.3,4.4,.769,1.0,5.0,6.0,7.8,1.3,0.7,3.3,2.8,28.7,110,115,,mccolcj01
16,Franz Wagner,21,ORL,SF,80,80,2609,10.0,20.7,.485,2.4,6.7,.361,7.6,14.0,.544,.543,5.0,6.0,.842,1.3,4.8,6.1,5.2,1.4,0.3,3.1,3.4,27.5,115,116,,wagnefr01
17,Jalen Green,20,HOU,SG,76,76,2602,10.5,25.3,.416,3.5,10.3,.338,7.1,15.0,.471,.485,6.8,8.6,.786,0.8,4.5,5.3,5.2,1.1,0.3,3.7,2.4,31.4,109,122,,greenja05
18,Bam Adebayo,25,MIA,C,75,75,2598,11.6,21.4,.540,0.0,0.2,.083,11.5,21.2,.545,.541,6.2,7.7,.806,3.5,9.7,13.2,4.6,1.7,1.2,3.6,4.0,29.3,115,111,DPOY-5ASDEF2,adebaba01
19,Trae Young,24,ATL,PG,73,73,2541,11.2,26.1,.429,2.9,8.6,.335,8.3,17.4,.476,.485,10.6,12.0,.886,1.1,3.0,4.1,13.9,1.5,0.2,5.6,2.0,35.9,116,119,,youngtr01
20,Fred VanVleet,28,TOR,PG,69,69,2535,8.5,21.7,.393,4.0,11.8,.342,4.5,9.9,.455,.486,5.0,5.5,.898,0.6,4.9,5.5,9.7,2.4,0.7,2.7,3.8,26.0,117,114,,vanvlfr01
21,Buddy Hield,30,IND,SF,80,73,2482,9.1,19.9,.458,5.5,12.9,.425,3.6,6.9,.518,.596,2.0,2.5,.822,1.3,6.4,7.7,4.3,1.8,0.5,2.7,3.0,25.7,115,118,,hieldbu01
22,RJ Barrett,22,NYK,SG,73,73,2475,10.2,23.5,.434,2.4,7.8,.310,7.8,15.7,.495,.485,5.8,7.8,.740,1.2,6.2,7.3,4.0,0.6,0.3,3.3,3.6,28.6,107,118,,barrerj01
23,Jordan Poole,23,GSW,PG,82,43,2458,10.6,24.6,.430,4.1,12.2,.336,6.5,12.3,.524,.514,6.9,8.0,.870,0.6,3.7,4.3,7.1,1.2,0.4,4.8,4.1,32.2,109,117,,poolejo01
24,Josh Hart,27,2TM,SF,76,52,2454,5.5,10.4,.529,1.2,3.3,.372,4.3,7.1,.601,.588,2.6,3.5,.750,2.8,9.0,11.8,5.8,1.8,0.4,2.3,3.9,14.8,125,116,,hartjo01
25,Jabari Smith Jr.,19,HOU,PF,79,79,2451,7.2,17.6,.408,2.4,7.7,.307,4.8,9.9,.487,.475,3.2,4.1,.786,2.4,8.8,11.3,2.0,0.9,1.5,2.1,4.5,20.0,108,119,,smithja05
26,Trey Murphy III,22,NOP,SF,79,65,2448,7.7,15.8,.484,4.0,9.8,.406,3.7,6.0,.611,.610,3.4,3.8,.905,1.2,4.4,5.6,2.2,1.8,0.9,1.2,3.1,22.7,128,114,,murphtr02
27,Darius Garland,23,CLE,PG,69,69,2447,10.7,23.1,.462,3.5,8.4,.410,7.2,14.7,.492,.537,5.7,6.6,.863,0.6,3.2,3.8,11.0,1.7,0.2,4.1,3.0,30.5,118,113,,garlada01
28,Tobias Harris,30,PHI,SF,74,74,2436,8.6,17.2,.501,2.6,6.6,.389,6.0,10.6,.570,.575,2.3,2.6,.876,1.4,7.3,8.6,3.8,1.4,0.8,1.8,3.0,22.1,118,114,,harrito02
29,De'Aaron Fox,25,SAC,PG,73,73,2435,13.4,26.2,.512,2.3,7.2,.324,11.1,18.9,.584,.557,6.7,8.6,.780,0.8,5.2,6.0,8.8,1.6,0.5,3.6,3.4,35.9,119,117,MVP-11CPOY-1ASNBA3,foxde01
30,Donovan Mitchell,26,CLE,SG,68,68,2432,14.0,28.9,.484,5.1,13.1,.386,9.0,15.8,.566,.572,6.6,7.6,.867,1.3,4.7,6.0,6.2,2.0,0.6,3.7,3.5,39.6,118,111,MVP-6CPOY-6ASNBA2,mitchdo01
31,Paolo Banchero,20,ORL,PF,72,72,2430,9.5,22.3,.427,1.7,5.7,.298,7.8,16.6,.471,.465,7.8,10.6,.738,1.7,8.2,9.9,5.4,1.2,0.8,4.0,3.2,28.6,105,114,ROY-1,banchpa01
32,Jaden McDaniels,22,MIN,SF,79,79,2416,7.3,14.1,.517,2.1,5.3,.398,5.2,8.8,.588,.591,2.1,2.8,.736,1.8,4.2,6.0,2.9,1.5,1.5,2.2,5.3,18.7,115,115,,mcdanja02
33,Shai Gilgeous-Alexander,24,OKC,PG,68,68,2416,13.8,27.2,.510,1.1,3.3,.345,12.7,23.8,.533,.531,13.2,14.5,.905,1.2,5.3,6.5,7.3,2.2,1.3,3.8,3.8,42.0,125,113,MVP-5CPOY-7ASNBA1,gilgesh01
34,Royce O'Neale,29,BRK,SF,76,53,2409,4.6,12.0,.386,3.3,8.5,.389,1.3,3.5,.379,.524,1.0,1.4,.725,1.1,6.7,7.8,5.7,1.3,1.0,2.3,4.8,13.6,108,115,,onealro01
35,Jaylen Brown,26,BOS,SF,67,67,2405,13.8,28.0,.491,3.3,9.9,.335,10.5,18.2,.576,.550,5.3,7.0,.765,1.6,7.7,9.3,4.7,1.5,0.5,4.0,3.5,36.2,110,111,ASNBA2,brownja02
36,Luka Dončić,23,DAL,PG,66,66,2391,14.9,30.1,.496,3.8,11.2,.342,11.1,18.9,.588,.560,10.7,14.4,.742,1.1,10.7,11.8,11.0,1.9,0.7,4.9,3.5,44.4,120,113,MVP-8CPOY-8ASNBA1,doncilu01
37,OG Anunoby,25,TOR,SF,67,67,2386,8.7,18.3,.476,2.9,7.6,.387,5.8,10.7,.539,.556,2.9,3.5,.838,2.0,4.9,6.9,2.7,2.7,1.0,2.7,4.1,23.3,113,113,DPOY-7DEF2,anunoog01
38,Keegan Murray,22,SAC,SF,80,78,2382,7.1,15.7,.453,4.1,10.1,.411,3.0,5.6,.527,.584,1.2,1.6,.765,1.8,5.7,7.5,2.0,1.2,0.8,1.2,3.3,19.6,119,117,ROY-5,murrake02
39,Kentavious Caldwell-Pope,29,DEN,SG,76,76,2381,6.0,13.0,.462,2.8,6.6,.423,3.2,6.4,.502,.569,2.1,2.6,.824,0.7,3.6,4.3,3.8,2.3,0.7,1.8,3.0,16.9,117,115,,caldwke01
40,P.J. Washington,24,CHO,PF,73,73,2380,8.7,19.6,.444,3.0,8.6,.348,5.7,11.0,.518,.520,2.5,3.5,.730,1.5,5.7,7.2,3.5,1.3,1.6,2.2,3.9,22.9,107,116,,washipj01
41,Jalen Brunson,26,NYK,PG,68,68,2379,12.2,24.8,.491,2.8,6.7,.416,9.4,18.1,.519,.547,6.8,8.1,.829,0.8,4.2,5.0,8.7,1.3,0.3,3.0,3.2,33.9,125,117,MVP-12CPOY-4,brunsja01
42,Brook Lopez,34,MIL,C,78,78,2373,9.6,18.1,.531,2.7,7.3,.374,6.9,10.8,.637,.606,3.0,3.8,.784,3.2,7.3,10.5,2.0,0.7,3.9,2.2,4.1,24.9,122,109,DPOY-2DEF1,lopezbr01
43,Josh Giddey,20,OKC,PF,76,76,2367,10.8,22.4,.482,1.5,4.7,.325,9.3,17.7,.524,.516,2.1,2.9,.731,3.0,9.1,12.0,9.4,1.1,0.6,4.2,2.9,25.3,109,114,,giddejo01
44,Reggie Bullock,31,DAL,SF,78,55,2364,4.0,9.9,.409,3.2,8.3,.380,0.9,1.5,.562,.569,0.5,0.8,.703,0.7,5.3,6.0,2.3,1.1,0.3,0.8,3.5,11.8,116,119,,bullore01
45,Immanuel Quickley,23,NYK,SG,81,21,2344,8.8,19.7,.448,3.5,9.6,.370,5.3,10.2,.521,.537,4.3,5.2,.819,1.2,5.9,7.1,5.9,1.7,0.3,2.1,3.5,25.5,122,115,6MOY-2,quickim01
46,Tyler Herro,23,MIA,SG,67,67,2337,10.4,23.7,.439,4.3,11.5,.378,6.1,12.2,.497,.531,3.6,3.9,.934,0.6,7.1,7.7,6.0,1.1,0.3,3.4,2.2,28.7,109,115,,herroty01
47,Patrick Williams,21,CHI,PF,82,65,2323,6.6,14.2,.464,2.4,5.8,.415,4.2,8.4,.498,.549,1.9,2.2,.857,1.6,5.2,6.9,2.1,1.5,1.5,2.1,3.1,17.5,108,113,,willipa01
48,Nikola Jokić,27,DEN,C,69,69,2323,13.6,21.5,.632,1.2,3.1,.383,12.4,18.4,.675,.660,7.2,8.7,.822,3.5,13.7,17.2,14.3,1.8,1.0,5.2,3.7,35.6,134,110,MVP-2CPOY-13ASNBA2,jokicni01
49,Derrick White,28,BOS,SG,82,70,2319,7.4,15.9,.462,3.1,8.2,.381,4.2,7.7,.548,.560,3.5,4.0,.875,1.1,5.1,6.2,6.7,1.1,1.6,2.0,3.7,21.4,124,112,DEF2,whitede01
50,Jaden Ivey,20,DET,SG,74,73,2304,8.6,20.7,.416,2.5,7.4,.343,6.1,13.3,.457,.477,5.6,7.5,.747,1.5,4.5,6.1,8.1,1.3,0.4,5.0,5.1,25.3,103,121,ROY-6,iveyja01
51,D'Angelo Russell,26,2TM,PG,71,71,2304,9.2,19.5,.469,4.0,10.1,.396,5.2,9.4,.548,.572,3.7,4.5,.829,0.7,3.7,4.4,9.0,1.4,0.6,3.8,2.9,26.0,116,116,,russeda01
52,Draymond Green,32,GSW,PF,73,73,2297,5.1,9.7,.527,0.8,2.7,.305,4.3,7.1,.612,.570,1.6,2.2,.713,1.4,9.4,10.8,10.3,1.5,1.2,4.2,4.7,12.7,114,112,DPOY-4DEF2,greendr01
53,KJ Martin,22,HOU,SF,82,49,2292,8.7,15.2,.569,1.4,4.6,.315,7.2,10.7,.679,.617,3.2,4.7,.680,2.7,6.9,9.6,2.6,0.9,0.6,1.9,3.1,22.0,126,121,,martike04
54,Joel Embiid,28,PHI,C,66,66,2284,15.8,28.8,.548,1.4,4.3,.330,14.4,24.5,.587,.573,14.3,16.7,.857,2.5,12.1,14.5,5.9,1.4,2.4,4.9,4.4,47.4,124,109,MVP-1DPOY-9CPOY-5ASNBA1,embiijo01
55,Bruce Brown,26,DEN,SF,80,31,2280,7.7,15.9,.483,2.0,5.4,.358,5.7,10.4,.548,.545,2.5,3.3,.758,1.4,5.7,7.0,5.7,1.9,1.1,2.6,4.1,19.8,113,114,,brownbr01
56,Klay Thompson,32,GSW,SF,69,69,2279,11.3,25.9,.436,6.2,15.1,.412,5.1,10.8,.470,.556,2.4,2.7,.879,0.8,5.1,5.9,3.4,1.0,0.6,2.5,2.7,31.3,110,117,,thompkl01
57,Jalen Williams,21,OKC,SG,75,62,2276,8.6,16.6,.521,1.5,4.3,.356,7.1,12.3,.579,.567,3.2,4.0,.812,1.8,5.3,7.0,5.2,2.1,0.7,2.6,4.0,22.0,118,114,ROY-2,willija06
58,Lauri Markkanen,25,UTA,PF,66,66,2273,12.0,24.1,.499,4.2,10.7,.391,7.8,13.3,.585,.586,7.3,8.4,.875,2.7,9.2,12.0,2.6,0.9,0.8,2.7,2.9,35.5,125,116,MIP-1AS,markkla01
59,Max Strus,26,MIA,SF,80,33,2272,7.1,17.3,.410,4.3,12.4,.350,2.8,5.0,.559,.535,1.7,2.0,.876,1.1,4.6,5.7,3.8,0.9,0.3,1.5,3.6,20.3,113,117,,strusma01
60,Luguentz Dort,23,OKC,SF,74,73,2272,7.1,18.3,.388,2.8,8.6,.330,4.3,9.7,.440,.466,4.2,5.4,.772,2.7,4.5,7.2,3.2,1.6,0.5,1.9,5.1,21.2,109,116,,dortlu01
61,Nic Claxton,23,BRK,C,76,76,2271,8.9,12.6,.705,0.0,0.0,.000,8.9,12.6,.708,.705,2.9,5.3,.541,4.0,11.1,15.1,3.1,1.4,4.1,2.1,4.6,20.7,132,108,DPOY-9,claxtni01
62,Jerami Grant,28,POR,PF,63,63,2246,9.4,19.8,.475,3.1,7.8,.401,6.3,12.0,.523,.554,6.0,7.4,.813,1.1,5.0,6.1,3.3,1.1,1.1,2.5,3.3,28.0,117,120,,grantje01
63,Kyrie Irving,30,2TM,SG,60,60,2241,13.0,26.4,.494,4.1,10.9,.379,8.9,15.5,.574,.572,5.4,6.0,.905,1.3,5.4,6.7,7.3,1.4,1.0,2.8,3.6,35.6,121,116,CPOY-12AS,irvinky01
64,Kyle Kuzma,27,WAS,PF,64,64,2239,11.1,24.8,.448,3.5,10.5,.333,7.7,14.4,.533,.518,3.8,5.2,.730,1.2,8.9,10.1,5.2,0.8,0.6,4.1,3.2,29.5,103,117,,kuzmaky01
65,Caris LeVert,28,CLE,SG,74,30,2237,7.2,16.6,.431,2.8,7.3,.392,4.3,9.4,.462,.517,2.9,4.0,.722,1.2,5.1,6.3,6.4,1.6,0.5,2.6,3.8,20.1,111,112,,leverca01
66,Bennedict Mathurin,20,IND,SG,78,17,2222,8.8,20.3,.434,2.1,6.6,.323,6.7,13.7,.488,.487,8.0,9.7,.828,1.9,4.9,6.8,2.5,1.0,0.3,3.2,3.5,27.8,109,121,ROY-46MOY-8,mathube01
67,Terry Rozier,28,CHO,SG,63,63,2221,10.6,25.5,.415,3.5,10.8,.327,7.0,14.6,.480,.484,3.8,4.7,.809,1.1,4.5,5.6,6.8,1.6,0.3,2.9,2.6,28.5,106,117,,roziete01
68,Jarrett Allen,24,CLE,C,68,68,2220,9.1,14.1,.644,0.0,0.2,.100,9.1,13.9,.653,.645,3.7,5.0,.733,5.0,10.1,15.0,2.6,1.2,1.9,2.1,3.5,21.9,132,108,,allenja01
69,Dillon Brooks,27,MEM,SF,73,73,2214,8.4,21.3,.396,3.1,9.4,.326,5.3,11.8,.451,.468,2.6,3.3,.779,1.0,4.3,5.2,4.1,1.4,0.3,2.2,5.1,22.5,102,114,DEF2,brookdi01
70,Kevin Huerter,24,SAC,SG,75,75,2203,9.1,18.8,.485,4.5,11.1,.402,4.7,7.7,.604,.603,2.1,2.8,.725,0.9,4.5,5.5,4.8,1.7,0.5,2.1,3.9,24.8,119,117,,huertke01
71,Jrue Holiday,32,MIL,PG,67,65,2183,10.7,22.4,.479,3.5,9.0,.384,7.3,13.4,.542,.556,3.3,3.9,.859,1.7,5.7,7.5,10.8,1.7,0.5,4.3,2.5,28.2,118,112,DPOY-7ASDEF1,holidjr01
72,Alperen Şengün,20,HOU,C,75,72,2171,9.9,17.8,.553,0.4,1.3,.333,9.4,16.6,.570,.565,4.6,6.4,.715,5.4,9.7,15.1,6.5,1.6,1.6,4.3,5.8,24.8,118,117,,sengual01
73,Anfernee Simons,23,POR,SG,62,62,2171,10.5,23.4,.447,4.8,12.6,.377,5.7,10.8,.528,.548,3.6,4.0,.894,0.4,3.2,3.6,5.7,0.9,0.3,2.9,3.2,29.3,113,123,,simonan01
74,Ivica Zubac,25,LAC,C,76,76,2170,7.4,11.6,.634,0.0,0.0,.000,7.4,11.6,.637,.634,3.7,5.4,.697,5.3,11.7,17.1,1.7,0.7,2.2,2.6,4.9,18.5,125,112,,zubaciv01
75,Killian Hayes,21,DET,PG,76,56,2154,6.9,18.3,.377,1.8,6.4,.280,5.1,11.9,.429,.426,2.1,2.5,.821,0.6,4.3,5.0,10.6,2.3,0.6,3.9,4.9,17.7,98,118,,hayeski01
76,Tim Hardaway Jr.,30,DAL,SF,71,45,2152,7.9,19.6,.401,4.9,12.7,.385,3.0,6.9,.431,.527,2.9,3.8,.770,0.5,5.3,5.8,3.0,1.1,0.3,1.4,2.8,23.5,110,119,,hardati02
77,De'Anthony Melton,24,PHI,SG,77,58,2150,6.4,15.0,.425,3.6,9.3,.390,2.8,5.7,.484,.546,1.6,2.0,.793,1.6,5.6,7.2,4.5,2.9,0.9,2.4,4.4,18.0,111,111,,meltode01
78,Rudy Gobert,30,MIN,C,70,70,2148,8.0,12.1,.659,0.0,0.1,.000,8.0,12.0,.663,.659,4.8,7.5,.644,5.1,12.9,18.0,1.9,1.2,2.1,2.7,4.6,20.8,127,109,,goberru01
79,Jimmy Butler,33,MIA,PF,64,64,2138,11.2,20.7,.539,0.8,2.4,.350,10.3,18.3,.564,.560,11.0,12.9,.850,3.3,5.5,8.7,7.9,2.7,0.5,2.4,1.9,34.2,135,112,MVP-10DPOY-12CPOY-2NBA2,butleji01
80,James Harden,33,PHI,PG,58,58,2135,8.6,19.5,.441,3.7,9.7,.385,4.9,9.8,.495,.536,7.3,8.4,.867,0.9,7.3,8.2,14.3,1.6,0.7,4.5,2.6,28.2,123,113,,hardeja01
81,Jamal Murray,25,DEN,PG,65,65,2133,10.8,23.9,.454,3.9,9.9,.398,6.9,14.0,.494,.537,4.1,5.0,.833,1.1,4.8,5.9,9.2,1.5,0.4,3.3,2.4,29.8,116,116,,murraja01
82,John Collins,25,ATL,PF,71,71,2130,8.0,15.8,.508,1.6,5.4,.292,6.5,10.5,.619,.557,3.2,4.0,.803,1.7,8.6,10.3,1.9,0.9,1.6,1.8,4.9,20.8,117,115,,collijo01
83,Saddiq Bey,23,2TM,SF,77,37,2129,8.0,18.9,.422,3.4,9.5,.361,4.6,9.5,.483,.513,4.6,5.4,.861,2.2,6.0,8.2,2.7,1.6,0.3,1.6,2.8,24.1,117,119,,beysa01
84,De'Andre Hunter,25,ATL,SF,67,67,2126,8.5,18.4,.461,2.2,6.4,.350,6.3,12.0,.521,.522,3.8,4.6,.826,1.0,5.3,6.4,2.1,0.8,0.4,1.8,4.5,23.1,112,119,,huntede01
85,Russell Westbrook,34,2TM,PG,73,24,2126,9.7,22.3,.436,2.0,6.4,.311,7.7,15.9,.487,.481,4.6,7.1,.656,2.0,7.5,9.5,12.4,1.7,0.7,5.7,3.6,26.1,104,113,6MOY-9,westbru01
86,Quentin Grimes,22,NYK,SG,71,66,2121,6.6,14.0,.468,3.7,9.5,.386,2.9,4.5,.641,.599,1.8,2.3,.796,1.1,4.2,5.3,3.5,1.1,0.6,1.6,4.1,18.6,125,117,,grimequ01
87,Kristaps Porziņģis,27,WAS,C,65,65,2120,11.6,23.4,.498,3.1,8.2,.385,8.5,15.2,.559,.565,8.1,9.6,.851,2.6,9.9,12.5,4.0,1.3,2.3,3.1,4.5,34.6,121,113,,porzikr01
88,Gary Trent Jr.,24,TOR,SG,66,44,2118,9.5,21.8,.433,3.9,10.5,.369,5.6,11.3,.493,.522,4.0,4.8,.839,0.7,3.3,4.0,2.5,2.4,0.3,1.3,2.4,26.8,116,116,,trentga02
89,Damian Lillard,32,POR,PG,58,58,2107,12.9,27.8,.463,5.6,15.2,.371,7.2,12.6,.574,.564,11.8,12.9,.914,1.0,5.4,6.4,9.8,1.2,0.4,4.4,2.5,43.1,126,121,CPOY-10ASNBA3,lillada01
90,Ayo Dosunmu,23,CHI,SG,80,51,2098,6.5,13.2,.493,1.4,4.4,.312,5.2,8.8,.583,.545,1.5,1.9,.805,1.0,4.1,5.1,4.8,1.4,0.6,2.3,4.2,16.0,109,115,,dosunay01
91,Corey Kispert,23,WAS,SF,74,45,2093,6.8,13.6,.497,3.8,8.9,.424,3.0,4.7,.637,.637,1.7,2.0,.852,0.8,4.0,4.8,2.0,0.7,0.2,1.3,2.3,19.1,124,120,,kispeco01
92,Malik Beasley,26,2TM,SG,81,27,2093,8.4,21.3,.395,5.4,15.0,.357,3.1,6.4,.484,.520,1.1,1.5,.769,0.8,5.6,6.4,2.8,1.5,0.2,2.0,2.4,23.3,105,117,,beaslma01
93,Caleb Martin,27,MIA,SF,71,49,2077,6.1,13.2,.464,2.0,5.7,.356,4.1,7.5,.545,.540,2.2,2.7,.805,2.1,6.1,8.3,2.8,1.7,0.7,1.9,3.5,16.4,113,113,,martica02
94,Andrew Nembhard,23,IND,SG,75,63,2073,6.5,14.7,.441,2.1,6.0,.350,4.4,8.7,.504,.512,1.1,1.4,.790,0.8,3.8,4.6,7.8,1.6,0.3,2.9,4.1,16.2,108,120,,nembhan01
95,Keldon Johnson,23,SAS,SF,63,63,2063,11.5,25.5,.452,3.1,9.3,.329,8.4,16.2,.523,.512,5.6,7.5,.749,1.3,6.0,7.3,4.2,1.1,0.3,3.1,2.9,31.7,108,122,,johnske04
96,Aaron Gordon,27,DEN,PF,68,68,2055,10.2,18.1,.564,1.4,4.1,.347,8.8,14.0,.628,.603,4.5,7.5,.608,3.9,6.7,10.6,4.8,1.3,1.2,2.3,3.1,26.4,124,115,,gordoaa01
97,Mason Plumlee,32,2TM,C,79,60,2054,7.7,11.3,.680,0.0,0.0,,7.7,11.3,.680,.680,4.6,7.3,.636,5.3,11.0,16.3,5.7,1.1,1.1,2.7,5.1,20.0,134,114,,plumlma01
98,Grant Williams,24,BOS,PF,79,23,2045,5.1,11.3,.454,2.7,6.9,.395,2.4,4.4,.546,.575,2.2,2.9,.770,2.1,6.6,8.7,3.1,1.0,0.7,2.0,4.6,15.3,118,113,,willigr01
99,Deandre Ayton,24,PHO,C,67,67,2035,12.5,21.3,.589,0.2,0.6,.292,12.4,20.7,.597,.592,3.7,4.8,.760,4.1,11.9,16.0,2.8,0.9,1.3,2.9,4.6,28.9,119,111,,aytonde01
100,Mike Conley,35,2TM,PG,67,66,2029,6.1,14.3,.428,3.2,8.2,.385,3.0,6.1,.486,.539,3.3,4.0,.834,0.8,3.5,4.3,10.6,1.7,0.3,2.4,3.3,18.7,125,118,,conlemi01
101,Giannis Antetokounmpo,28,MIL,PF,63,63,2024,16.7,30.1,.553,1.1,4.0,.275,15.6,26.1,.596,.572,11.7,18.2,.645,3.2,14.3,17.5,8.5,1.2,1.2,5.8,4.6,46.2,117,108,MVP-3DPOY-6ASNBA1,antetgi01
102,Kevin Porter Jr.,22,HOU,PG,59,59,2024,9.4,21.2,.442,3.4,9.2,.366,6.0,12.0,.501,.522,5.0,6.3,.784,1.8,5.7,7.5,8.1,2.0,0.4,4.5,3.7,27.1,112,120,,porteke02
103,Deni Avdija,22,WAS,SF,76,40,2020,6.1,14.0,.437,1.7,5.6,.297,4.4,8.4,.530,.497,2.9,4.0,.739,1.8,10.0,11.7,5.1,1.6,0.7,3.0,5.0,16.8,106,114,,avdijde01
104,Tyrese Maxey,22,PHI,SG,60,41,2016,10.8,22.4,.481,3.9,9.1,.434,6.9,13.4,.513,.568,4.4,5.2,.845,0.6,3.8,4.3,5.2,1.2,0.2,2.0,3.2,29.9,120,117,,maxeyty01
105,Dorian Finney-Smith,29,2TM,PF,66,66,2009,4.8,12.3,.391,2.8,8.3,.337,2.0,4.0,.503,.505,1.1,1.5,.763,2.8,5.0,7.8,2.5,1.4,0.9,1.5,3.5,13.5,109,117,,finnedo01
106,Jordan Clarkson,30,UTA,SG,61,61,1988,11.0,24.8,.444,3.7,11.0,.338,7.3,13.7,.530,.519,4.8,5.9,.816,1.7,4.2,5.9,6.5,0.8,0.3,4.5,2.9,30.5,109,120,,clarkjo01
107,Dennis Schröder,29,LAL,PG,66,50,1986,6.4,15.5,.415,1.8,5.4,.329,4.7,10.1,.461,.472,5.2,6.0,.857,0.5,3.4,3.9,7.1,1.2,0.2,2.7,3.5,19.8,112,117,,schrode01
108,Tre Jones,23,SAS,PG,68,65,1984,8.1,17.7,.459,1.1,3.8,.285,7.0,13.9,.506,.489,3.5,4.1,.860,1.3,4.5,5.8,10.7,2.1,0.2,2.6,2.3,20.8,117,120,,jonestr01
109,Grayson Allen,27,MIL,SG,72,70,1972,5.9,13.5,.440,3.5,8.9,.399,2.4,4.6,.518,.571,2.8,3.1,.905,1.5,4.3,5.7,3.9,1.5,0.3,1.7,2.8,18.2,123,114,,allengr01
110,Jonas Valančiūnas,30,NOP,C,79,79,1968,11.0,20.1,.547,0.9,2.7,.349,10.0,17.4,.577,.570,4.6,5.5,.826,5.5,14.3,19.8,3.4,0.5,1.3,3.9,6.0,27.5,116,110,,valanjo01
111,Eric Gordon,34,2TM,SG,69,58,1965,7.2,16.2,.446,3.3,8.8,.371,3.9,7.3,.535,.547,3.5,4.3,.821,0.4,2.9,3.3,4.5,1.1,0.6,2.6,1.9,21.2,115,122,,gordoer01
112,Kevon Looney,26,GSW,C,82,70,1958,5.8,9.3,.630,0.0,0.0,.000,5.8,9.2,.632,.630,2.3,3.7,.606,6.6,11.7,18.3,5.0,1.3,1.2,1.1,5.4,13.9,147,111,,looneke01
113,Kyle Anderson,29,MIN,PF,69,46,1957,6.1,12.0,.509,1.0,2.5,.410,5.1,9.5,.536,.553,2.4,3.3,.735,1.6,7.3,8.9,8.1,1.9,1.5,2.5,3.5,15.7,120,112,,anderky01
114,Marcus Smart,28,BOS,PG,61,61,1957,6.2,15.0,.415,2.9,8.5,.336,3.4,6.5,.519,.511,2.2,2.9,.746,1.1,3.6,4.8,9.5,2.3,0.6,3.6,4.3,17.5,111,112,,smartma01
115,LeBron James,38,LAL,PF,55,54,1954,14.8,29.6,.500,2.9,9.1,.321,11.8,20.4,.580,.549,6.1,7.9,.768,1.6,9.5,11.1,9.1,1.2,0.8,4.3,2.1,38.6,114,113,ASNBA3,jamesle01
116,Herbert Jones,24,NOP,PF,66,66,1951,5.8,12.4,.469,1.4,4.1,.335,4.4,8.3,.536,.525,3.1,4.0,.764,2.4,4.3,6.7,4.0,2.6,1.0,2.2,5.2,16.1,115,112,,joneshe01
117,Torrey Craig,32,PHO,PF,79,60,1948,5.7,12.5,.456,2.5,6.3,.395,3.2,6.2,.518,.556,0.8,1.1,.711,3.6,7.0,10.7,2.9,1.3,1.6,1.8,4.5,14.8,116,113,,craigto01
118,Ja Morant,23,MEM,PG,61,59,1948,13.8,29.6,.466,2.2,7.3,.307,11.6,22.3,.519,.504,9.1,12.1,.748,1.5,7.2,8.7,12.0,1.6,0.4,5.0,2.4,38.9,114,112,MVP-12AS,moranja01
119,Kelly Olynyk,31,UTA,C,68,68,1942,6.8,13.7,.499,2.3,5.8,.394,4.6,7.9,.576,.583,4.9,5.7,.853,2.0,8.3,10.3,6.2,1.5,0.9,4.1,5.7,20.8,118,115,,olynyke01
120,Stephen Curry,34,GSW,PG,56,56,1941,13.6,27.6,.493,6.6,15.5,.427,7.0,12.0,.579,.614,6.3,6.8,.915,0.9,7.3,8.3,8.6,1.3,0.5,4.4,2.8,40.1,123,115,MVP-9CPOY-9ASNBA2,curryst01
121,Tyus Jones,26,MEM,PG,80,22,1940,7.6,17.4,.438,3.0,8.0,.371,4.7,9.4,.495,.523,2.0,2.4,.800,0.7,4.2,4.9,10.2,2.0,0.1,1.8,0.8,20.1,122,113,6MOY-6,jonesty01
122,Paul George,32,LAC,SF,56,56,1939,11.6,25.4,.457,4.0,10.8,.371,7.6,14.6,.521,.536,6.5,7.4,.871,1.1,7.5,8.6,7.3,2.1,0.5,4.4,4.0,33.7,113,113,AS,georgpa01
123,Al Horford,36,BOS,C,63,63,1922,5.8,12.1,.476,3.7,8.2,.446,2.1,3.9,.539,.627,0.4,0.5,.714,1.9,8.0,9.9,4.8,0.8,1.5,0.9,3.1,15.6,133,112,,horfoal01
124,P.J. Tucker,37,PHI,PF,75,75,1920,2.5,5.8,.427,1.4,3.6,.393,1.1,2.2,.482,.549,0.5,0.6,.826,2.5,5.2,7.6,1.5,1.0,0.4,1.1,4.6,6.9,117,116,,tuckepj01
125,Jalen McDaniels,25,2TM,SF,80,24,1913,7.1,15.5,.455,1.9,5.8,.332,5.1,9.7,.530,.518,2.9,3.5,.841,1.6,7.1,8.7,3.3,2.1,0.9,2.3,5.2,18.9,108,114,,mcdanja01
126,Jakob Poeltl,27,2TM,C,72,71,1906,9.8,15.6,.629,0.0,0.0,.000,9.8,15.5,.630,.629,3.0,5.1,.592,5.9,10.5,16.5,5.0,1.7,2.2,3.1,4.9,22.6,123,114,,poeltja01
127,Anthony Davis,29,LAL,C,56,54,1904,13.5,23.9,.563,0.5,1.8,.257,13.0,22.1,.589,.573,8.7,11.0,.784,4.9,12.6,17.5,3.7,1.5,2.8,3.0,3.6,36.1,124,108,,davisan02
128,Donte DiVincenzo,26,GSW,SG,72,36,1894,5.9,13.5,.435,3.7,9.4,.397,2.1,4.0,.525,.574,1.4,1.8,.817,2.0,6.1,8.1,6.3,2.4,0.2,2.8,3.3,16.9,117,113,,divindo01
129,Bojan Bogdanović,33,DET,PF,59,59,1893,11.0,22.6,.488,3.7,9.0,.411,7.3,13.5,.539,.570,6.9,7.8,.884,0.9,4.8,5.7,3.9,0.9,0.2,3.5,2.9,32.6,118,122,,bogdabo02
130,Chris Paul,37,PHO,PG,59,59,1889,7.6,17.3,.440,2.5,6.8,.375,5.1,10.5,.482,.513,3.4,4.1,.831,0.7,5.8,6.5,13.6,2.4,0.6,2.9,3.3,21.2,122,112,,paulch01
131,Tyrese Haliburton,22,IND,PG,56,56,1883,10.4,21.2,.490,4.1,10.1,.400,6.3,11.1,.572,.586,4.4,5.1,.871,0.8,4.3,5.2,14.7,2.3,0.6,3.6,1.7,29.2,129,118,AS,halibty01
132,Jarred Vanderbilt,23,2TM,PF,78,65,1879,6.3,11.4,.548,0.7,2.3,.322,5.5,9.2,.604,.580,2.4,3.5,.691,4.3,10.4,14.8,4.7,2.1,0.5,2.5,4.8,15.7,123,112,,vandeja01
133,Terance Mann,26,LAC,SG,81,36,1872,7.1,13.7,.519,2.0,5.2,.389,5.1,8.5,.598,.593,2.4,3.1,.780,2.0,5.2,7.2,4.8,1.1,0.6,2.1,3.9,18.7,123,117,,mannte01
134,Troy Brown Jr.,23,LAL,SF,76,45,1860,5.1,11.8,.430,2.7,7.2,.381,2.4,4.7,.505,.545,0.9,1.0,.872,1.6,6.3,7.8,2.4,1.5,0.4,1.2,3.1,13.8,113,115,,browntr01
135,Onyeka Okongwu,22,ATL,C,80,18,1849,8.2,12.8,.638,0.1,0.3,.308,8.1,12.5,.647,.642,3.9,5.1,.781,5.6,9.3,14.9,2.1,1.4,2.8,2.1,6.5,20.4,134,112,,okongon01
136,Austin Reaves,24,LAL,SG,64,22,1843,6.7,12.6,.529,2.2,5.6,.398,4.4,7.0,.631,.616,5.9,6.8,.864,0.8,4.1,5.0,5.5,0.8,0.5,2.5,2.8,21.4,129,117,6MOY-7,reaveau01
137,Desmond Bane,24,MEM,SG,58,58,1841,11.6,24.2,.479,4.3,10.5,.408,7.3,13.7,.534,.568,4.7,5.3,.883,1.1,6.4,7.5,6.6,1.4,0.6,3.3,3.9,32.2,119,113,,banede01
138,Devin Booker,26,PHO,SG,53,53,1835,14.0,28.4,.494,3.0,8.4,.351,11.1,20.0,.554,.546,8.1,9.5,.855,1.2,5.2,6.4,7.8,1.4,0.5,3.9,4.2,39.2,119,115,,bookede01
139,Marcus Morris,33,LAC,PF,65,65,1825,7.4,17.3,.426,3.0,8.3,.364,4.3,9.0,.484,.513,1.8,2.3,.782,0.8,6.1,6.9,3.1,1.1,0.6,1.5,3.7,19.5,108,116,,morrima03
140,Myles Turner,26,IND,C,62,62,1825,10.5,19.1,.548,2.4,6.5,.373,8.0,12.6,.638,.612,5.6,7.2,.783,2.3,9.8,12.1,2.3,0.9,3.6,2.7,5.6,29.0,121,114,,turnemy01
141,Bobby Portis,27,MIL,PF,70,22,1818,10.5,21.1,.496,2.5,6.8,.370,8.0,14.3,.555,.555,2.5,3.3,.768,4.0,13.6,17.6,2.8,0.8,0.4,2.1,3.0,25.9,117,110,6MOY-3,portibo01
142,Aaron Nesmith,23,IND,SF,73,60,1816,6.6,15.4,.427,3.0,8.2,.366,3.6,7.2,.496,.525,3.1,3.7,.838,1.6,5.6,7.2,2.6,1.4,0.9,2.0,6.1,19.3,111,119,,nesmiaa01
143,Patrick Beverley,34,2TM,SG,67,67,1816,3.8,9.5,.400,2.1,6.3,.335,1.7,3.2,.529,.511,1.2,1.7,.723,1.2,5.3,6.5,5.1,1.7,1.1,1.6,4.9,10.9,113,113,,beverpa01
144,Jevon Carter,27,MIL,PG,81,39,1810,6.3,14.9,.423,3.7,8.9,.421,2.6,6.0,.425,.549,0.8,1.0,.816,0.9,4.4,5.3,5.2,1.7,0.8,2.1,4.2,17.2,113,113,,carteje01
145,Michael Porter Jr.,24,DEN,SF,62,62,1798,10.8,22.2,.487,5.1,12.4,.414,5.7,9.9,.579,.602,2.6,3.3,.800,1.7,7.5,9.3,1.8,1.0,0.8,1.8,3.2,29.4,118,115,,portemi01
146,Naji Marshall,25,NOP,SF,77,21,1792,6.7,15.4,.433,1.8,5.9,.303,4.9,9.5,.513,.490,3.7,4.7,.789,1.3,6.2,7.5,5.1,1.5,0.4,2.6,3.1,18.9,109,114,,marshna01
147,Jaren Jackson Jr.,23,MEM,C,63,63,1787,11.1,21.8,.506,2.7,7.5,.355,8.4,14.3,.585,.567,6.4,8.1,.788,2.9,8.5,11.3,1.6,1.7,5.0,2.8,6.0,31.2,118,105,DPOY-1ASDEF1,jacksja02
148,Shaedon Sharpe,19,POR,SG,80,15,1779,8.4,17.7,.472,2.8,7.7,.360,5.6,10.0,.559,.551,2.1,2.9,.714,1.7,4.7,6.5,2.6,1.0,0.7,2.3,3.7,21.6,109,121,,sharpsh01
149,Markelle Fultz,24,ORL,PG,60,60,1778,9.5,18.5,.514,0.7,2.4,.310,8.8,16.1,.544,.534,3.0,3.9,.783,1.9,4.5,6.4,9.3,2.4,0.7,3.8,3.6,22.8,113,114,,fultzma01
150,Tari Eason,21,HOU,PF,82,5,1767,8.1,18.1,.448,1.6,4.7,.343,6.5,13.4,.486,.493,3.0,4.0,.752,5.3,8.3,13.6,2.4,2.6,1.3,2.8,5.2,20.9,110,115,,easonta01
151,Gabe Vincent,26,MIA,PG,68,34,1759,6.5,16.1,.402,3.3,9.9,.334,3.1,6.2,.512,.505,1.9,2.2,.872,0.8,3.3,4.1,4.7,1.8,0.1,2.6,4.4,18.2,104,115,,vincega01
152,Kawhi Leonard,31,LAC,SF,52,50,1748,12.5,24.4,.512,2.9,7.0,.416,9.6,17.4,.551,.572,6.8,7.8,.871,1.6,7.9,9.5,5.7,2.0,0.8,2.5,2.4,34.7,125,113,,leonaka01
153,Malcolm Brogdon,30,BOS,PG,67,0,1744,9.9,20.5,.484,3.7,8.3,.444,6.2,12.2,.510,.574,4.5,5.1,.870,1.2,6.7,7.8,6.9,1.3,0.5,2.7,3.0,28.0,122,113,6MOY-1,brogdma01
154,Christian Wood,27,DAL,C,67,17,1738,11.3,22.0,.515,3.0,8.0,.376,8.3,14.0,.594,.583,6.2,8.0,.772,2.5,11.6,14.0,3.5,0.9,2.1,3.5,4.8,31.9,116,113,6MOY-9,woodch01
155,Coby White,22,CHI,SG,74,2,1730,7.4,16.7,.443,3.6,9.7,.372,3.8,7.0,.540,.551,1.7,2.0,.871,0.5,5.5,6.0,5.7,1.5,0.2,2.1,3.4,20.1,113,114,,whiteco01
156,Clint Capela,28,ATL,C,65,63,1730,9.6,14.8,.653,0.0,0.0,.000,9.6,14.7,.654,.653,2.2,3.6,.603,7.1,12.6,19.8,1.6,1.2,2.2,1.5,3.8,21.5,136,112,,capelca01
157,Malik Monk,24,SAC,SG,77,0,1719,9.9,22.2,.448,4.0,11.1,.359,6.0,11.1,.538,.538,5.1,5.8,.889,0.9,4.8,5.7,8.3,1.4,0.6,4.1,3.5,29.0,114,118,6MOY-5,monkma01
158,Kyle Lowry,36,MIA,PG,55,44,1718,5.7,14.1,.404,3.1,9.0,.345,2.6,5.1,.509,.514,3.4,3.9,.859,1.2,5.3,6.5,8.2,1.7,0.6,3.0,4.2,17.8,114,114,,lowryky01
159,Nicolas Batum,34,LAC,PF,78,19,1709,4.6,10.9,.420,3.6,9.1,.391,1.0,1.8,.563,.583,1.0,1.4,.708,1.8,6.8,8.6,3.5,1.5,1.3,1.4,4.3,13.7,120,114,,batumni01
160,Walker Kessler,21,UTA,C,74,40,1703,8.4,11.6,.720,0.0,0.1,.333,8.3,11.5,.723,.721,2.3,4.5,.516,6.5,10.9,17.4,1.9,0.7,4.9,1.6,4.7,19.0,140,111,ROY-3,kesslwa01
161,Monte Morris,27,WAS,PG,62,61,1695,7.1,14.8,.480,2.2,5.9,.382,4.9,8.9,.543,.555,1.8,2.2,.831,0.7,5.3,6.0,9.4,1.2,0.4,1.7,2.2,18.3,125,118,,morrimo01
162,Wendell Carter Jr.,23,ORL,C,57,54,1690,9.2,17.5,.525,2.3,6.4,.356,6.9,11.1,.624,.591,4.1,5.6,.738,3.4,10.8,14.2,3.8,0.9,0.9,3.0,4.5,24.8,119,113,,cartewe01
163,Santi Aldama,22,MEM,PF,77,20,1682,7.0,14.8,.470,2.7,7.5,.353,4.3,7.3,.591,.560,3.0,4.1,.750,2.4,8.1,10.5,2.7,1.3,1.4,1.7,4.0,19.7,120,111,,aldamsa01
164,Bradley Beal,29,WAS,SG,50,50,1673,12.9,25.6,.506,2.3,6.4,.365,10.6,19.2,.552,.551,5.6,6.6,.842,1.2,4.5,5.7,7.9,1.3,1.0,4.2,3.1,33.8,114,117,,bealbr01
165,Kevin Durant,34,2TM,PF,47,47,1672,14.1,25.2,.560,2.7,6.7,.404,11.4,18.5,.617,.614,9.0,9.8,.919,0.5,8.6,9.1,6.9,1.0,2.0,4.6,2.9,39.9,123,113,AS,duranke01
166,Jalen Duren,19,DET,C,67,31,1670,7.5,11.6,.648,0.0,0.1,.000,7.5,11.5,.652,.648,2.8,4.6,.611,6.6,10.6,17.3,2.2,1.3,1.7,2.7,5.3,17.8,126,116,,durenja01
167,Reggie Jackson,32,2TM,PG,68,40,1657,7.8,18.9,.411,2.8,8.5,.333,4.9,10.4,.474,.486,2.1,2.3,.910,0.7,3.5,4.3,6.9,1.4,0.2,3.4,3.4,20.5,103,118,,jacksre01
168,Isaac Okoro,22,CLE,SF,76,46,1652,5.3,10.7,.494,1.9,5.2,.363,3.4,5.6,.617,.582,2.4,3.1,.757,1.6,4.1,5.7,2.6,1.7,0.9,1.3,4.8,14.9,123,112,,okorois01
169,Isaiah Hartenstein,24,NYK,C,82,8,1626,5.3,9.9,.535,0.2,1.1,.216,5.1,8.8,.576,.547,1.5,2.2,.676,6.4,9.9,16.3,3.1,1.6,1.9,2.0,6.5,12.3,124,111,,harteis01
170,Daniel Gafford,24,WAS,C,78,47,1604,8.8,12.0,.732,0.0,0.0,,8.8,12.0,.732,.732,3.9,5.7,.679,4.9,8.2,13.1,2.6,1.0,3.0,2.6,5.7,21.4,135,113,,gaffoda01
171,Mitchell Robinson,24,NYK,C,59,58,1591,5.8,8.7,.671,0.0,0.0,,5.8,8.7,.671,.671,1.8,3.8,.484,8.3,8.9,17.2,1.6,1.7,3.4,1.3,5.0,13.5,142,110,,robinmi01
172,Drew Eubanks,25,POR,C,78,28,1584,6.6,10.3,.641,0.2,0.6,.389,6.4,9.7,.655,.651,2.6,3.8,.664,4.1,8.8,12.9,3.2,1.2,3.1,2.1,5.2,15.9,130,115,,eubandr01
173,Gordon Hayward,32,CHO,SF,50,50,1577,8.3,17.5,.475,1.6,4.8,.325,6.8,12.7,.532,.520,3.9,4.8,.811,1.0,5.5,6.5,6.2,1.3,0.4,3.0,2.1,22.1,110,118,,haywago01
174,Alex Caruso,28,CHI,PG,67,36,1575,4.0,8.8,.455,1.7,4.7,.364,2.3,4.2,.556,.551,1.8,2.3,.808,1.3,4.8,6.1,6.0,3.0,1.4,2.4,4.9,11.6,115,109,DPOY-11DEF1,carusal01
175,Shake Milton,26,PHI,SG,76,11,1567,7.6,15.9,.479,1.8,4.7,.378,5.8,11.2,.521,.535,3.1,3.7,.853,1.2,4.8,6.0,7.6,0.8,0.4,3.0,3.9,20.1,115,117,,miltosh01
176,Norman Powell,29,LAC,SG,60,8,1567,10.6,22.2,.479,3.6,9.0,.397,7.1,13.2,.534,.559,7.0,8.7,.812,0.8,4.7,5.5,3.4,1.6,0.6,3.2,3.9,31.9,115,116,6MOY-4,powelno01
177,Cole Anthony,22,ORL,PG,60,4,1552,8.6,19.0,.454,2.3,6.4,.364,6.3,12.6,.500,.516,4.7,5.3,.894,1.5,7.5,9.0,7.3,1.2,1.0,2.8,4.9,24.3,117,115,,anthoco01
178,Malaki Branham,19,SAS,SG,66,32,1550,8.2,18.6,.440,2.3,7.8,.302,5.9,10.8,.539,.503,1.8,2.1,.829,0.9,4.7,5.5,3.9,1.0,0.2,2.3,3.5,20.5,103,123,,branhma01
179,Cedi Osman,27,CLE,SF,77,2,1548,7.7,17.2,.451,3.8,10.1,.372,4.0,7.1,.564,.560,2.4,3.5,.694,0.8,4.9,5.7,3.7,1.1,0.4,1.7,4.0,21.7,115,113,,osmande01
180,Kelly Oubre Jr.,27,CHO,SF,48,40,1548,10.9,25.2,.431,3.3,10.4,.319,7.5,14.8,.510,.497,4.9,6.4,.760,2.0,5.7,7.7,1.7,2.1,0.6,2.0,4.3,29.9,106,115,,oubreke01
181,Josh Green,22,DAL,SG,60,21,1539,6.6,12.3,.537,2.2,5.5,.402,4.4,6.9,.643,.626,2.2,3.0,.723,1.8,4.1,5.9,3.3,1.4,0.2,2.3,5.0,17.6,119,119,,greenjo02
182,Brandon Ingram,25,NOP,SF,45,45,1538,12.7,26.3,.484,2.0,5.2,.390,10.7,21.1,.507,.522,7.6,8.6,.882,0.7,7.0,7.8,8.3,1.0,0.6,4.7,3.7,35.0,112,114,,ingrabr01
183,Josh Richardson,29,2TM,SG,65,10,1530,7.4,17.3,.431,3.3,9.1,.365,4.1,8.1,.506,.528,2.1,2.5,.852,1.3,4.2,5.5,5.4,2.1,0.6,2.7,3.6,20.4,110,118,,richajo01
184,Joe Harris,31,BRK,SF,74,33,1527,6.4,14.1,.457,4.5,10.6,.426,1.9,3.4,.551,.618,0.6,0.9,.643,0.7,4.5,5.2,3.2,1.1,0.4,1.3,4.5,18.0,119,117,,harrijo01
185,T.J. McConnell,30,IND,PG,75,6,1526,8.8,16.2,.543,0.8,1.8,.441,8.0,14.4,.556,.568,1.8,2.1,.853,1.4,5.9,7.3,12.4,2.5,0.3,4.4,3.3,20.2,116,117,,mccontj01
186,Chris Boucher,30,TOR,PF,76,0,1523,8.5,17.2,.493,2.0,6.1,.328,6.5,11.0,.585,.552,4.2,5.5,.762,5.1,8.6,13.7,0.9,1.5,2.1,1.3,4.6,23.1,125,112,,bouchch01
187,Georges Niang,29,PHI,PF,78,1,1512,7.3,16.4,.442,5.0,12.6,.401,2.2,3.9,.576,.596,1.3,1.5,.867,0.6,5.4,6.1,2.5,1.0,0.5,1.8,4.8,20.9,114,116,,niangge01
188,Bogdan Bogdanović,30,ATL,SG,54,9,1508,8.6,19.3,.447,4.6,11.4,.406,4.0,7.9,.506,.566,2.0,2.4,.831,0.7,4.5,5.2,4.7,1.4,0.6,2.1,2.7,23.9,117,118,,bogdabo01
189,Damion Lee,30,PHO,SG,74,5,1506,6.5,14.7,.442,3.6,8.0,.445,2.9,6.7,.439,.564,3.1,3.4,.904,1.3,6.0,7.3,3.2,1.0,0.2,2.5,3.8,19.6,114,116,,leeda03
190,Bol Bol,23,ORL,PF,70,33,1505,8.4,15.4,.546,1.0,3.6,.265,7.4,11.7,.633,.577,2.6,3.5,.759,2.2,10.8,13.0,2.2,1.0,2.7,3.6,3.0,20.4,106,111,,bolbo01
191,John Konchar,26,MEM,SF,72,23,1494,4.4,10.2,.431,1.9,5.6,.339,2.5,4.5,.545,.525,0.9,1.1,.778,2.0,7.8,9.9,3.2,2.4,0.8,1.2,3.6,11.6,117,109,,konchjo01
192,Rui Hachimura,24,2TM,PF,63,9,1466,9.3,19.1,.486,1.7,5.2,.319,7.6,13.9,.550,.530,2.9,3.9,.739,1.7,7.5,9.3,1.9,0.6,0.9,1.7,2.4,23.2,109,116,,hachiru01
193,Dwight Powell,31,DAL,C,76,64,1458,6.7,9.2,.732,0.0,0.2,.000,6.7,9.0,.746,.732,3.8,5.7,.667,5.1,5.6,10.7,2.4,1.6,0.9,2.2,7.1,17.3,140,116,,poweldw01
194,Jeremy Sochan,19,SAS,PF,56,53,1458,8.1,17.9,.453,1.1,4.3,.246,7.0,13.5,.519,.483,2.6,3.8,.698,3.1,6.5,9.6,4.6,1.4,0.7,3.1,4.5,19.9,103,120,,sochaje01
195,Keita Bates-Diop,27,SAS,PF,67,42,1452,7.7,15.1,.508,1.8,4.6,.394,5.9,10.5,.557,.568,3.9,4.9,.793,2.1,6.0,8.1,3.4,1.5,0.7,1.8,2.0,21.0,121,120,,bateske01
196,Davion Mitchell,24,SAC,PG,80,9,1447,6.0,13.2,.454,2.1,6.5,.320,3.9,6.7,.584,.533,0.8,1.0,.806,0.5,2.9,3.5,6.1,1.5,0.5,2.1,3.7,14.9,111,119,,mitchda01
197,Pat Connaughton,30,MIL,SF,61,33,1443,5.5,13.9,.392,3.6,10.7,.339,1.9,3.3,.566,.521,0.9,1.4,.659,1.7,7.7,9.4,2.5,1.2,0.4,1.1,2.3,15.4,112,113,,connapa01
198,Zach Collins,25,SAS,C,63,26,1441,9.3,18.0,.518,1.8,4.8,.374,7.5,13.1,.571,.568,3.5,4.7,.761,3.8,9.4,13.2,5.9,1.2,1.6,4.2,6.5,24.0,112,118,,colliza01
199,Isaiah Stewart,21,DET,C,50,47,1414,6.7,15.1,.442,2.3,7.0,.327,4.4,8.1,.542,.518,3.8,5.1,.738,3.9,9.9,13.8,2.4,0.7,1.2,2.3,4.6,19.4,113,118,,stewais01
200,AJ Griffin,19,ATL,SF,72,12,1401,8.4,18.1,.465,3.4,8.8,.390,5.0,9.3,.536,.560,1.4,1.6,.894,1.3,3.9,5.2,2.5,1.4,0.4,1.4,3.0,21.7,116,119,,griffaj01
201,Isaiah Joe,23,OKC,SG,73,10,1395,7.6,17.3,.441,5.5,13.4,.409,2.1,3.9,.553,.599,2.8,3.4,.820,0.9,5.0,6.0,3.0,1.6,0.3,1.3,3.6,23.5,125,116,,joeis01
202,Jonathan Kuminga,20,GSW,PF,67,16,1394,8.8,16.8,.525,1.8,4.9,.370,7.0,11.9,.590,.579,3.0,4.7,.652,2.4,5.5,7.8,4.2,1.4,1.1,3.2,5.3,22.6,112,115,,kuminjo01
203,Jusuf Nurkić,28,POR,C,52,52,1391,9.2,17.7,.519,1.5,4.2,.361,7.7,13.5,.567,.561,4.4,6.7,.661,4.0,12.5,16.5,5.2,1.5,1.5,4.2,6.5,24.3,112,114,,nurkiju01
204,Dennis Smith Jr.,25,CHO,PG,54,15,1390,6.4,15.5,.412,0.8,3.8,.216,5.5,11.7,.475,.438,2.7,3.6,.736,0.9,4.8,5.7,8.9,2.6,0.9,2.8,4.2,16.2,103,114,,smithde03
205,Larry Nance Jr.,30,NOP,C,65,1,1381,6.5,10.7,.610,0.5,1.5,.333,6.0,9.2,.654,.633,1.9,2.8,.696,3.7,8.7,12.4,4.2,2.0,1.3,1.5,4.7,15.5,134,110,,nancela02
206,Josh Okogie,24,PHO,SG,72,26,1350,5.9,15.0,.391,2.4,7.1,.335,3.5,7.9,.442,.471,5.0,7.0,.724,3.9,5.1,9.1,3.8,2.0,1.2,2.3,4.1,19.2,114,113,,okogijo01
207,Devonte' Graham,27,2TM,PG,73,8,1338,5.8,15.5,.374,4.3,12.1,.352,1.5,3.3,.452,.512,3.5,4.7,.748,0.7,3.7,4.4,7.0,1.6,0.6,1.9,2.8,19.3,117,117,,grahade01
208,Terrence Ross,31,2TM,SG,63,9,1330,7.3,17.0,.430,3.5,9.4,.368,3.8,7.5,.507,.532,1.0,1.2,.794,0.8,4.8,5.6,3.5,1.3,0.4,1.6,3.5,19.0,110,116,,rosste01
209,Luke Kennard,26,2TM,SG,59,14,1315,6.9,14.0,.492,4.9,9.9,.494,2.0,4.2,.487,.666,1.4,1.4,.949,0.6,5.3,5.8,3.3,1.2,0.2,1.7,3.0,20.1,128,116,,kennalu01
210,Doug McDermott,31,SAS,SF,64,0,1314,8.6,18.8,.457,4.4,10.7,.413,4.2,8.1,.516,.575,1.9,2.5,.757,0.8,4.2,5.0,3.3,0.5,0.2,2.1,4.2,23.5,113,124,,mcderdo01
211,Talen Horton-Tucker,22,UTA,SG,65,20,1313,9.3,22.3,.419,2.1,7.4,.286,7.2,14.9,.485,.467,4.6,6.1,.750,1.5,6.1,7.6,8.9,1.5,1.1,4.6,3.9,25.4,104,117,,hortota01
212,Jose Alvarado,24,NOP,PG,61,10,1310,7.4,18.1,.411,3.1,9.1,.336,4.4,9.0,.488,.496,2.4,3.0,.813,1.0,4.2,5.2,6.9,2.5,0.4,3.0,4.6,20.3,107,113,,alvarjo01
213,Aaron Wiggins,24,OKC,SG,70,14,1297,6.8,13.3,.512,1.8,4.5,.393,5.1,8.8,.573,.579,2.2,2.6,.831,2.5,5.2,7.7,2.9,1.4,0.5,2.0,4.0,17.5,119,116,,wiggiaa01
214,Lonnie Walker IV,24,LAL,SG,56,32,1297,8.6,19.3,.448,3.3,9.1,.365,5.3,10.2,.522,.534,3.3,3.9,.858,0.5,3.5,4.0,2.3,1.1,0.6,1.7,2.6,23.9,111,117,,walkelo01
215,Sam Hauser,25,BOS,SF,80,8,1290,6.8,15.0,.455,5.3,12.7,.418,1.5,2.3,.656,.631,0.5,0.6,.706,1.3,6.4,7.7,2.7,1.1,0.8,1.1,3.7,19.3,124,113,,hausesa01
216,Jalen Smith,22,IND,C,68,31,1279,9.0,18.9,.476,2.0,7.1,.283,7.0,11.8,.593,.530,3.9,5.1,.759,4.8,9.8,14.6,2.4,0.8,2.2,2.7,5.7,23.8,113,116,,smithja04
217,LaMelo Ball,21,CHO,PG,36,36,1268,11.1,27.1,.411,5.4,14.4,.376,5.7,12.7,.450,.510,3.8,4.6,.836,1.6,7.1,8.7,11.4,1.7,0.4,4.8,4.4,31.5,108,115,,ballla01
218,David Roddy,21,MEM,PF,70,4,1258,6.8,15.9,.429,2.5,8.0,.307,4.3,7.9,.553,.506,1.5,2.5,.631,1.9,5.4,7.3,2.2,1.1,0.7,2.2,4.0,17.6,103,114,,roddyda01
219,Jaylen Nowell,23,MIN,SG,65,2,1252,10.6,23.7,.448,2.5,8.8,.289,8.1,14.9,.542,.502,2.9,3.8,.778,1.4,5.1,6.5,5.0,1.6,0.2,2.5,3.8,26.7,106,116,,nowelja01
220,Naz Reid,23,MIN,C,68,11,1251,11.8,21.9,.537,2.8,8.2,.346,8.9,13.7,.653,.602,3.3,4.8,.677,2.8,9.9,12.6,2.9,1.6,2.0,3.5,6.7,29.7,112,110,,reidna01
221,Trey Lyles,27,SAC,PF,74,0,1247,7.2,15.7,.458,3.3,9.2,.363,3.8,6.4,.595,.565,3.9,4.8,.815,2.6,8.9,11.5,2.5,1.0,1.2,2.5,3.7,21.6,117,116,,lylestr01
222,Jalen Suggs,21,ORL,SG,53,19,1246,7.2,17.2,.419,2.6,7.8,.327,4.7,9.4,.496,.493,3.3,4.6,.723,2.1,4.1,6.2,6.0,2.6,1.0,3.6,4.7,20.3,104,113,,suggsja01
223,Kevin Love,34,2TM,PF,62,20,1240,6.7,17.1,.389,4.0,11.9,.334,2.7,5.2,.516,.506,3.2,3.7,.879,2.4,13.7,16.1,4.7,0.6,0.5,2.8,3.9,20.5,110,110,,loveke01
224,Cory Joseph,31,DET,PG,62,2,1227,5.9,13.9,.427,2.8,7.1,.389,3.2,6.8,.468,.527,2.3,2.8,.792,0.8,3.4,4.2,8.6,1.3,0.4,2.2,3.5,16.9,119,122,,josepco01
225,Delon Wright,30,WAS,PG,50,14,1221,5.5,11.6,.474,1.6,4.7,.345,3.9,6.9,.564,.545,2.1,2.4,.867,2.3,4.9,7.2,7.7,3.7,0.7,1.8,2.4,14.7,127,112,,wrighde01
226,Nick Richards,25,CHO,C,65,9,1217,7.7,12.2,.629,0.0,0.0,1.000,7.7,12.2,.628,.631,5.4,7.2,.749,5.7,10.5,16.3,1.5,0.4,2.8,2.3,6.0,20.8,130,113,,richani01
227,Seth Curry,32,BRK,SG,61,7,1211,8.4,18.1,.463,3.8,9.4,.405,4.6,8.7,.525,.568,2.1,2.2,.927,0.5,3.5,4.0,4.0,1.5,0.3,2.1,3.9,22.6,113,117,,curryse01
228,Ochai Agbaji,22,UTA,SG,59,22,1209,6.5,15.3,.427,3.2,9.0,.355,3.3,6.2,.532,.532,2.2,2.7,.812,1.7,3.1,4.8,2.6,0.6,0.6,1.6,3.9,18.5,115,121,,agbajoc01
229,Kenrich Williams,28,OKC,PF,53,10,1206,7.1,13.6,.517,2.0,5.3,.373,5.1,8.3,.608,.590,0.7,1.5,.436,3.8,6.5,10.3,4.1,1.8,0.6,1.3,4.4,16.7,126,114,,willike04
230,Matisse Thybulle,25,2TM,SG,71,28,1200,4.5,10.4,.435,2.2,6.1,.365,2.3,4.3,.533,.542,0.8,1.1,.679,1.6,4.1,5.7,2.2,3.4,1.3,1.0,4.6,12.0,114,113,,thybuma01
231,Isaiah Livers,24,DET,PF,52,22,1199,4.9,11.6,.417,3.0,8.2,.365,1.9,3.4,.541,.545,1.3,1.6,.821,1.1,4.6,5.8,1.7,1.1,1.1,1.2,4.2,14.0,113,120,,liveris01
232,Cameron Johnson,26,2TM,PF,42,41,1199,9.1,19.3,.470,4.2,10.4,.404,4.9,8.9,.548,.579,4.1,4.9,.842,1.4,6.2,7.5,3.2,2.0,0.6,1.5,3.4,26.5,122,114,,johnsca02
233,Anthony Lamb,25,GSW,SF,62,4,1195,5.8,12.4,.471,2.9,7.9,.367,3.0,4.5,.652,.588,1.8,2.4,.767,2.2,6.3,8.5,3.8,1.1,0.8,2.1,5.3,16.4,119,115,,lamban01
234,Taurean Prince,28,MIN,PF,54,4,1192,7.1,15.1,.467,2.9,7.7,.381,4.1,7.4,.557,.565,2.6,3.1,.844,0.6,4.7,5.3,3.3,1.1,0.6,2.8,4.9,19.6,108,117,,princta02
235,Andrew Wiggins,27,GSW,SF,37,37,1190,9.9,21.0,.473,3.5,8.9,.396,6.4,12.1,.530,.557,1.7,2.9,.611,2.4,5.0,7.4,3.4,1.8,1.1,1.9,4.2,25.1,113,114,,wiggian01
236,Jordan Nwora,24,2TM,SF,62,14,1188,7.8,17.8,.436,3.4,8.5,.408,4.3,9.4,.462,.533,2.7,3.4,.791,2.0,7.1,9.2,3.5,1.0,0.6,2.6,3.0,21.7,109,116,,nworajo01
237,Gary Harris,28,ORL,SG,48,42,1184,5.6,12.5,.450,3.8,8.9,.431,1.8,3.6,.494,.603,1.1,1.2,.900,0.9,3.1,4.0,2.4,1.8,0.5,1.1,3.8,16.2,122,116,,harriga01
238,Tre Mann,21,OKC,PG,67,5,1183,7.9,20.1,.393,3.3,10.3,.315,4.7,9.8,.475,.474,1.7,2.2,.764,1.1,5.1,6.2,4.8,1.6,0.4,2.5,4.0,20.8,101,116,,manntr01
239,Trendon Watford,22,POR,PF,62,12,1182,7.5,13.3,.560,1.0,2.6,.391,6.4,10.7,.602,.599,3.0,4.1,.720,1.7,8.1,9.8,5.4,1.3,0.5,2.9,4.9,18.9,118,119,,watfotr01
240,Christian Braun,21,DEN,SG,76,6,1181,5.9,12.0,.495,1.4,4.0,.354,4.5,8.0,.565,.554,1.7,2.7,.625,2.0,5.5,7.5,2.4,1.7,0.7,1.4,4.2,14.9,114,115,,braunch01
241,Xavier Tillman Sr.,24,MEM,C,61,29,1180,7.6,12.3,.614,0.2,0.6,.267,7.4,11.7,.632,.621,2.0,3.6,.551,4.9,7.5,12.4,3.9,2.3,1.2,1.8,3.9,17.3,129,109,,tillmxa01
242,Devin Vassell,22,SAS,SG,38,32,1178,10.5,23.9,.439,4.1,10.7,.387,6.3,13.2,.480,.525,3.1,4.0,.780,0.3,5.6,5.9,5.5,1.7,0.7,2.3,2.3,28.2,110,120,,vassede01
243,Collin Sexton,24,UTA,PG,48,15,1145,9.9,19.5,.506,2.0,5.1,.393,7.9,14.4,.546,.558,6.8,8.3,.819,1.5,2.8,4.4,5.8,1.1,0.3,3.5,4.7,28.6,119,120,,sextoco01
244,Precious Achiuwa,23,TOR,C,55,12,1140,8.5,17.5,.485,1.3,4.7,.269,7.2,12.8,.564,.521,3.8,5.4,.702,4.3,9.9,14.2,2.2,1.3,1.3,2.6,4.4,22.0,112,113,,achiupr01
245,Steven Adams,29,MEM,C,42,42,1133,6.6,11.0,.597,0.0,0.0,.000,6.6,11.0,.599,.597,2.0,5.4,.364,9.0,11.4,20.3,4.1,1.5,1.9,3.3,4.1,15.1,118,108,,adamsst01
246,Alec Burks,31,DET,SG,51,8,1122,8.6,19.8,.436,4.3,10.3,.414,4.4,9.5,.459,.544,6.6,8.1,.814,0.8,6.0,6.8,4.9,1.6,0.3,2.5,4.2,28.2,120,119,,burksal01
247,Lamar Stevens,25,CLE,SF,62,25,1120,5.8,12.9,.448,1.3,4.3,.316,4.4,8.6,.513,.500,1.8,2.6,.702,2.1,7.1,9.3,1.5,1.2,0.9,1.2,3.5,14.7,109,111,,stevela01
248,Moritz Wagner,25,ORL,C,57,18,1109,8.6,17.3,.500,2.2,7.1,.313,6.4,10.2,.631,.564,6.7,7.9,.841,3.0,8.3,11.3,3.7,1.6,0.6,3.0,5.9,26.1,122,114,,wagnemo01
249,Jordan Goodwin,24,WAS,PG,62,7,1106,7.0,15.5,.448,1.7,5.2,.322,5.3,10.3,.511,.501,2.3,3.0,.768,2.5,6.5,9.0,7.4,2.6,1.1,2.5,4.2,17.9,113,113,,goodwjo01
250,Victor Oladipo,30,MIA,SG,42,2,1106,7.2,18.2,.397,3.2,9.6,.330,4.1,8.6,.471,.484,2.7,3.6,.747,0.7,5.0,5.8,6.6,2.6,0.5,3.9,4.5,20.2,99,112,,oladivi01
251,Ben Simmons,26,BRK,PG,42,33,1105,5.9,10.4,.566,0.0,0.1,.000,5.9,10.3,.571,.566,1.1,2.5,.439,1.8,9.9,11.6,11.3,2.4,1.1,4.3,6.1,12.9,110,110,,simmobe01
252,Jeff Green,36,DEN,PF,56,4,1091,7.2,14.7,.488,1.3,4.7,.288,5.8,10.0,.580,.534,3.9,5.2,.744,1.7,4.8,6.5,3.1,0.8,0.8,2.1,4.4,19.6,114,117,,greenje02
253,Brandon Clarke,26,MEM,PF,56,8,1090,10.0,15.2,.656,0.0,0.3,.167,9.9,14.9,.665,.658,4.3,6.0,.723,4.0,9.5,13.5,3.1,1.5,1.6,2.4,5.7,24.3,131,109,,clarkbr01
254,Bones Hyland,22,2TM,PG,56,1,1085,10.3,25.8,.399,5.3,14.2,.371,5.0,11.5,.434,.502,3.9,4.6,.843,0.9,5.2,6.1,7.8,1.8,0.7,3.7,4.3,29.7,107,115,,hylanbo01
255,Oshae Brissett,24,IND,PF,65,2,1083,5.4,14.0,.386,2.1,6.8,.310,3.3,7.2,.457,.461,4.6,6.4,.717,2.7,6.8,9.6,1.9,1.4,0.6,1.5,3.5,17.4,110,118,,brissos01
256,Thomas Bryant,25,2TM,C,59,26,1081,10.1,16.3,.623,1.1,2.6,.441,9.0,13.7,.658,.659,4.1,5.6,.738,3.8,11.2,14.9,1.4,0.7,1.3,1.7,4.5,25.5,132,112,,bryanth01
257,Obi Toppin,24,NYK,PF,67,5,1050,8.8,19.7,.446,4.0,11.6,.344,4.8,8.1,.593,.548,1.8,2.2,.809,1.4,7.4,8.8,3.1,1.1,0.6,1.8,3.2,23.4,116,116,,toppiob01
258,Joe Ingles,35,MIL,SF,46,0,1044,4.9,11.3,.435,3.8,9.3,.409,1.1,2.1,.556,.603,0.8,1.0,.857,0.6,5.3,5.9,6.9,1.5,0.3,2.5,3.4,14.5,120,114,,inglejo01
259,Jalen Johnson,21,ATL,SF,70,6,1042,7.2,14.7,.491,1.4,4.8,.288,5.9,10.0,.587,.537,2.2,3.6,.628,2.3,10.6,12.9,3.8,1.7,1.6,1.9,5.2,18.1,114,113,,johnsja05
260,Isaiah Jackson,21,IND,C,63,12,1042,8.2,14.5,.563,0.1,0.6,.143,8.1,13.9,.582,.566,4.3,6.7,.651,5.1,7.7,12.8,2.3,1.4,4.2,2.3,7.0,20.7,120,114,,jacksis01
261,Dyson Daniels,19,NOP,PG,59,11,1042,4.0,9.7,.418,1.3,4.0,.314,2.8,5.7,.492,.483,1.2,1.9,.650,1.7,7.1,8.7,6.2,2.0,0.5,2.7,4.6,10.6,105,112,,daniedy01
262,Wenyen Gabriel,25,LAL,C,68,2,1024,7.2,12.0,.596,0.5,1.7,.278,6.7,10.4,.647,.615,2.4,3.9,.619,5.4,7.9,13.2,1.7,1.2,1.6,2.1,6.7,17.2,123,113,,gabriwe01
263,Austin Rivers,30,MIN,SG,52,10,1016,4.3,9.8,.435,2.0,5.8,.350,2.2,4.0,.558,.538,1.4,1.8,.769,0.2,3.6,3.9,3.5,1.3,0.2,1.1,3.7,11.9,115,117,,riverau01
264,Hamidou Diallo,24,DET,SF,56,0,996,10.5,18.2,.573,0.2,1.0,.238,10.2,17.2,.593,.580,4.2,7.2,.588,2.8,6.7,9.4,2.7,2.6,0.8,3.5,6.0,25.4,109,116,,diallha01
265,Will Barton,32,2TM,SG,56,2,993,6.8,17.9,.379,3.2,8.9,.367,3.5,9.1,.391,.470,1.8,2.3,.787,0.7,6.0,6.7,5.5,1.4,0.6,2.4,2.8,18.6,102,117,,bartowi01
266,Marvin Bagley III,23,DET,C,42,25,990,9.9,18.7,.529,0.9,3.2,.288,9.0,15.5,.579,.554,4.0,5.3,.750,4.6,8.6,13.2,1.8,0.9,1.5,2.3,4.0,24.7,117,118,,baglema01
267,Cam Reddish,23,2TM,SF,40,20,990,6.9,15.4,.446,2.2,7.1,.313,4.7,8.3,.560,.518,3.2,3.7,.853,0.9,3.5,4.4,2.8,1.9,0.7,2.3,3.6,19.2,109,118,,reddica01
268,Jock Landale,27,PHO,C,69,4,979,8.9,16.8,.528,1.0,4.2,.250,7.8,12.6,.621,.559,3.9,5.2,.752,5.9,8.0,14.0,3.4,0.8,1.5,2.9,6.3,22.8,119,113,,landajo01
269,Nassir Little,22,POR,SF,54,4,976,6.7,15.1,.442,2.9,7.9,.367,3.8,7.2,.524,.538,1.6,2.3,.717,1.3,5.7,7.0,2.5,1.0,1.0,1.8,3.3,17.9,108,120,,littlna01
270,Usman Garuba,20,HOU,C,75,1,970,4.3,8.8,.486,1.2,2.9,.407,3.1,5.9,.525,.554,1.4,2.3,.617,6.0,9.3,15.3,3.2,2.2,1.4,2.3,6.7,11.2,119,115,,garubus01
271,JT Thor,20,CHO,PF,69,8,969,4.7,11.7,.399,1.9,6.0,.317,2.8,5.6,.487,.481,1.6,2.3,.702,1.8,5.7,7.5,1.8,1.1,1.1,2.2,3.2,12.9,97,117,,thorjt01
272,Haywood Highsmith,26,MIA,PF,54,11,969,4.8,11.1,.431,1.9,5.6,.339,2.9,5.5,.523,.516,0.7,1.4,.464,2.9,6.7,9.7,2.2,1.9,0.9,2.3,4.2,12.1,101,112,,highsha01
273,Cameron Payne,28,PHO,PG,48,15,968,9.5,22.9,.415,3.4,9.3,.368,6.1,13.5,.448,.490,2.5,3.2,.766,0.6,4.7,5.4,10.8,1.7,0.4,4.1,4.4,24.9,106,115,,payneca01
274,Kendrick Nunn,27,2TM,SG,70,2,964,9.5,22.4,.424,3.9,11.1,.354,5.6,11.3,.493,.512,1.7,2.0,.854,0.7,4.7,5.4,4.5,1.4,0.3,3.3,3.3,24.7,100,117,,nunnke01
275,Karl-Anthony Towns,27,MIN,PF,29,29,957,10.5,21.2,.495,3.0,8.1,.366,7.5,13.1,.576,.565,5.9,6.7,.874,2.4,9.3,11.7,6.9,1.0,0.8,4.3,5.5,29.9,117,114,,townska01
276,Zion Williamson,22,NOP,PF,29,29,956,14.4,23.8,.608,0.4,1.0,.368,14.1,22.8,.618,.615,9.0,12.6,.714,2.9,7.3,10.2,6.7,1.6,0.8,5.0,3.3,38.2,120,112,AS,willizi01
277,Kevin Knox,23,2TM,SF,63,5,952,7.8,16.9,.458,3.3,9.5,.349,4.4,7.4,.596,.556,2.3,3.1,.767,1.7,7.3,9.0,1.7,1.2,0.6,2.6,4.8,21.2,107,119,,knoxke01
278,Cam Thomas,21,BRK,SG,57,4,948,10.4,23.5,.441,2.6,6.8,.383,7.7,16.6,.464,.497,7.8,9.0,.868,0.4,4.5,4.9,4.0,1.0,0.4,3.2,2.8,31.1,108,118,,thomaca02
279,Mike Muscala,31,2TM,C,63,9,945,6.6,14.8,.449,4.1,10.5,.391,2.5,4.3,.588,.587,2.0,2.6,.769,1.9,8.4,10.3,2.5,0.8,1.2,1.2,5.0,19.4,124,113,,muscami01
280,Maxi Kleber,31,DAL,PF,37,5,930,4.1,9.0,.456,2.1,6.0,.348,2.0,3.0,.667,.571,1.4,2.0,.711,1.6,5.6,7.2,2.8,0.6,1.6,1.4,4.5,11.8,117,118,,klebima01
281,Yuta Watanabe,28,BRK,SF,58,1,928,6.0,12.2,.491,3.2,7.1,.444,2.8,5.1,.557,.621,1.8,2.5,.723,1.6,5.8,7.4,2.5,1.3,0.9,1.2,4.2,16.9,125,116,,watanyu01
282,Ish Wainright,28,PHO,SF,60,2,915,4.5,12.1,.370,3.0,9.2,.329,1.4,2.9,.500,.496,1.4,1.7,.839,2.4,5.0,7.4,2.8,2.0,1.2,1.2,6.2,13.4,114,113,,wainris01
283,Daishen Nix,20,HOU,PG,57,7,914,4.3,12.6,.342,2.1,7.4,.286,2.2,5.1,.423,.426,1.3,1.9,.667,1.0,4.2,5.2,7.0,1.6,0.4,4.6,3.1,12.0,88,121,,nixda01
284,Jaylin Williams,20,OKC,C,49,36,914,5.3,12.2,.436,2.4,5.9,.407,2.9,6.3,.463,.534,2.0,2.8,.704,2.3,10.2,12.5,3.9,1.5,0.6,1.9,5.8,15.0,115,112,,willija07
285,Chris Duarte,25,IND,SF,46,12,897,6.5,17.6,.369,2.9,9.2,.316,3.6,8.4,.428,.452,3.2,3.8,.847,1.0,5.1,6.1,3.4,1.3,0.5,2.2,3.4,19.2,101,120,,duartch01
286,Derrick Jones Jr.,25,CHI,PF,64,0,893,6.3,12.5,.500,1.5,4.4,.338,4.8,8.2,.587,.559,3.4,4.6,.738,3.3,5.1,8.3,1.9,1.6,2.0,1.4,4.7,17.4,122,112,,jonesde02
287,Dean Wade,26,CLE,PF,44,13,891,4.1,10.0,.412,2.5,7.1,.354,1.6,2.8,.560,.540,0.8,1.3,.652,1.1,7.3,8.4,2.1,1.6,1.2,1.0,5.0,11.6,113,110,,wadede01
288,Vlatko Čančar,25,DEN,PF,60,9,889,5.9,12.5,.476,2.4,6.3,.374,3.6,6.2,.580,.570,2.1,2.3,.927,1.3,5.7,7.0,4.4,1.2,0.8,2.0,4.6,16.3,119,116,,cancavl01
289,Nickeil Alexander-Walker,24,2TM,SG,59,3,884,7.1,15.9,.444,3.3,8.6,.384,3.8,7.3,.515,.547,2.2,3.2,.667,0.8,4.6,5.4,5.8,1.7,1.1,3.0,4.7,19.6,109,116,,alexani01
290,Bismack Biyombo,30,PHO,C,61,14,874,6.7,11.5,.578,0.0,0.0,,6.7,11.5,.578,.578,1.4,3.9,.357,5.0,9.6,14.5,3.1,1.0,4.9,2.9,6.4,14.7,109,108,,biyombi01
291,Goran Dragić,36,2TM,PG,58,0,870,7.9,18.7,.421,2.9,8.1,.359,5.0,10.6,.468,.499,1.7,2.5,.689,0.9,3.6,4.5,8.4,0.7,0.2,3.5,3.6,20.4,103,117,,dragigo01
292,James Wiseman,21,2TM,C,45,22,867,10.5,18.8,.558,0.2,1.1,.200,10.3,17.7,.580,.563,3.8,5.4,.701,4.0,10.8,14.8,1.7,0.4,1.5,2.8,6.0,25.0,112,116,,wisemja01
293,Théo Maledon,21,CHO,PG,44,7,854,5.7,14.2,.402,1.6,5.3,.295,4.1,8.9,.465,.457,3.5,4.1,.851,0.8,6.1,6.9,8.5,2.1,0.7,3.3,3.4,16.4,105,115,,maledth01
294,Andre Drummond,29,CHI,C,67,0,849,9.5,15.7,.606,0.0,0.2,.000,9.5,15.5,.613,.606,3.8,7.2,.536,7.9,17.6,25.5,1.9,2.6,1.5,4.3,6.7,22.9,113,103,,drumman01
295,Aaron Holiday,26,ATL,PG,63,6,845,5.2,12.4,.418,2.0,5.0,.409,3.2,7.4,.424,.500,1.5,1.8,.844,1.4,2.8,4.2,5.0,2.1,0.7,2.0,4.5,13.9,110,117,,holidaa01
296,Romeo Langford,23,SAS,SG,43,21,844,6.8,14.5,.467,0.9,3.4,.262,5.9,11.1,.530,.498,2.2,3.1,.696,3.2,3.2,6.4,2.8,1.3,0.7,1.7,3.7,16.6,110,122,,langfro01
297,Terence Davis,25,SAC,SG,64,5,841,8.8,20.7,.423,5.1,13.8,.366,3.7,6.9,.537,.545,1.9,2.4,.791,1.1,6.8,7.9,3.8,2.4,0.7,3.0,5.9,24.5,106,114,,daviste02
298,George Hill,36,2TM,SG,46,1,834,4.5,9.5,.470,1.9,5.4,.358,2.5,4.1,.620,.572,2.4,3.1,.764,0.9,4.0,4.9,6.3,1.5,0.3,1.9,3.1,13.3,124,115,,hillge01
299,Mark Williams,21,CHO,C,43,17,828,9.2,14.4,.637,0.0,0.0,,9.2,14.4,.637,.637,3.9,5.6,.691,5.3,12.1,17.5,1.0,1.6,2.6,2.3,5.4,22.2,125,110,,willima07
300,Robert Williams,25,BOS,C,35,20,824,7.5,10.1,.747,0.0,0.1,.000,7.5,10.0,.751,.747,1.5,2.4,.610,6.2,11.1,17.3,3.0,1.3,2.8,2.0,4.0,16.5,143,107,,williro04
301,Wesley Matthews,36,MIL,SF,52,0,820,3.4,9.3,.363,2.3,7.2,.315,1.1,2.1,.528,.484,1.4,1.6,.857,2.0,4.6,6.6,2.0,1.2,0.8,1.0,4.1,10.4,113,114,,matthwe02
302,Moses Moody,20,GSW,SG,63,3,817,6.2,13.1,.476,2.8,7.8,.363,3.4,5.3,.641,.584,2.1,3.1,.698,1.6,4.5,6.1,2.9,1.0,0.4,2.0,3.1,17.5,116,117,,moodymo01
303,Rudy Gay,36,UTA,PF,56,0,816,6.4,16.8,.380,1.9,7.6,.254,4.4,9.2,.484,.437,2.5,2.9,.857,1.9,7.6,9.5,3.3,1.1,1.1,2.2,4.0,17.2,101,117,,gayru01
304,Ty Jerome,25,GSW,SG,45,2,816,6.8,14.0,.488,2.0,5.2,.389,4.8,8.8,.546,.560,2.2,2.4,.927,0.4,4.1,4.5,7.8,1.3,0.3,1.7,3.7,17.9,126,117,,jeromty01
305,Jeremiah Robinson-Earl,22,OKC,PF,43,20,814,6.4,14.5,.444,2.2,6.5,.333,4.3,8.0,.533,.518,2.0,2.5,.833,4.1,6.4,10.5,2.5,1.4,0.6,1.1,4.1,17.0,121,115,,robinje02
306,Jericho Sims,24,NYK,C,52,16,812,5.1,6.5,.776,0.0,0.1,.000,5.1,6.5,.783,.776,0.7,1.0,.750,6.0,8.7,14.7,1.5,0.9,1.7,1.6,5.8,10.8,146,114,,simsje01
307,Caleb Houstan,20,ORL,SF,51,4,812,3.9,10.8,.363,2.7,8.1,.338,1.2,2.7,.435,.489,0.9,1.1,.833,2.0,3.9,5.9,1.8,0.7,0.4,1.1,3.7,11.5,108,118,,houstca01
308,Danuel House Jr.,29,PHI,SF,56,5,807,5.7,12.1,.472,2.3,6.8,.336,3.4,5.3,.644,.566,2.8,3.7,.750,0.6,5.2,5.8,2.7,0.9,0.6,1.6,4.2,16.5,115,116,,houseda01
309,Landry Shamet,25,PHO,SG,40,9,807,6.8,18.2,.377,4.5,12.1,.377,2.3,6.1,.376,.502,2.7,3.1,.882,0.7,3.4,4.1,5.6,1.6,0.3,2.2,3.7,21.0,111,116,,shamela01
310,Dario Šarić,28,2TM,C,57,12,806,7.6,16.6,.458,2.7,6.9,.391,4.9,9.7,.506,.540,3.8,4.6,.829,3.2,9.2,12.4,4.4,1.2,0.4,3.3,5.9,21.7,113,113,,saricda01
311,Luke Kornet,27,BOS,C,69,0,804,6.9,10.3,.665,0.2,0.8,.231,6.7,9.5,.701,.674,1.9,2.4,.821,5.2,6.7,11.9,3.2,0.7,2.8,1.5,4.9,15.8,143,111,,kornelu01
312,Christian Koloko,22,TOR,C,58,19,802,4.4,9.2,.480,0.1,0.7,.083,4.4,8.5,.514,.483,2.3,3.6,.627,5.2,5.4,10.5,1.9,1.3,3.5,1.2,7.9,11.2,119,113,,kolokch01
313,Khris Middleton,31,MIL,SF,33,19,801,10.6,24.2,.436,3.0,9.7,.315,7.5,14.5,.516,.499,5.5,6.1,.902,1.7,6.7,8.3,9.7,1.4,0.3,4.2,4.1,29.6,113,113,,middlkh01
314,JaMychal Green,32,GSW,PF,57,1,797,8.1,14.9,.540,2.5,6.6,.378,5.6,8.4,.667,.623,3.1,4.0,.776,4.3,7.9,12.1,3.0,1.5,1.4,3.1,6.2,21.7,121,113,,greenja01
315,Thaddeus Young,34,TOR,PF,54,9,795,6.7,12.3,.545,0.4,2.1,.176,6.3,10.2,.622,.561,1.1,1.6,.692,4.4,5.9,10.3,4.7,3.4,0.3,2.6,5.5,14.9,117,112,,youngth01
316,Bryce McGowens,20,CHO,SG,46,7,787,4.8,12.2,.396,1.6,4.8,.325,3.3,7.4,.443,.460,3.6,4.8,.750,1.2,4.4,5.6,3.3,0.9,0.4,2.6,2.9,14.9,100,119,,mcgowbr01
317,Josh Christopher,21,HOU,SG,64,2,786,9.4,20.3,.465,1.3,5.5,.236,8.1,14.8,.550,.497,2.8,3.7,.750,1.2,3.1,4.4,4.5,2.0,0.9,3.7,3.6,22.9,102,120,,chrisjo01
318,Robert Covington,32,LAC,PF,48,0,779,6.4,14.4,.445,3.4,8.6,.397,3.0,5.8,.516,.563,1.9,2.5,.750,1.9,8.5,10.4,3.6,2.4,2.1,2.0,5.4,18.1,116,110,,covinro01
319,Justise Winslow,26,POR,PF,29,11,776,5.1,12.4,.409,0.9,2.8,.311,4.2,9.6,.438,.444,1.3,1.8,.714,3.1,6.0,9.1,6.2,1.9,0.7,2.7,5.6,12.3,104,118,,winslju01
320,Mo Bamba,24,2TM,C,49,7,769,7.3,15.1,.485,3.0,7.8,.387,4.3,7.3,.590,.585,2.6,3.9,.661,3.6,10.5,14.1,2.9,0.8,2.7,1.9,6.6,20.3,121,111,,bambamo01
321,Simone Fontecchio,27,UTA,SF,52,6,766,7.2,19.5,.369,3.9,11.9,.330,3.2,7.5,.430,.470,2.2,2.7,.795,1.9,3.4,5.4,2.6,0.9,0.5,2.4,3.9,20.5,101,120,,fontesi01
322,Miles McBride,22,NYK,PG,64,2,760,5.0,14.0,.358,2.6,8.7,.299,2.4,5.3,.457,.451,1.8,2.7,.667,0.8,2.4,3.3,4.7,2.4,0.5,1.6,3.9,14.4,106,116,,mcbrimi01
323,Paul Reed,23,PHI,C,69,2,755,8.1,13.7,.593,0.1,0.4,.167,8.1,13.3,.606,.596,2.5,3.3,.745,7.3,9.8,17.2,1.8,3.0,3.3,3.0,8.1,18.8,122,105,,reedpa01
324,John Wall,32,LAC,PG,34,3,755,9.0,21.9,.408,2.1,7.1,.303,6.8,14.9,.459,.457,5.0,7.3,.681,0.9,5.1,6.0,11.5,1.8,0.8,5.2,3.8,25.0,102,115,,walljo01
325,R.J. Hampton,21,2TM,SG,47,3,750,6.6,15.3,.430,2.6,7.5,.353,3.9,7.8,.504,.517,3.7,4.9,.750,1.2,4.5,5.6,3.5,1.7,0.6,2.7,3.3,19.5,107,118,,hamptrj01
326,Edmond Sumner,27,BRK,SG,53,12,736,8.2,17.8,.461,2.1,5.8,.356,6.2,12.1,.511,.519,6.6,7.2,.917,0.9,4.4,5.2,4.5,2.1,0.7,3.3,5.5,25.1,112,115,,sumneed01
327,Zeke Nnaji,22,DEN,PF,53,5,728,7.4,13.2,.561,1.1,4.4,.262,6.2,8.8,.710,.605,2.7,4.2,.645,4.4,4.9,9.3,1.2,1.1,1.5,2.1,7.1,18.6,120,115,,nnajize01
328,Jaden Hardy,20,DAL,SG,48,5,708,10.3,23.4,.438,4.4,11.0,.404,5.8,12.4,.469,.533,4.6,5.5,.823,0.8,5.5,6.2,4.6,1.2,0.5,3.2,4.5,29.5,108,118,,hardyja02
329,Justin Holiday,33,2TM,SF,46,2,706,5.3,14.0,.377,3.2,9.8,.322,2.1,4.2,.508,.490,0.3,0.5,.625,0.3,3.4,3.8,2.8,1.3,1.3,1.5,4.7,14.1,99,118,,holidju01
330,MarJon Beauchamp,22,MIL,SF,52,11,701,6.5,16.6,.395,3.2,9.7,.331,3.3,6.9,.485,.492,1.8,2.5,.730,2.6,5.2,7.8,2.4,1.4,0.5,3.1,4.8,18.1,99,113,,beaucma01
331,Aleksej Pokusevski,21,OKC,PF,34,25,701,7.3,16.9,.434,2.6,7.0,.365,4.7,9.8,.483,.510,1.5,2.4,.629,3.0,7.7,10.8,4.3,1.4,2.9,2.9,3.9,18.7,105,112,,pokusal01
332,Juan Toscano-Anderson,29,2TM,SF,52,9,700,4.3,9.7,.448,0.5,2.9,.186,3.8,6.8,.560,.476,1.3,1.6,.792,1.9,6.5,8.4,4.4,1.1,0.7,2.3,5.4,10.5,104,116,,toscaju01
333,Malachi Flynn,24,TOR,PG,53,2,691,6.2,17.3,.360,3.4,9.5,.353,2.9,7.8,.367,.457,1.8,2.4,.758,1.1,4.4,5.4,5.0,1.5,0.3,1.8,4.7,17.6,105,117,,flynnma01
334,Duncan Robinson,28,MIA,SF,42,1,691,6.4,17.1,.371,4.5,13.9,.328,1.8,3.2,.556,.504,2.1,2.3,.906,0.6,4.4,5.0,3.3,1.0,0.0,2.0,5.6,19.3,105,117,,robindu01
335,Chimezie Metu,25,SAC,PF,66,0,689,9.0,15.2,.589,0.6,2.6,.237,8.3,12.6,.663,.610,3.8,5.1,.740,3.3,10.5,13.8,2.8,1.5,1.5,2.2,5.6,22.3,124,113,,metuch01
336,T.J. Warren,29,2TM,PF,42,0,687,9.4,19.2,.489,1.6,4.8,.328,7.8,14.4,.542,.530,2.0,2.5,.800,1.8,6.8,8.6,2.8,1.6,0.9,1.4,4.6,22.3,111,114,,warretj01
337,Garrison Mathews,26,2TM,SG,54,0,686,5.1,14.2,.363,4.4,12.7,.350,0.7,1.5,.476,.520,3.4,3.7,.906,0.8,4.4,5.1,1.8,1.7,0.4,1.3,4.4,18.1,119,121,,mathega01
338,Montrezl Harrell,29,PHI,C,57,7,681,9.1,15.2,.598,0.0,0.4,.000,9.1,14.8,.616,.598,5.1,7.3,.693,4.9,6.7,11.6,2.4,1.2,1.8,2.5,5.5,23.3,124,113,,harremo01
339,Jordan McLaughlin,26,MIN,PG,43,0,678,4.3,10.2,.421,1.7,5.5,.308,2.6,4.7,.552,.503,1.1,1.3,.833,1.1,3.3,4.3,10.4,2.2,0.3,2.3,2.0,11.3,118,115,,mclaujo01
340,Jae'Sean Tate,27,HOU,SF,31,7,677,7.9,16.4,.480,0.9,3.3,.283,6.9,13.1,.530,.509,3.6,4.9,.725,2.9,5.5,8.4,6.0,1.5,0.5,3.4,7.6,20.3,111,120,,tateja01
341,Blake Wesley,19,SAS,SG,37,1,669,4.9,15.2,.321,1.4,3.7,.385,3.5,11.5,.301,.367,1.8,3.1,.591,0.8,4.9,5.7,6.9,1.8,0.4,4.6,4.7,13.0,80,121,,weslebl01
342,Sandro Mamukelashvili,23,2TM,C,43,7,660,7.0,16.5,.422,2.2,7.1,.303,4.8,9.4,.511,.487,2.8,4.1,.684,5.0,8.3,13.3,4.5,1.0,0.9,2.5,3.7,18.9,111,117,,mamuksa01
343,Eugene Omoruyi,25,2TM,SF,40,6,645,7.5,17.0,.443,1.9,6.6,.281,5.7,10.4,.547,.498,3.8,5.6,.680,3.2,5.1,8.3,2.1,2.1,0.2,2.5,6.8,20.7,106,117,,omorueu01
344,Payton Pritchard,25,BOS,PG,48,3,643,7.7,18.6,.412,4.2,11.7,.364,3.4,6.9,.495,.527,0.9,1.2,.750,1.9,4.8,6.7,4.9,1.1,0.1,3.0,2.8,20.5,105,115,,pritcpa01
345,Amir Coffey,25,LAC,SF,50,9,625,4.4,11.4,.386,0.9,3.1,.275,3.5,8.2,.429,.424,3.8,4.9,.778,1.3,2.8,4.2,4.2,0.5,0.4,1.6,3.9,13.5,108,120,,coffeam01
346,Anthony Gill,30,WAS,PF,59,8,624,5.5,10.3,.538,0.3,2.3,.138,5.2,8.0,.650,.553,3.8,5.2,.731,2.9,4.8,7.7,2.7,0.5,0.9,1.2,5.5,15.2,127,119,,gillan01
347,Jabari Walker,20,POR,PF,56,0,619,6.5,15.6,.419,1.3,4.4,.286,5.3,11.2,.472,.460,2.7,3.5,.756,3.8,6.5,10.3,2.7,0.8,1.0,2.3,5.4,17.0,104,120,,walkeja01
348,Darius Bazley,22,2TM,C,43,1,616,6.4,14.2,.454,1.5,4.1,.377,4.9,10.1,.485,.508,2.9,5.4,.543,2.6,8.0,10.7,2.9,1.7,2.6,2.1,3.4,17.3,107,111,,bazleda01
349,Juancho Hernangómez,27,TOR,PF,42,10,614,3.9,9.2,.421,1.4,5.4,.254,2.5,3.8,.660,.496,0.7,1.3,.563,2.2,7.7,9.9,2.0,1.3,0.5,1.2,3.5,9.8,108,115,,hernaju01
350,Jaxson Hayes,22,NOP,C,47,2,610,6.8,12.4,.551,0.2,2.3,.103,6.6,10.1,.654,.561,4.6,6.6,.699,3.1,7.4,10.5,2.7,1.6,1.5,2.5,5.3,18.5,117,111,,hayesja02
351,Frank Ntilikina,24,DAL,SG,47,5,607,3.9,10.8,.364,1.4,5.5,.254,2.5,5.3,.477,.428,1.8,2.7,.667,0.6,4.5,5.1,4.7,1.3,0.6,2.4,5.3,11.1,94,118,,ntilila01
352,DeAndre Jordan,34,DEN,C,39,8,586,7.3,9.6,.765,0.1,0.1,1.000,7.3,9.5,.763,.770,1.8,4.0,.458,4.3,12.5,16.9,2.8,1.0,1.9,4.0,5.9,16.6,116,111,,jordade01
353,Blake Griffin,33,BOS,C,41,16,569,5.4,11.1,.485,2.0,5.7,.348,3.4,5.5,.625,.573,1.8,2.7,.656,4.0,9.3,13.3,5.2,1.2,0.8,1.9,6.4,14.6,127,111,,griffbl01
354,Ousmane Dieng,19,OKC,PF,39,1,569,6.3,15.1,.420,2.2,8.2,.265,4.2,6.9,.602,.492,1.3,1.9,.652,1.6,7.2,8.8,3.8,1.2,0.6,2.2,3.5,16.1,103,115,,diengou01
355,Kris Dunn,28,UTA,PG,22,3,568,9.8,18.2,.537,1.4,3.0,.472,8.3,15.1,.550,.576,3.4,4.5,.774,0.8,7.7,8.4,10.4,2.1,0.8,2.9,4.9,24.4,125,114,,dunnkr01
356,Patty Mills,34,BRK,PG,40,2,567,7.4,18.0,.411,4.2,11.5,.366,3.2,6.5,.493,.529,2.2,2.6,.833,0.7,3.1,3.8,4.8,1.3,0.3,2.6,2.8,21.2,106,118,,millspa02
357,Ricky Rubio,32,CLE,PG,33,2,566,5.4,15.8,.343,1.9,7.3,.256,3.5,8.5,.417,.402,2.5,3.1,.800,0.8,5.4,6.2,10.2,2.3,0.5,2.7,4.5,15.2,103,110,,rubiori01
358,Ziaire Williams,21,MEM,SF,37,4,561,7.1,16.6,.429,2.1,8.2,.258,5.0,8.4,.596,.492,1.4,1.9,.773,1.4,5.3,6.7,3.0,1.2,0.5,3.1,4.9,17.8,97,114,,willizi02
359,Day'Ron Sharpe,21,BRK,C,48,3,552,8.2,15.1,.544,0.5,1.0,.545,7.7,14.1,.544,.561,3.1,4.9,.636,8.8,8.9,17.7,3.3,1.3,2.8,3.7,7.9,20.1,118,111,,sharpda01
360,Kai Jones,22,CHO,C,46,0,550,5.8,10.4,.558,0.3,1.6,.211,5.5,8.7,.624,.575,1.6,2.3,.731,3.2,7.4,10.6,1.3,1.5,2.6,2.7,5.6,13.6,106,113,,joneska01
361,Lindy Waters III,25,OKC,SG,41,0,531,6.3,15.9,.393,5.2,14.5,.358,1.1,1.4,.750,.556,1.4,1.8,.800,1.4,5.3,6.7,2.5,1.3,1.0,0.9,3.8,19.1,120,116,,waterli01
362,Rodney McGruder,31,DET,SG,32,12,524,5.7,14.1,.408,3.8,9.0,.423,1.9,5.1,.382,.543,1.7,2.0,.818,1.8,5.0,6.8,2.6,1.5,0.1,1.0,3.6,16.9,119,121,,mcgruro01
363,Chuma Okeke,24,ORL,SF,27,8,518,4.0,11.4,.352,2.4,8.0,.302,1.6,3.4,.472,.459,1.5,2.0,.762,2.4,6.5,9.0,3.5,1.8,1.0,1.6,3.7,11.9,107,114,,okekech01
364,James Bouknight,22,CHO,SG,34,0,515,6.4,17.8,.358,3.1,10.1,.303,3.3,7.8,.429,.443,1.8,2.8,.667,0.7,5.9,6.7,3.8,1.3,0.5,3.0,4.5,17.7,90,117,,bouknja01
365,Max Christie,19,LAL,SG,41,3,512,4.1,9.8,.415,2.4,5.7,.419,1.7,4.1,.409,.538,1.3,1.5,.875,0.6,6.3,6.9,1.9,0.8,0.6,1.2,3.1,11.8,111,116,,chrisma02
366,Charles Bassey,22,SAS,C,35,2,508,8.1,12.6,.644,0.3,0.7,.375,7.8,11.8,.661,.656,2.0,3.4,.595,7.0,11.0,17.9,4.5,1.5,3.1,3.8,6.9,18.5,121,114,,bassech01
367,Raul Neto,30,CLE,PG,48,1,505,5.7,10.9,.518,1.2,4.2,.286,4.5,6.8,.662,.573,3.1,3.4,.912,1.0,3.6,4.6,7.8,1.7,0.4,2.4,4.9,15.6,126,113,,netora01
368,Dāvis Bertāns,30,DAL,PF,45,1,492,7.0,16.2,.431,5.6,14.2,.390,1.4,1.9,.737,.603,1.3,1.5,.867,1.0,4.3,5.4,2.1,1.1,0.8,1.0,5.4,20.8,120,118,,bertada01
369,Taj Gibson,37,WAS,C,49,2,480,6.6,12.7,.520,0.8,2.4,.333,5.8,10.2,.564,.552,3.0,4.3,.714,3.2,6.2,9.4,3.4,1.5,1.2,2.6,8.5,17.0,114,115,,gibsota01
370,Javonte Green,29,CHI,SF,32,1,480,6.2,11.0,.565,1.3,3.6,.371,4.9,7.4,.658,.625,3.0,4.6,.667,2.7,6.2,8.9,2.3,2.4,2.1,2.0,5.3,16.7,122,109,,greenja02
371,Damian Jones,27,2TM,C,41,1,477,5.5,8.6,.640,1.0,1.7,.588,4.5,6.9,.652,.698,2.2,2.9,.759,4.2,8.0,12.2,1.5,0.8,2.1,2.3,5.5,14.2,128,115,,jonesda03
372,Isaiah Roby,24,SAS,PF,42,2,474,6.7,15.4,.432,1.8,6.0,.300,4.9,9.5,.516,.490,2.0,4.1,.488,2.1,8.6,10.7,3.8,1.8,0.7,3.1,5.3,17.1,97,118,,robyis01
373,Stanley Johnson,26,SAS,SF,30,0,469,6.5,12.3,.533,1.8,4.0,.450,4.7,8.3,.573,.607,2.6,3.9,.667,2.2,7.4,9.6,6.7,1.6,0.6,3.3,4.8,17.5,117,119,,johnsst04
374,Svi Mykhailiuk,25,2TM,SF,32,8,468,7.9,17.7,.445,4.3,10.1,.424,3.6,7.6,.473,.566,2.7,4.0,.667,1.5,3.9,5.4,5.4,1.5,0.4,2.4,2.3,22.7,115,118,,mykhasv01
375,Evan Fournier,30,NYK,SG,27,7,459,6.0,17.9,.337,3.8,12.3,.307,2.3,5.6,.404,.443,1.9,2.3,.857,0.4,4.8,5.3,3.9,1.7,0.3,2.4,5.0,17.8,98,116,,fournev01
376,Willy Hernangómez,28,NOP,C,38,2,458,9.4,17.9,.527,0.3,1.2,.273,9.1,16.7,.544,.536,8.6,11.0,.779,6.1,12.9,19.0,3.5,1.8,1.4,4.1,6.8,27.7,118,108,,hernawi01
377,Kevon Harris,25,ORL,SG,34,0,457,5.0,11.3,.439,1.7,4.5,.372,3.3,6.8,.484,.514,3.3,4.3,.756,3.0,4.4,7.4,1.7,1.8,0.5,2.2,5.6,14.9,110,115,,harrike01
378,Goga Bitadze,23,2TM,C,38,1,457,7.2,13.1,.552,0.6,2.7,.231,6.6,10.4,.636,.576,2.4,4.4,.548,6.4,8.0,14.4,4.1,1.7,2.7,2.3,6.7,17.5,123,112,,bitadgo01
379,Admiral Schofield,25,ORL,PF,37,0,451,5.9,13.1,.451,2.6,7.9,.324,3.3,5.1,.646,.549,2.3,2.5,.913,2.5,4.2,6.6,3.3,0.9,0.5,1.7,6.5,16.6,120,117,,schofad01
380,TyTy Washington Jr.,21,HOU,PG,31,2,433,6.5,17.9,.363,2.1,9.0,.238,4.4,9.0,.488,.422,1.1,2.0,.556,0.2,4.8,5.0,5.3,1.7,0.2,1.6,3.2,16.2,99,121,,washity02
381,Dewayne Dedmon,33,2TM,C,38,1,426,9.0,17.7,.510,1.4,4.6,.308,7.6,13.1,.580,.550,3.9,5.7,.673,4.0,11.7,15.7,3.0,1.1,2.2,2.9,8.8,23.3,112,110,,dedmode01
382,Orlando Robinson,22,MIA,C,31,1,425,5.5,10.4,.528,0.0,0.7,.000,5.5,9.7,.566,.528,2.6,3.6,.710,5.6,9.2,14.8,2.9,1.4,1.4,1.9,6.2,13.6,122,111,,robinor01
383,Johnny Davis,20,WAS,SG,28,5,423,7.6,19.7,.386,2.0,8.1,.243,5.6,11.6,.485,.436,1.6,3.1,.519,1.2,6.3,7.5,3.2,1.2,0.9,2.0,5.5,18.8,92,117,,davisjo06
384,Keon Johnson,20,POR,SG,40,0,416,7.8,20.8,.376,3.3,9.5,.346,4.6,11.4,.402,.455,3.2,4.8,.659,1.3,3.9,5.2,6.9,2.2,0.7,5.0,5.0,22.1,93,119,,johnske07
385,Jake LaRavia,21,MEM,PF,35,0,414,4.2,10.9,.389,2.8,8.1,.338,1.5,2.8,.542,.516,0.8,1.0,.778,2.2,5.0,7.2,2.4,1.4,0.5,2.1,5.6,12.0,105,114,,laravja01
386,Dominick Barlow,19,SAS,PF,28,0,408,5.3,10.0,.535,0.0,0.5,.000,5.3,9.5,.561,.535,2.1,2.9,.720,5.3,6.5,11.8,2.8,1.2,2.2,1.7,6.5,12.7,121,119,,barlodo01
387,Bruno Fernando,24,2TM,C,39,4,405,7.1,13.4,.527,0.0,0.5,.000,7.1,12.9,.546,.527,4.2,6.0,.700,6.5,9.9,16.4,3.7,0.7,4.1,3.0,8.8,18.3,118,115,,fernabr01
388,Cade Cunningham,21,DET,PG,12,12,400,11.3,27.1,.415,2.1,7.4,.279,9.2,19.7,.466,.453,4.4,5.2,.837,1.5,7.5,9.0,8.7,1.2,0.8,4.7,4.1,29.0,100,119,,cunnica01
389,Ish Smith,34,DEN,PG,43,0,398,6.4,16.1,.397,0.2,1.5,.167,6.1,14.6,.420,.405,0.2,0.5,.500,0.6,6.0,6.6,12.3,1.0,0.9,5.4,4.1,13.3,89,116,,smithis01
390,Duane Washington Jr.,22,PHO,SG,31,3,394,11.7,31.8,.367,5.0,13.8,.360,6.7,18.0,.372,.445,2.0,3.0,.667,0.2,4.2,4.5,7.8,0.7,0.5,4.2,2.9,30.3,93,117,,washidu02
391,Kessler Edwards,22,2TM,SF,36,4,385,4.5,11.6,.387,2.1,6.9,.309,2.4,4.7,.500,.478,1.4,1.9,.733,2.9,4.7,7.6,2.9,1.7,0.7,1.6,5.0,12.5,108,117,,edwarke02
392,Saben Lee,23,2TM,PG,25,1,373,6.4,15.9,.405,1.4,3.9,.367,5.0,11.9,.418,.450,5.5,7.5,.737,1.7,4.2,5.9,8.8,2.5,0.1,3.1,4.2,19.8,111,113,,leesa01
393,Gary Payton II,30,2TM,SG,22,1,367,5.4,9.1,.594,1.7,3.4,.500,3.7,5.7,.651,.688,0.8,0.9,.857,3.2,5.9,9.1,3.9,2.9,0.7,2.1,5.7,13.3,131,115,,paytoga02
394,Udoka Azubuike,23,UTA,C,36,4,359,7.9,9.6,.819,0.0,0.0,,7.9,9.6,.819,.819,0.9,2.7,.350,4.1,11.7,15.8,1.5,0.8,2.0,2.4,4.5,16.6,131,114,,azubuud01
395,Gorgui Dieng,33,SAS,C,31,1,358,5.9,15.4,.385,2.8,9.9,.280,3.2,5.5,.571,.474,1.3,1.7,.769,3.6,10.6,14.1,7.0,0.5,1.8,4.2,7.5,16.0,100,118,,dienggo01
396,JaVale McGee,35,DAL,C,42,7,355,11.2,17.5,.640,0.3,0.7,.400,10.9,16.8,.650,.648,3.4,5.7,.585,4.2,10.8,15.0,1.5,0.6,3.6,5.0,7.6,26.0,108,112,,mcgeeja01
397,Markieff Morris,33,2TM,PF,35,2,355,6.5,15.9,.409,3.9,9.8,.394,2.6,6.1,.432,.530,1.4,1.4,1.000,1.8,8.0,9.8,4.3,1.2,0.7,2.5,6.6,18.2,108,115,,morrima02
398,Furkan Korkmaz,25,PHI,SG,37,0,353,6.7,15.6,.432,2.5,6.5,.391,4.2,9.1,.462,.514,3.6,5.1,.722,0.8,5.1,5.9,3.1,1.4,0.4,3.4,2.5,19.6,100,115,,korkmfu01
399,Richaun Holmes,29,SAC,C,42,1,348,7.6,12.2,.618,0.7,1.1,.625,6.9,11.1,.617,.646,2.1,2.6,.789,4.0,7.0,11.0,1.2,0.4,1.5,1.9,6.9,17.9,127,118,,holmeri01
400,A.J. Green,23,MIL,SG,35,1,345,7.3,17.3,.424,6.1,14.5,.419,1.2,2.8,.450,.600,0.6,0.6,1.000,0.8,5.4,6.2,3.0,0.8,0.0,1.2,4.3,21.3,121,115,,greenaj01
401,Davon Reed,27,2TM,SG,43,1,342,4.0,12.0,.333,2.4,6.6,.370,1.6,5.4,.289,.435,2.3,3.4,.667,1.4,7.0,8.4,3.3,2.1,0.6,2.9,5.6,12.7,93,113,,reedda01
402,Jae Crowder,32,MIL,PF,18,3,340,6.3,13.2,.479,3.4,7.7,.436,2.9,5.5,.538,.606,1.4,1.7,.833,2.4,7.3,9.7,3.8,1.7,0.8,1.0,3.8,17.4,133,111,,crowdja01
403,Derrick Rose,34,NYK,PG,27,0,338,8.9,23.2,.384,2.8,9.2,.302,6.1,14.0,.438,.443,1.6,1.8,.917,1.2,4.7,5.8,6.7,1.0,0.7,3.2,2.6,22.2,99,117,,rosede01
404,McKinley Wright IV,24,DAL,PG,27,1,335,6.8,14.5,.469,1.3,4.2,.321,5.5,10.4,.529,.515,1.9,2.8,.684,1.3,5.6,7.0,8.6,1.2,0.7,2.8,3.6,16.9,113,118,,wrighmc01
405,Theo Pinson,27,DAL,SG,40,1,323,4.8,13.4,.356,3.4,9.5,.355,1.4,3.8,.360,.483,1.7,2.0,.846,1.5,8.2,9.7,7.1,0.9,0.2,1.8,5.2,14.6,114,117,,pinsoth01
406,Julian Champagnie,21,2TM,SF,17,3,320,8.7,19.2,.454,4.9,12.1,.402,3.8,7.1,.542,.581,2.1,2.5,.824,1.5,7.4,8.9,1.5,0.9,0.7,1.6,3.8,24.4,115,121,,champju02
407,Matt Ryan,25,2TM,SF,34,0,310,6.1,16.5,.370,4.9,12.9,.381,1.2,3.7,.333,.519,1.5,1.8,.833,0.6,3.4,4.0,2.4,0.8,0.2,1.1,4.1,18.7,109,119,,ryanma01
408,Robin Lopez,34,CLE,C,37,2,299,8.1,12.6,.640,0.3,0.7,.500,7.7,11.9,.648,.653,2.3,3.0,.778,3.9,4.7,8.6,3.2,0.3,1.3,4.2,7.2,18.8,114,114,,lopezro01
409,Moses Brown,23,2TM,C,36,1,294,10.2,16.0,.635,0.0,0.0,,10.2,16.0,.635,.635,5.5,12.0,.458,9.5,13.7,23.2,0.7,0.7,2.3,2.5,6.5,25.8,123,111,,brownmo01
410,Nathan Knight,25,MIN,C,38,0,291,7.5,13.2,.568,1.3,3.6,.364,6.2,9.6,.644,.617,6.4,9.3,.684,3.6,5.6,9.1,2.1,1.6,1.0,3.4,6.7,22.7,118,114,,knighna01
411,Kennedy Chandler,20,MEM,PG,36,0,281,5.9,14.0,.422,0.3,2.5,.133,5.6,11.5,.485,.434,1.0,2.2,.462,1.5,4.9,6.4,9.8,2.0,0.8,3.0,2.5,13.2,101,112,,chandke01
412,Dalano Banton,23,TOR,PG,31,2,279,9.7,23.0,.423,2.7,9.0,.294,7.1,14.0,.506,.481,3.0,4.3,.708,1.9,6.0,8.0,6.4,2.3,2.3,3.2,6.0,25.2,105,112,,bantoda01
413,Trent Forrest,24,ATL,SG,23,3,277,4.3,10.3,.417,0.0,0.3,.000,4.3,10.0,.431,.417,0.3,0.5,.667,0.9,5.5,6.4,6.5,1.2,0.3,2.6,2.9,8.9,93,118,,forretr01
414,Bryn Forbes,29,MIN,SG,25,0,268,5.3,14.7,.361,2.5,8.2,.304,2.8,6.6,.432,.446,2.7,2.7,1.000,0.7,1.9,2.7,3.0,1.2,0.4,2.1,3.9,15.8,99,118,,forbebr01
415,Terry Taylor,23,2TM,PF,31,2,264,7.0,13.5,.520,0.9,3.4,.263,6.1,10.1,.607,.553,1.1,2.0,.545,4.9,3.6,8.5,1.8,0.5,1.1,1.6,4.7,16.1,115,121,,taylote01
416,Jeff Dowtin Jr.,25,TOR,PG,25,0,259,4.8,10.9,.439,1.0,3.1,.313,3.8,7.8,.488,.482,1.1,1.7,.667,1.1,3.2,4.4,5.9,1.7,0.6,1.0,2.5,11.6,118,117,,dowtije01
417,KZ Okpala,23,SAC,PF,35,3,248,3.1,7.3,.421,1.4,4.1,.333,1.7,3.3,.529,.513,1.4,1.5,.875,1.4,5.2,6.6,2.5,1.4,1.4,1.4,7.5,8.9,113,117,,okpalkz01
418,Brandon Boston Jr.,21,LAC,SF,22,1,248,10.1,24.1,.418,2.4,5.7,.414,7.7,18.4,.419,.467,5.7,7.5,.763,1.4,4.5,5.9,4.0,1.8,0.0,2.4,4.1,28.2,105,116,,bostobr01
419,Luka Garza,24,MIN,C,28,0,243,12.3,22.7,.543,2.7,7.6,.359,9.6,15.1,.636,.603,8.0,10.2,.788,6.5,5.9,12.3,3.5,0.6,0.4,2.7,8.4,35.4,130,117,,garzalu01
420,Jamal Cain,23,MIA,PF,18,0,240,7.7,13.7,.561,1.5,4.2,.350,6.2,9.6,.652,.614,3.5,4.6,.773,3.1,7.7,10.8,2.5,2.3,0.2,1.2,4.4,20.4,131,112,,cainja01
421,Kira Lewis Jr.,21,NOP,PG,25,0,235,8.2,18.1,.455,3.1,7.0,.441,5.2,11.1,.463,.540,3.9,4.5,.864,1.0,5.8,6.8,4.7,2.1,0.4,2.1,4.9,23.5,118,113,,lewiski01
422,Frank Kaminsky,29,2TM,C,36,0,235,6.3,12.8,.492,2.6,6.7,.394,3.7,6.1,.600,.595,2.9,3.3,.875,1.4,9.2,10.6,6.5,1.2,0.8,1.8,4.5,18.1,131,116,,kaminfr01
423,Johnny Juzang,21,UTA,SG,18,0,232,7.2,21.4,.337,3.1,13.0,.238,4.1,8.4,.488,.409,0.4,0.8,.500,1.6,6.4,8.0,1.6,0.8,0.6,0.6,2.7,17.9,93,119,,juzanjo01
424,David Duke Jr.,23,BRK,SG,23,0,228,7.7,16.7,.462,0.2,2.6,.083,7.5,14.1,.530,.468,2.6,3.6,.706,2.4,3.9,6.2,4.5,2.1,0.2,3.9,6.6,18.2,96,116,,dukeda01
425,Patrick Baldwin Jr.,20,GSW,SF,31,0,226,9.0,22.8,.394,6.7,17.6,.381,2.3,5.2,.440,.541,0.8,1.3,.667,0.2,8.2,8.4,2.3,1.3,0.8,2.3,2.9,25.5,101,114,,baldwpa01
426,John Butler,20,POR,C,19,1,221,3.7,11.7,.321,1.8,7.7,.229,2.0,4.0,.500,.396,0.7,0.9,.750,0.7,3.1,3.7,2.4,1.5,2.0,0.2,4.8,9.9,97,119,,butlejo01
427,Cody Zeller,30,MIA,C,15,2,217,8.5,13.6,.627,0.0,0.5,.000,8.5,13.1,.649,.627,5.5,8.0,.686,5.7,9.0,14.7,2.3,0.7,0.9,3.2,7.6,22.5,124,114,,zelleco01
428,Dalen Terry,20,CHI,SG,38,0,214,7.3,16.4,.444,1.6,6.1,.259,5.7,10.2,.556,.493,3.2,4.8,.667,2.7,5.7,8.4,5.0,2.5,1.1,1.8,5.5,19.3,112,110,,terryda01
429,Matthew Dellavedova,32,SAC,PG,32,0,213,3.8,11.2,.340,2.0,6.1,.333,1.8,5.2,.348,.430,0.9,1.6,.571,0.2,2.7,2.9,9.2,1.6,0.0,2.2,4.5,10.6,105,119,,dellama01
430,Thanasis Antetokounmpo,30,MIL,PF,37,0,206,4.6,10.7,.435,0.0,1.9,.000,4.6,8.8,.526,.435,2.5,5.1,.500,3.5,6.7,10.2,3.5,0.7,0.7,2.8,5.1,11.8,98,114,,antetth01
431,Nikola Jović,19,MIA,PF,15,8,204,6.8,16.9,.406,2.0,8.6,.229,4.9,8.3,.588,.464,4.4,4.6,.947,2.2,5.4,7.6,2.4,1.7,0.5,2.4,4.6,20.0,105,114,,jovicni01
432,Jared Rhoden,23,DET,SG,14,0,198,4.2,10.8,.386,1.2,4.9,.250,2.9,5.9,.500,.443,1.5,1.5,1.000,2.7,6.4,9.1,1.0,1.0,0.2,0.7,5.6,11.0,108,121,,rhodeja01
433,Moussa Diabaté,21,LAC,C,22,1,195,6.0,11.8,.511,0.3,0.5,.500,5.8,11.3,.511,.521,2.5,4.0,.625,7.8,4.8,12.6,1.0,1.8,2.0,2.3,3.8,14.8,117,114,,diabamo01
434,Nerlens Noel,28,2TM,C,17,4,195,3.2,9.0,.361,0.2,0.5,.500,3.0,8.5,.353,.375,2.0,3.0,.667,2.5,9.0,11.5,2.5,4.0,2.5,3.2,8.0,8.7,84,109,,noelne01
435,Skylar Mays,25,POR,PG,6,6,189,8.8,17.5,.500,3.1,6.7,.462,5.7,10.8,.524,.588,3.1,3.3,.923,0.5,4.4,4.9,12.9,1.5,0.3,2.6,2.8,23.7,132,121,,mayssk01
436,Peyton Watson,20,DEN,SG,23,2,186,7.6,15.5,.492,1.6,3.7,.429,6.0,11.8,.511,.542,2.9,5.3,.550,2.1,7.6,9.7,2.9,0.5,2.9,2.1,3.7,19.7,109,114,,watsope01
437,Serge Ibaka,33,MIL,C,16,0,185,6.7,13.9,.481,1.5,4.6,.333,5.2,9.3,.556,.537,2.1,3.4,.615,3.9,7.5,11.4,1.0,0.5,1.8,2.8,5.9,17.0,105,112,,ibakase01
438,Kenneth Lofton Jr.,20,MEM,PF,24,1,176,13.2,25.1,.527,1.6,4.6,.353,11.6,20.5,.566,.559,4.3,7.3,.593,5.1,8.6,13.8,5.4,1.3,0.5,3.2,7.6,32.4,116,111,,loftoke01
439,Mamadi Diakite,26,CLE,C,22,2,176,6.8,14.2,.480,2.0,6.0,.333,4.8,8.3,.586,.550,0.6,0.6,1.000,2.3,6.3,8.5,2.3,1.1,2.6,3.4,7.4,16.2,99,109,,diakima01
440,Ryan Arcidiacono,28,2TM,PG,20,4,172,2.6,10.5,.243,2.3,6.5,.348,0.3,4.0,.071,.351,0.0,0.0,,0.0,4.3,4.3,6.5,1.4,0.0,2.0,4.8,7.4,86,121,,arcidry01
441,Boban Marjanović,34,HOU,C,31,0,171,11.6,17.0,.683,0.0,0.3,.000,11.6,16.7,.695,.683,5.7,7.7,.741,5.7,11.3,17.0,2.6,1.4,0.6,4.0,2.8,28.9,127,117,,marjabo01
442,Noah Vonleh,27,BOS,C,23,1,171,3.1,6.8,.458,0.3,1.1,.250,2.9,5.7,.500,.479,0.6,0.6,1.000,5.1,8.6,13.7,2.0,0.6,2.3,3.1,10.0,7.1,101,110,,vonleno01
443,Vít Krejčí,22,ATL,PG,29,0,165,4.3,10.7,.405,1.4,6.1,.238,2.9,4.6,.625,.473,0.3,0.6,.500,1.7,5.8,7.5,4.9,1.4,0.3,1.4,4.9,10.4,108,118,,krejcvi01
444,Garrett Temple,36,NOP,SG,25,0,162,5.4,13.5,.400,3.3,7.8,.423,2.1,5.7,.368,.522,0.9,1.2,.750,1.5,3.6,5.1,3.9,2.7,0.6,1.2,4.5,15.0,114,112,,templga01
445,Khem Birch,30,TOR,C,20,0,162,5.8,9.8,.594,0.3,0.6,.500,5.5,9.2,.600,.609,1.2,1.5,.800,2.4,5.2,7.6,2.1,1.5,1.5,2.4,7.3,13.1,113,115,,birchkh01
446,James Johnson,35,IND,PF,18,1,162,6.4,14.4,.449,0.9,4.4,.200,5.6,10.0,.559,.480,1.2,2.3,.500,1.2,7.6,8.8,4.4,2.1,1.8,2.3,9.4,14.9,98,115,,johnsja01
447,Alex Len,29,SAC,C,26,2,161,4.8,8.9,.533,0.0,0.6,.000,4.8,8.3,.571,.533,3.3,4.8,.688,7.1,10.7,17.8,3.6,1.2,3.3,4.8,8.3,12.8,109,112,,lenal01
448,Luka Šamanić,23,UTA,PF,7,4,161,7.7,16.9,.456,2.4,9.2,.258,5.3,7.7,.692,.526,2.7,3.9,.692,0.0,8.9,8.9,4.5,1.8,0.6,3.0,5.0,20.5,105,115,,samanlu01
449,Dru Smith,25,2TM,SG,15,1,158,5.6,14.0,.400,1.6,5.9,.263,4.1,8.1,.500,.456,0.9,0.9,1.000,0.6,6.9,7.5,6.9,3.1,1.2,0.9,7.2,13.7,111,110,,smithdr01
450,Wendell Moore Jr.,21,MIN,SG,29,2,153,5.6,13.4,.419,0.6,5.3,.118,5.0,8.1,.615,.442,1.2,1.6,.800,1.2,4.3,5.6,5.6,2.5,1.6,2.5,4.0,13.0,98,113,,moorewe01
451,Otto Porter Jr.,29,TOR,SF,8,2,146,5.1,10.2,.500,2.0,5.8,.353,3.0,4.4,.692,.600,2.7,2.7,1.000,2.0,4.4,6.4,2.7,3.7,0.0,1.4,2.4,14.9,132,112,,porteot01
452,Kemba Walker,32,DAL,PG,9,1,144,8.3,19.7,.421,2.4,9.7,.250,5.9,10.0,.586,.482,5.9,7.2,.810,1.0,4.5,5.5,6.6,0.7,0.7,1.4,3.8,24.9,118,119,,walkeke02
453,Danny Green,35,2TM,SG,11,0,138,7.9,17.5,.449,5.7,13.2,.432,2.1,4.3,.500,.612,0.4,0.4,1.000,1.1,3.9,5.0,2.1,2.1,1.1,3.6,5.7,21.8,103,111,,greenda02
454,Jarrett Culver,23,ATL,SF,10,1,137,5.9,15.0,.395,0.3,4.2,.083,5.6,10.8,.516,.407,3.1,4.5,.692,3.5,9.7,13.2,2.1,2.1,0.7,2.4,4.9,15.3,96,113,,culveja01
455,Quenton Jackson,24,WAS,PG,9,0,135,6.9,15.2,.452,0.4,4.3,.083,6.5,10.8,.600,.464,6.1,7.9,.773,0.7,2.2,2.9,5.4,1.4,0.4,1.4,3.6,20.2,117,119,,jacksqu01
456,Cody Martin,27,CHO,SF,7,0,134,5.0,12.8,.389,1.1,5.0,.214,3.9,7.8,.500,.431,1.4,2.5,.571,2.8,5.7,8.5,3.9,1.4,0.4,0.7,4.6,12.4,108,117,,martico01
457,Nate Williams,23,POR,SG,5,4,127,9.2,15.0,.615,1.2,3.1,.375,8.1,11.9,.677,.654,0.8,1.2,.667,3.8,1.9,5.8,3.8,1.2,0.8,1.5,5.0,20.3,132,122,,willije02
458,Xavier Cooks,27,WAS,PF,10,1,126,6.6,10.8,.607,0.0,0.4,.000,6.6,10.4,.630,.607,1.5,3.9,.400,6.2,8.5,14.7,2.3,2.3,1.5,3.1,5.0,14.7,113,112,,cooksxa01
459,Jason Preston,23,LAC,PG,14,0,124,7.1,16.2,.439,2.0,7.1,.278,5.1,9.1,.565,.500,0.0,0.8,.000,0.8,7.9,8.7,10.7,0.8,0.0,4.0,2.8,16.2,102,117,,prestja01
460,Jonathan Isaac,25,ORL,PF,11,0,124,8.6,20.7,.415,2.3,5.8,.400,6.2,14.8,.421,.472,1.9,3.5,.556,5.8,11.3,17.2,2.3,5.5,1.6,1.6,1.9,21.4,108,102,,isaacjo01
461,Shaquille Harrison,29,POR,SG,5,0,120,6.1,14.6,.417,1.2,4.1,.300,4.9,10.6,.462,.458,4.5,6.1,.733,0.4,8.5,8.9,12.2,4.5,0.8,2.4,4.9,17.9,118,111,,harrish01
462,Meyers Leonard,30,MIL,C,9,2,114,5.9,12.1,.483,2.9,7.5,.389,2.9,4.6,.636,.603,3.4,3.8,.889,5.0,9.2,14.2,0.4,0.8,0.0,2.5,6.7,18.0,123,113,,leoname01
463,Olivier Sarr,23,OKC,C,9,1,114,6.2,12.5,.500,0.4,3.3,.125,5.8,9.2,.636,.517,2.1,2.9,.714,5.0,7.9,12.9,1.7,0.4,2.1,1.7,7.1,15.0,116,114,,sarrol01
464,Andre Iguodala,39,GSW,PF,8,0,113,2.9,6.3,.467,0.4,3.8,.111,2.5,2.5,1.000,.500,0.8,1.3,.667,1.3,5.9,7.1,7.9,1.7,1.3,3.8,4.6,7.1,102,114,,iguodan01
465,Daniel Theis,30,IND,C,7,1,109,9.1,19.2,.477,0.9,4.8,.182,8.3,14.4,.576,.500,2.2,5.2,.417,3.0,6.5,9.6,3.9,0.9,2.6,1.3,3.0,21.3,108,118,,theisda01
466,A.J. Lawson,22,2TM,SG,15,0,108,10.1,20.2,.500,4.6,11.5,.400,5.5,8.7,.632,.614,0.9,3.7,.250,2.8,6.9,9.7,0.9,0.9,0.0,1.4,5.1,25.8,112,118,,lawsoaj01
467,Justin Jackson,27,BOS,SF,23,0,107,3.2,12.3,.259,2.3,9.1,.250,0.9,3.2,.286,.352,0.5,0.9,.500,0.9,6.8,7.7,4.1,1.8,1.8,0.9,3.2,9.1,89,110,,jacksju01
468,Vince Williams Jr.,22,MEM,SG,15,1,105,5.4,18.1,.300,1.8,12.7,.143,3.6,5.4,.667,.350,0.9,0.9,1.000,1.8,5.0,6.8,1.8,2.7,0.9,2.3,5.4,13.6,79,110,,willivi01
469,Josh Minott,20,MIN,SF,15,0,96,8.9,17.8,.500,1.0,3.0,.333,7.9,14.8,.533,.528,4.0,4.0,1.000,2.5,9.9,12.4,2.5,2.0,3.0,1.5,4.9,22.8,119,109,,minotjo01
470,Jay Huff,24,WAS,C,7,0,95,7.7,12.8,.600,3.1,6.2,.500,4.6,6.7,.692,.720,7.7,8.2,.938,3.1,7.7,10.8,5.1,1.5,2.1,2.6,7.7,26.1,149,114,,huffja01
471,Greg Brown III,21,POR,PF,16,0,93,5.8,14.7,.393,0.5,3.7,.143,5.2,11.0,.476,.411,2.6,6.3,.417,1.0,8.9,10.0,1.6,2.1,2.6,3.1,6.8,14.7,79,114,,browngr01
472,Joshua Primo,20,SAS,SG,4,0,93,4.6,13.2,.346,1.5,6.1,.250,3.0,7.1,.429,.404,3.6,4.6,.778,1.0,5.6,6.6,9.1,0.5,1.0,5.6,4.1,14.2,90,122,,primojo01
473,Buddy Boeheim,23,DET,SF,10,0,90,2.7,14.5,.185,2.2,13.5,.160,0.5,1.1,.500,.259,1.1,1.1,1.000,1.1,2.2,3.2,2.2,1.1,0.0,0.0,3.2,8.6,77,123,,boehebu01
474,Jaden Springer,20,PHI,SG,16,2,89,9.5,19.5,.486,1.1,2.8,.400,8.4,16.7,.500,.514,3.3,4.5,.750,3.3,4.5,7.8,4.5,3.9,1.7,1.7,8.4,23.4,116,108,,sprinja01
475,Justin Minaya,23,POR,SF,4,0,89,3.8,12.6,.304,1.6,6.6,.250,2.2,6.0,.364,.370,0.0,0.5,.000,1.6,6.6,8.2,2.2,1.1,2.7,2.2,4.9,9.3,77,117,,minayju01
476,Lindell Wigginton,24,MIL,PG,7,1,87,9.9,20.3,.486,3.3,9.9,.333,6.6,10.4,.632,.568,4.4,4.9,.889,0.0,3.8,3.8,7.7,0.0,1.1,6.6,3.8,27.4,104,117,,wiggili01
477,Isaiah Mobley,23,CLE,PF,12,0,84,7.2,16.7,.429,1.8,4.8,.375,5.4,11.9,.450,.482,2.4,2.4,1.000,2.4,9.6,11.9,1.8,2.4,1.8,0.6,4.8,18.5,114,106,,mobleis01
478,Jordan Hall,21,SAS,SF,9,0,83,5.1,15.9,.321,1.7,8.5,.200,3.4,7.4,.462,.375,4.0,5.1,.778,1.7,5.1,6.8,6.3,0.6,0.0,4.0,3.4,15.9,91,124,,halljo02
479,Omer Yurtseven,24,MIA,C,9,0,83,9.6,16.2,.593,1.8,4.2,.429,7.8,12.0,.650,.648,3.0,3.6,.833,4.8,9.0,13.8,1.2,1.2,1.2,2.4,9.6,24.0,126,112,,yurtsom01
480,PJ Dozier,26,SAC,SF,16,0,79,6.1,20.0,.303,1.2,9.7,.125,4.8,10.3,.471,.333,0.0,0.0,,0.6,7.9,8.5,6.1,3.6,0.6,3.0,4.2,13.3,76,111,,doziepj01
481,Jared Butler,22,OKC,PG,6,1,77,9.3,19.7,.469,4.3,8.6,.500,4.9,11.1,.444,.578,0.0,0.0,,0.6,1.9,2.5,4.9,3.1,0.0,3.1,3.1,22.8,108,115,,butleja02
482,Keon Ellis,23,SAC,SG,16,0,71,4.7,10.8,.438,4.0,8.1,.500,0.7,2.7,.250,.625,2.7,4.7,.571,2.7,2.7,5.4,4.0,3.4,0.7,0.7,6.7,16.2,138,114,,elliske01
483,Udonis Haslem,42,MIA,C,7,1,71,7.0,20.4,.345,2.1,6.3,.333,4.9,14.0,.350,.397,2.8,3.5,.800,2.8,4.9,7.7,0.0,0.7,1.4,0.7,7.7,19.0,94,115,,hasleud01
484,Jamaree Bouyea,23,2TM,PG,5,0,71,4.2,9.8,.429,1.4,4.2,.333,2.8,5.6,.500,.500,0.7,1.4,.500,0.7,3.5,4.2,2.8,2.8,1.4,2.8,4.2,10.5,89,112,,bouyeja01
485,Trevelin Queen,25,IND,SG,7,0,70,4.7,19.7,.241,1.4,10.2,.133,3.4,9.5,.357,.276,3.4,3.4,1.000,5.4,6.1,11.5,4.1,1.4,3.4,4.7,2.7,14.2,78,116,,queentr01
486,Leandro Bolmaro,22,UTA,SF,14,0,68,2.1,14.0,.150,0.0,2.8,.000,2.1,11.2,.188,.150,0.0,0.0,,2.8,2.1,4.9,4.9,2.1,0.7,4.9,7.0,4.2,50,118,,bolmale01
487,Jack White,25,DEN,SF,17,0,66,5.9,14.1,.421,2.2,6.7,.333,3.7,7.4,.500,.500,1.5,2.2,.667,4.4,8.2,12.6,3.0,2.2,1.5,1.5,6.7,15.6,115,111,,whiteja03
488,Tyrese Martin,23,ATL,SG,16,0,66,6.5,16.6,.391,0.7,5.1,.143,5.8,11.6,.500,.413,1.4,1.4,1.000,3.6,5.1,8.7,1.4,0.7,0.0,1.4,1.4,15.2,98,120,,martity01
489,JD Davison,20,BOS,SG,12,0,66,5.9,14.0,.421,1.5,5.2,.286,4.4,8.9,.500,.474,0.7,1.5,.500,1.5,5.2,6.6,8.1,1.5,1.5,3.0,3.7,14.0,104,112,,davisjd01
490,Ryan Rollins,20,GSW,PG,12,0,62,5.3,15.2,.350,2.3,6.9,.333,3.0,8.4,.364,.425,4.6,4.6,1.000,2.3,6.9,9.1,4.6,0.8,0.8,12.2,7.6,17.5,70,116,,rolliry01
491,Isaiah Todd,21,WAS,PF,6,1,61,2.4,15.2,.158,0.8,8.0,.100,1.6,7.2,.222,.184,1.6,1.6,1.000,1.6,8.0,9.6,3.2,0.8,0.0,1.6,3.2,7.2,62,118,,toddis01
492,Sam Merrill,26,CLE,SG,5,0,59,7.7,18.7,.409,4.3,15.3,.278,3.4,3.4,1.000,.523,1.7,1.7,1.000,0.0,7.7,7.7,4.3,3.4,0.0,0.0,2.6,21.3,121,107,,merrisa01
493,Carlik Jones,25,CHI,PG,7,0,56,5.2,13.0,.400,2.6,5.2,.500,2.6,7.8,.333,.500,4.3,7.0,.625,0.9,3.5,4.3,5.2,1.7,0.0,1.7,1.7,17.4,112,115,,jonesca03
494,Gabe York,29,IND,SG,3,0,56,6.8,17.8,.381,5.1,15.3,.333,1.7,2.5,.667,.524,1.7,1.7,1.000,0.0,5.1,5.1,4.2,1.7,0.0,0.0,4.2,20.3,122,120,,yorkga01
495,Devon Dotson,23,WAS,PG,6,0,53,0.9,9.2,.100,0.9,3.7,.250,0.0,5.5,.000,.150,0.0,0.0,,5.5,3.7,9.2,7.4,4.6,0.0,2.8,8.3,2.8,81,112,,dotsode01
496,Facundo Campazzo,31,DAL,PG,8,0,52,2.9,12.4,.231,2.9,10.5,.273,0.0,1.9,.000,.346,1.0,1.9,.500,0.0,1.9,1.9,8.6,5.7,0.0,2.9,2.9,9.6,86,111,,campafa01
497,Micah Potter,24,UTA,PF,7,0,52,9.2,13.8,.667,3.7,6.4,.571,5.5,7.3,.750,.800,0.0,0.0,,2.8,11.9,14.7,3.7,0.9,0.0,1.8,4.6,22.0,145,116,,pottemi01
498,Joe Wieskamp,23,TOR,SF,9,0,50,3.0,13.8,.214,3.0,11.9,.250,0.0,2.0,.000,.321,0.0,0.0,,0.0,4.0,4.0,3.0,0.0,0.0,1.0,3.0,8.9,77,121,,wieskjo01
499,Ron Harper Jr.,22,TOR,PF,9,0,48,8.2,16.5,.500,3.1,9.3,.333,5.1,7.2,.714,.594,1.0,1.0,1.000,3.1,4.1,7.2,4.1,0.0,1.0,0.0,3.1,20.6,140,120,,harpero02
500,Xavier Sneed,25,CHO,SF,4,0,48,5.0,9.9,.500,3.0,5.9,.500,2.0,4.0,.500,.650,4.0,4.0,1.000,0.0,5.0,5.0,5.0,0.0,1.0,3.0,6.9,16.9,124,120,,sneedxa01
501,Michael Carter-Williams,31,ORL,PG,4,0,44,6.6,15.4,.429,1.1,3.3,.333,5.5,12.1,.455,.464,4.4,7.7,.571,1.1,4.4,5.5,7.7,1.1,1.1,4.4,5.5,18.7,98,116,,cartemi01
502,Cole Swider,23,LAL,SF,7,0,41,3.5,10.4,.333,3.5,9.2,.375,0.0,1.2,.000,.500,0.0,0.0,,1.2,6.9,8.1,4.6,0.0,0.0,0.0,3.5,10.4,124,118,,swideco01
503,Mac McClung,24,PHI,SG,2,0,41,10.9,24.2,.450,4.8,13.3,.364,6.0,10.9,.556,.550,3.6,6.0,.600,3.6,8.5,12.1,10.9,0.0,0.0,3.6,3.6,30.2,119,117,,mccluma01
504,Jacob Gilyard,24,MEM,PG,1,0,41,1.2,3.5,.333,1.2,3.5,.333,0.0,0.0,,.500,0.0,0.0,,0.0,4.6,4.6,8.1,3.5,0.0,2.3,3.5,3.5,108,110,,gilyaja01
505,Kendall Brown,19,IND,SG,6,0,40,4.7,8.3,.571,0.0,1.2,.000,4.7,7.1,.667,.571,1.2,2.4,.500,2.4,4.7,7.1,3.6,4.7,0.0,2.4,10.7,10.7,109,113,,brownke03
506,Jarrell Brantley,26,UTA,PF,4,0,39,9.8,17.1,.571,4.9,11.0,.444,4.9,6.1,.800,.714,2.4,2.4,1.000,1.2,6.1,7.3,3.7,0.0,2.4,2.4,3.7,26.9,134,118,,brantja01
507,Mfiondu Kabengele,25,BOS,PF,4,0,36,2.7,9.5,.286,0.0,4.1,.000,2.7,5.4,.500,.286,2.7,2.7,1.000,6.8,6.8,13.5,0.0,2.7,0.0,1.4,4.1,8.1,103,110,,kabenmf01
508,RaiQuan Gray,23,BRK,PF,1,0,35,8.4,16.7,.500,2.8,7.0,.400,5.6,9.8,.571,.583,2.8,2.8,1.000,4.2,8.4,12.6,9.8,0.0,1.4,5.6,7.0,22.3,115,116,,grayra01
509,Justin Champagnie,21,2TM,SF,5,0,34,7.2,21.6,.333,1.4,7.2,.200,5.8,14.4,.400,.367,0.0,0.0,,4.3,7.2,11.5,5.8,1.4,0.0,0.0,2.9,15.8,96,114,,champju01
510,Tony Bradley,25,CHI,C,12,0,33,8.9,17.7,.500,4.4,7.4,.600,4.4,10.3,.429,.625,5.9,5.9,1.000,1.5,14.8,16.2,1.5,1.5,1.5,1.5,3.0,28.0,132,107,,bradlto01
511,Scotty Pippen Jr.,22,LAL,PG,6,0,32,5.9,17.8,.333,1.5,4.4,.333,4.4,13.3,.333,.375,7.4,13.3,.556,3.0,3.0,5.9,3.0,3.0,1.5,3.0,4.4,20.7,93,112,,pippesc02
512,Alize Johnson,26,SAS,PF,4,0,30,4.7,9.4,.500,0.0,3.1,.000,4.7,6.3,.750,.500,1.6,3.1,.500,3.1,12.6,15.7,1.6,1.6,0.0,6.3,4.7,11.0,74,117,,johnsal02
513,Jay Scrubb,22,ORL,SG,2,0,30,8.1,11.3,.714,3.2,3.2,1.000,4.8,8.1,.600,.857,1.6,3.2,.500,0.0,9.7,9.7,1.6,3.2,0.0,4.8,3.2,20.9,108,110,,scrubja01
514,Neemias Queta,23,SAC,C,5,0,29,9.9,14.8,.667,0.0,0.0,,9.9,14.8,.667,.667,0.0,3.3,.000,8.2,9.9,18.1,1.6,0.0,3.3,1.6,11.5,19.8,127,114,,quetane01
515,Louis King,23,PHI,PF,1,0,29,13.7,22.2,.615,6.8,13.7,.500,6.8,8.5,.800,.769,0.0,1.7,.000,3.4,3.4,6.8,3.4,1.7,0.0,3.4,6.8,34.2,125,116,,kinglo02
516,Vernon Carey Jr.,21,WAS,C,11,0,28,3.5,13.9,.250,0.0,0.0,,3.5,13.9,.250,.250,3.5,3.5,1.000,5.2,13.9,19.1,5.2,3.5,3.5,3.5,8.7,10.4,87,104,,careyve01
517,Trevor Hudgins,23,HOU,PG,5,0,28,3.5,15.6,.222,3.5,13.9,.250,0.0,1.7,.000,.333,5.2,5.2,1.000,0.0,0.0,0.0,5.2,0.0,0.0,1.7,1.7,15.6,103,128,,hudgitr01
518,Kobi Simmons,25,CHO,SG,5,0,28,1.7,10.2,.167,1.7,8.5,.200,0.0,1.7,.000,.250,3.4,3.4,1.000,1.7,5.1,6.8,8.5,0.0,3.4,1.7,0.0,8.5,101,117,,simmoko01
519,Darius Days,23,HOU,SF,4,0,25,9.7,23.3,.417,5.8,19.4,.300,3.9,3.9,1.000,.542,3.9,3.9,1.000,1.9,9.7,11.6,1.9,0.0,1.9,0.0,3.9,29.1,132,120,,daysda01
520,Sterling Brown,27,LAL,SF,4,0,24,0.0,7.9,.000,0.0,3.9,.000,0.0,3.9,.000,.000,0.0,0.0,,5.9,9.9,15.8,3.9,5.9,0.0,0.0,7.9,0.0,75,103,,brownst02
521,Chance Comanche,26,POR,C,1,0,21,7.0,11.6,.600,0.0,0.0,,7.0,11.6,.600,.600,2.3,9.3,.250,4.6,2.3,7.0,0.0,0.0,2.3,0.0,0.0,16.2,115,123,,comanch01
522,Marko Simonovic,23,CHI,C,7,0,20,4.9,17.0,.286,2.4,9.7,.250,2.4,7.3,.333,.357,2.4,4.9,.500,2.4,2.4,4.9,0.0,0.0,0.0,0.0,12.2,14.6,88,119,,simonma01
523,Xavier Moon,28,LAC,SG,4,0,20,7.3,22.0,.333,2.4,7.3,.333,4.9,14.7,.333,.389,0.0,0.0,,0.0,7.3,7.3,12.2,0.0,0.0,2.4,4.9,17.1,96,119,,moonxa01
524,Lester Quiñones,22,GSW,SG,4,0,18,5.2,13.1,.400,5.2,10.5,.500,0.0,2.6,.000,.600,10.5,15.7,.667,2.6,5.2,7.9,5.2,2.6,0.0,13.1,0.0,26.2,87,114,,quinole01
525,Dereon Seabron,22,NOP,SG,5,0,12,8.1,20.2,.400,0.0,0.0,,8.1,20.2,.400,.400,0.0,0.0,,4.0,0.0,4.0,0.0,0.0,0.0,0.0,4.0,16.2,95,121,,seabrde01
526,Dylan Windler,26,CLE,SF,3,0,10,10.0,15.0,.667,5.0,10.0,.500,5.0,5.0,1.000,.833,0.0,0.0,,0.0,0.0,0.0,5.0,5.0,0.0,5.0,0.0,25.1,119,108,,windldy01
527,Malcolm Hill,27,CHI,SF,5,0,9,10.8,21.6,.500,5.4,16.2,.333,5.4,5.4,1.000,.625,0.0,0.0,,0.0,16.2,16.2,0.0,0.0,0.0,0.0,5.4,27.1,119,112,,hillma01
528,Braxton Key,25,DET,SF,3,0,9,5.4,5.4,1.000,0.0,0.0,,5.4,5.4,1.000,1.000,10.8,10.8,1.000,0.0,5.4,5.4,0.0,0.0,0.0,0.0,0.0,21.5,227,124,,keybr01
529,Tyler Dorsey,26,DAL,SF,3,0,8,24.9,31.1,.800,6.2,12.4,.500,18.6,18.6,1.000,.900,0.0,0.0,,6.2,6.2,12.4,0.0,0.0,0.0,0.0,0.0,55.9,170,121,,dorsety01
530,Trevor Keels,19,NYK,SG,3,0,8,6.2,24.7,.250,6.2,24.7,.250,0.0,0.0,,.375,0.0,0.0,,0.0,12.4,12.4,0.0,0.0,0.0,0.0,0.0,18.5,84,116,,keelstr01
531,Chima Moneke,27,SAC,SF,2,0,8,6.0,12.0,.500,0.0,0.0,,6.0,12.0,.500,.500,0.0,12.0,.000,12.0,0.0,12.0,6.0,0.0,0.0,12.0,12.0,12.0,72,124,,monekch01
532,Deonte Burton,29,SAC,PF,2,0,6,0.0,15.9,.000,0.0,8.0,.000,0.0,8.0,.000,.000,0.0,0.0,,0.0,0.0,0.0,0.0,0.0,0.0,0.0,0.0,0.0,0,124,,burtode02
533,Jordan Schakel,24,WAS,SF,2,0,6,8.1,16.2,.500,8.1,8.1,1.000,0.0,8.1,.000,.750,0.0,0.0,,0.0,0.0,0.0,8.1,8.1,0.0,0.0,8.1,24.4,161,106,,schakjo01
534,Frank Jackson,24,UTA,PG,1,0,5,0.0,28.7,.000,0.0,9.6,.000,0.0,19.1,.000,.000,0.0,0.0,,9.6,9.6,19.1,9.6,0.0,0.0,0.0,0.0,0.0,48,119,,jacksfr01
535,Alondes Williams,23,BRK,SG,1,0,5,0.0,0.0,,0.0,0.0,,0.0,0.0,,,0.0,0.0,,0.0,9.8,9.8,0.0,0.0,0.0,19.5,9.8,0.0,0,117,,willial06
536,Donovan Williams,21,ATL,SG,2,0,4,23.8,59.6,.400,0.0,23.8,.000,23.8,35.8,.667,.400,0.0,0.0,,0.0,23.8,23.8,0.0,0.0,0.0,0.0,0.0,47.7,81,111,,willido02
537,Chris Silva,26,DAL,PF,1,0,3,16.6,16.6,1.000,0.0,0.0,,16.6,16.6,1.000,1.000,0.0,0.0,,0.0,0.0,0.0,0.0,0.0,0.0,16.6,33.1,33.1,66,123,,silvach01
538,Stanley Umude,23,DET,SG,1,0,2,0.0,24.2,.000,0.0,24.2,.000,0.0,0.0,,.000,48.5,48.5,1.000,0.0,0.0,0.0,0.0,24.2,24.2,0.0,0.0,48.5,126,44,,umudest01
539,Michael Foster Jr.,20,PHI,PF,1,0,1,0.0,0.0,,0.0,0.0,,0.0,0.0,,,0.0,0.0,,0.0,0.0,0.0,0.0,0.0,0.0,0.0,0.0,0.0,,122,,fostemi02
