Rank,Player,Age,Team,Pos,G,GS,MP,FG,FGA,FG%,3P,3PA,3P%,2P,2PA,2P%,eFG%,FT,FTA,FT%,ORB,DRB,TRB,AST,STL,BLK,TOV,PF,PTS▼,Trp-Dbl,Awards,Player-additional
1,Stephen Curry,32,GSW,PG,63,63,2152,658,1365,.482,337,801,.421,321,564,.569,.605,362,395,.916,29,316,345,363,77,8,213,119,2015,0,MVP-3ASNBA1,curryst01
2,Damian Lillard,30,POR,PG,67,67,2398,602,1334,.451,275,704,.391,327,630,.519,.554,449,484,.928,32,251,283,505,62,17,203,102,1928,0,MVP-7ASNBA2,lillada01
3,Nikola Jokić,25,DEN,C,72,72,2488,732,1293,.566,92,237,.388,640,1056,.606,.602,342,394,.868,205,575,780,599,95,48,222,192,1898,16,MVP-1ASNBA1,jokicni01
4,Bradley Beal,27,WAS,SG,60,60,2147,670,1382,.485,130,373,.349,540,1009,.535,.532,408,459,.889,72,211,283,265,69,22,187,140,1878,0,ASNBA3,bealbr01
5,Luka Dončić,21,DAL,PG,66,66,2262,647,1351,.479,192,548,.350,455,803,.567,.550,344,471,.730,54,473,527,567,64,36,281,152,1830,11,MVP-6ASNBA1,doncilu01
6,Giannis Antetokounmpo,26,MIL,PF,61,61,2013,626,1100,.569,67,221,.303,559,879,.636,.600,398,581,.685,97,574,671,357,72,73,207,168,1717,7,MVP-4DPOY-5ASNBA1DEF1,antetgi01
7,Devin Booker,24,PHO,SG,67,67,2270,623,1287,.484,126,371,.340,497,916,.543,.533,340,392,.867,34,247,281,289,53,16,207,181,1712,0,AS,bookede01
8,Julius Randle,26,NYK,PF,71,71,2667,602,1321,.456,160,389,.411,442,932,.474,.516,348,429,.811,84,639,723,427,64,18,241,225,1712,6,MVP-8MIP-1ASNBA2,randlju01
9,Jayson Tatum,22,BOS,SF,64,64,2290,605,1318,.459,187,485,.386,418,833,.502,.530,295,340,.868,50,422,472,276,75,31,171,122,1692,1,AS,tatumja01
10,Zion Williamson,20,NOP,PF,61,61,2026,634,1037,.611,10,34,.294,624,1003,.622,.616,369,529,.698,167,274,441,226,57,39,167,135,1647,0,AS,willizi01
11,Nikola Vučević,30,2TM,C,70,70,2348,666,1396,.477,176,440,.400,490,956,.513,.540,131,156,.840,146,671,817,269,65,48,126,137,1639,2,AS,vucevni01
12,Trae Young,22,ATL,PG,63,63,2125,487,1112,.438,136,397,.343,351,715,.491,.499,484,546,.886,38,207,245,594,53,12,261,111,1594,0,,youngtr01
13,Zach LaVine,25,CHI,SG,58,58,2034,569,1123,.507,200,477,.419,369,646,.571,.596,253,298,.849,36,253,289,282,46,27,203,138,1591,0,AS,lavinza01
14,De'Aaron Fox,23,SAC,PG,58,58,2036,529,1110,.477,103,320,.322,426,790,.539,.523,300,417,.719,33,170,203,417,87,27,174,170,1461,0,,foxde01
15,Collin Sexton,22,CLE,SG,60,60,2115,525,1105,.475,98,264,.371,427,841,.508,.519,312,383,.815,58,129,187,262,62,10,167,157,1460,0,,sextoco01
16,Joel Embiid,26,PHI,C,51,51,1585,461,899,.513,58,154,.377,403,745,.541,.545,471,548,.859,113,426,539,145,50,69,159,123,1451,0,MVP-2DPOY-7ASNBA2DEF2,embiijo01
17,Kyrie Irving,28,BRK,PG,54,54,1886,549,1086,.506,152,378,.402,397,708,.561,.576,201,218,.922,52,205,257,324,76,37,130,140,1451,0,ASNBA3,irvinky01
18,Brandon Ingram,23,NOP,SF,61,61,2093,513,1101,.466,143,375,.381,370,726,.510,.531,281,320,.878,34,265,299,296,42,36,154,124,1450,0,,ingrabr01
19,Russell Westbrook,32,WAS,PG,65,65,2369,544,1238,.439,86,273,.315,458,965,.475,.474,271,413,.656,109,641,750,763,89,23,312,190,1445,38,MVP-11,westbru01
20,Jaylen Brown,24,BOS,SG,58,58,1999,538,1111,.484,163,411,.397,375,700,.536,.558,191,250,.764,71,276,347,195,72,32,158,168,1430,0,AS,brownja02
21,Terry Rozier,26,CHO,SG,69,69,2383,510,1134,.450,222,571,.389,288,563,.512,.548,165,202,.817,47,255,302,293,87,26,128,119,1407,0,,roziete01
22,Donovan Mitchell,24,UTA,PG,53,53,1771,478,1091,.438,178,461,.386,300,630,.476,.520,267,316,.845,50,185,235,277,52,15,147,117,1401,0,AS,mitchdo01
23,Anthony Edwards,19,MIN,SG,72,55,2314,505,1211,.417,171,520,.329,334,691,.483,.488,211,272,.776,59,277,336,211,82,36,160,129,1392,0,ROY-2,edwaran01
24,Khris Middleton,29,MIL,SF,68,68,2269,511,1074,.476,151,365,.414,360,709,.508,.546,212,236,.898,54,352,406,370,74,9,178,160,1385,0,,middlkh01
25,Andrew Wiggins,25,GSW,PF,71,71,2364,505,1058,.477,140,368,.380,365,690,.529,.543,170,238,.714,82,265,347,167,67,70,126,159,1320,0,,wiggian01
26,DeMar DeRozan,31,SAS,PF,61,61,2056,455,920,.495,19,74,.257,436,846,.515,.505,387,440,.880,40,219,259,422,56,15,119,128,1316,0,,derozde01
27,Kawhi Leonard,29,LAC,SF,52,52,1773,465,908,.512,101,254,.398,364,654,.557,.568,261,295,.885,55,282,337,269,81,21,105,82,1292,0,MVP-13ASNBA1DEF2,leonaka01
28,Norman Powell,27,2TM,SG,69,58,2205,438,918,.477,171,416,.411,267,502,.532,.570,236,271,.871,42,173,215,129,82,18,119,160,1283,0,,powelno01
29,RJ Barrett,20,NYK,SG,72,72,2511,467,1060,.441,124,309,.401,343,751,.457,.499,206,276,.746,68,346,414,217,53,20,139,188,1264,0,,barrerj01
30,Domantas Sabonis,24,IND,PF,62,62,2231,484,904,.535,52,162,.321,432,742,.582,.564,240,328,.732,150,592,742,415,76,33,213,203,1260,9,AS,sabondo01
31,Paul George,30,LAC,SF,54,54,1821,445,953,.467,171,416,.411,274,537,.510,.557,198,228,.868,45,314,359,280,62,24,179,132,1259,0,ASNBA3,georgpa01
32,Jordan Clarkson,28,UTA,SG,68,1,1818,457,1075,.425,208,599,.347,249,476,.523,.522,129,144,.896,47,227,274,168,61,10,115,110,1251,0,6MOY-1,clarkjo01
33,Karl-Anthony Towns,25,MIN,C,50,50,1689,425,875,.486,122,315,.387,303,560,.541,.555,267,311,.859,133,396,529,225,39,57,160,186,1239,0,,townska01
34,Bojan Bogdanović,31,UTA,SF,72,72,2216,406,925,.439,180,461,.390,226,464,.487,.536,233,265,.879,40,241,281,136,45,4,128,115,1225,0,,bogdabo02
35,Tobias Harris,28,PHI,PF,62,62,2014,473,924,.512,82,208,.394,391,716,.546,.556,182,204,.892,62,357,419,220,55,51,107,119,1210,0,,harrito02
36,Jerami Grant,26,DET,SF,54,54,1829,400,932,.429,115,329,.350,285,603,.473,.491,290,343,.845,35,215,250,152,35,58,109,125,1205,0,,grantje01
37,Ja Morant,21,MEM,PG,63,63,2053,430,957,.449,73,241,.303,357,716,.499,.487,271,372,.728,59,193,252,465,57,13,203,87,1204,1,,moranja01
38,Bam Adebayo,23,MIA,C,64,64,2143,456,800,.570,2,8,.250,454,792,.573,.571,283,354,.799,142,431,573,346,75,66,169,145,1197,2,DPOY-4DEF2,adebaba01
39,Pascal Siakam,26,TOR,PF,56,56,2006,437,961,.455,73,246,.297,364,715,.509,.493,249,301,.827,95,310,405,250,64,37,130,174,1196,1,,siakapa01
40,Malcolm Brogdon,28,IND,PG,56,56,1930,444,980,.453,145,374,.388,299,606,.493,.527,153,177,.864,58,236,294,329,49,15,115,110,1186,0,,brogdma01
41,Buddy Hield,28,SAC,SG,71,71,2433,403,992,.406,282,721,.391,121,271,.446,.548,88,104,.846,29,305,334,257,63,30,130,175,1176,0,,hieldbu01
42,Tim Hardaway Jr.,28,DAL,SG,70,31,1985,407,911,.447,207,529,.391,200,382,.524,.560,142,174,.816,20,209,229,126,31,11,64,111,1163,0,6MOY-5,hardati02
43,Michael Porter Jr.,22,DEN,SF,61,54,1912,443,817,.542,170,382,.445,273,435,.628,.646,106,134,.791,91,354,445,70,40,54,77,126,1162,0,,portemi01
44,Dillon Brooks,25,MEM,SF,67,67,1997,432,1031,.419,128,372,.344,304,659,.461,.481,159,195,.815,53,143,196,157,78,26,119,237,1151,0,,brookdi01
45,Chris Paul,35,PHO,PG,70,70,2199,439,879,.499,102,258,.395,337,621,.543,.557,169,181,.934,25,287,312,622,99,19,156,166,1149,1,MVP-5ASNBA2,paulch01
46,LeBron James,36,LAL,PG,45,45,1504,422,823,.513,104,285,.365,318,538,.591,.576,178,255,.698,29,317,346,350,48,25,168,70,1126,5,MVP-13ASNBA2,jamesle01
47,Jimmy Butler,31,MIA,SF,52,52,1745,366,736,.497,25,102,.245,341,634,.538,.514,359,416,.863,94,265,359,369,108,18,109,71,1116,4,DPOY-10NBA3DEF2,butleji01
48,John Collins,23,ATL,PF,63,63,1848,429,771,.556,83,208,.399,346,563,.615,.610,170,204,.833,118,349,467,78,34,63,84,193,1111,0,,collijo01
49,CJ McCollum,29,POR,SG,47,47,1600,405,884,.458,169,420,.402,236,464,.509,.554,108,133,.812,30,155,185,223,44,21,65,87,1087,0,,mccolcj01
50,James Harden,31,2TM,PG,44,43,1609,342,734,.466,121,334,.362,221,400,.553,.548,278,323,.861,35,313,348,475,53,33,177,99,1083,12,MVP-13AS,hardeja01
51,Jonas Valančiūnas,28,MEM,C,62,61,1755,440,743,.592,21,57,.368,419,686,.611,.606,157,203,.773,253,523,776,112,35,57,100,179,1058,0,,valanjo01
52,Dejounte Murray,24,SAS,PG,67,67,2139,441,974,.453,63,199,.317,378,775,.488,.485,106,134,.791,58,415,473,363,101,7,117,135,1051,4,,murrade01
53,Jrue Holiday,30,MIL,PG,59,56,1907,414,823,.503,111,283,.392,303,540,.561,.570,107,136,.787,73,195,268,357,96,37,127,98,1046,0,DPOY-8DEF1,holidjr01
54,Coby White,20,CHI,PG,69,54,2156,375,902,.416,163,454,.359,212,448,.473,.506,128,142,.901,28,256,284,328,38,15,156,179,1041,0,,whiteco01
55,Fred VanVleet,26,TOR,SG,52,52,1899,338,870,.389,174,476,.366,164,394,.416,.489,169,191,.885,32,188,220,328,87,37,95,119,1019,0,,vanvlfr01
56,Jamal Murray,23,DEN,PG,48,48,1704,378,792,.477,129,316,.408,249,476,.523,.559,133,153,.869,37,157,194,231,64,13,108,95,1018,0,,murraja01
57,Rudy Gobert,28,UTA,C,71,71,2187,391,579,.675,0,4,.000,391,575,.680,.675,233,374,.623,240,720,960,89,40,190,118,163,1015,0,MVP-10DPOY-1ASNBA3DEF1,goberru01
58,Deandre Ayton,22,PHO,C,69,69,2115,430,687,.626,4,20,.200,426,667,.639,.629,133,173,.769,228,499,727,99,41,81,103,196,997,0,,aytonde01
59,Joe Harris,29,BRK,SF,69,65,2141,357,707,.505,211,444,.475,146,263,.555,.654,49,63,.778,43,205,248,130,46,14,62,141,974,0,,harrijo01
60,Mikal Bridges,24,PHO,SF,72,72,2348,363,669,.543,134,315,.425,229,354,.647,.643,110,131,.840,76,233,309,152,76,63,57,116,970,0,,bridgmi01
61,Clint Capela,26,ATL,C,63,63,1898,413,695,.594,0,0,,413,695,.594,.594,130,227,.573,297,606,903,49,44,129,73,145,956,1,DPOY-6,capelca01
62,Caris LeVert,26,2TM,SG,47,39,1486,359,814,.441,84,258,.326,275,556,.495,.493,146,180,.811,33,181,214,245,66,30,102,105,948,0,,leverca01
63,Kelly Olynyk,29,2TM,PF,70,62,1997,337,697,.484,126,368,.342,211,329,.641,.574,145,175,.829,87,402,489,203,79,42,126,207,945,0,,olynyke01
64,Kevin Durant,32,BRK,PF,35,32,1157,324,603,.537,85,189,.450,239,414,.577,.608,210,238,.882,13,234,247,195,25,45,120,70,943,0,AS,duranke01
65,Duncan Robinson,26,MIA,SF,72,72,2262,315,717,.439,250,613,.408,65,104,.625,.614,62,75,.827,7,243,250,127,43,20,81,181,942,0,,robindu01
66,Darius Garland,21,CLE,PG,54,50,1790,362,802,.451,105,266,.395,257,536,.479,.517,112,132,.848,23,106,129,329,66,6,164,110,941,0,,garlada01
67,Dennis Schröder,27,LAL,SG,61,61,1956,332,760,.437,71,212,.335,261,548,.476,.484,206,243,.848,30,181,211,351,70,13,163,159,941,0,,schrode01
68,Harrison Barnes,28,SAC,PF,58,58,2102,319,642,.497,100,256,.391,219,386,.567,.575,195,235,.830,64,321,385,201,43,11,93,75,933,0,,barneha02
69,Montrezl Harrell,27,LAL,C,69,1,1580,375,603,.622,0,10,.000,375,593,.632,.622,181,256,.707,158,270,428,73,46,49,74,128,931,0,6MOY-6,harremo01
70,Carmelo Anthony,36,POR,PF,69,3,1690,327,777,.421,133,325,.409,194,452,.429,.506,137,154,.890,32,182,214,104,46,38,61,144,924,0,6MOY-7,anthoca01
71,Doug McDermott,29,IND,PF,66,29,1619,354,665,.532,111,286,.388,243,379,.641,.616,80,98,.816,60,161,221,85,20,6,53,117,899,0,,mcderdo01
72,Gary Trent Jr.,22,2TM,SG,58,38,1802,320,785,.408,165,429,.385,155,356,.435,.513,83,106,.783,27,125,152,80,56,10,43,92,888,0,,trentga02
73,Keldon Johnson,21,SAS,SF,69,67,1968,338,705,.479,60,181,.331,278,524,.531,.522,145,196,.740,93,319,412,121,40,24,78,142,881,0,,johnske04
74,Kyle Kuzma,25,LAL,SF,68,32,1954,335,757,.443,137,380,.361,198,377,.525,.533,67,97,.691,108,309,417,127,35,41,113,121,874,0,,kuzmaky01
75,Eric Bledsoe,31,NOP,SG,71,70,2111,307,730,.421,121,355,.341,186,375,.496,.503,134,195,.687,29,215,244,268,55,24,114,112,869,0,,bledser01
76,Richaun Holmes,27,SAC,C,61,61,1782,366,575,.637,2,11,.182,364,564,.645,.638,135,170,.794,144,360,504,101,39,96,75,213,869,0,,holmeri01
77,Kristaps Porziņģis,25,DAL,C,43,43,1327,325,683,.476,97,258,.376,228,425,.536,.547,118,138,.855,82,299,381,68,20,58,51,115,865,0,,porzikr01
78,Gordon Hayward,30,CHO,SF,44,44,1496,311,658,.473,85,205,.415,226,453,.499,.537,156,185,.843,37,221,258,181,52,14,91,74,863,0,,haywago01
79,Christian Wood,25,HOU,C,41,41,1326,329,640,.514,77,206,.374,252,434,.581,.574,125,198,.631,76,319,395,71,34,48,80,88,860,0,,woodch01
80,Brook Lopez,32,MIL,C,70,70,1902,322,640,.503,95,281,.338,227,359,.632,.577,120,142,.845,104,243,347,50,40,103,64,149,859,0,,lopezbr01
81,Saddiq Bey,21,DET,SF,70,53,1909,279,691,.404,175,460,.380,104,231,.450,.530,124,147,.844,43,275,318,95,52,14,60,110,857,0,ROY-4,beysa01
82,Jalen Brunson,24,DAL,PG,68,12,1697,328,627,.523,81,200,.405,247,427,.578,.588,120,151,.795,27,204,231,239,35,1,80,109,857,0,6MOY-4,brunsja01
83,Kyle Anderson,27,MEM,PF,69,69,1887,308,658,.468,94,261,.360,214,397,.539,.540,144,184,.783,52,344,396,250,84,57,86,120,854,0,,anderky01
84,Kelly Oubre Jr.,25,GSW,SF,55,50,1687,318,724,.439,90,285,.316,228,439,.519,.501,123,177,.695,82,247,329,73,57,42,70,121,849,0,,oubreke01
85,Miles Bridges,22,CHO,PF,66,19,1932,313,622,.503,116,290,.400,197,332,.593,.596,98,113,.867,81,316,397,147,44,52,106,143,840,0,6MOY-12,bridgmi02
86,Shai Gilgeous-Alexander,22,OKC,SG,35,35,1180,287,565,.508,71,170,.418,216,395,.547,.571,185,229,.808,19,147,166,207,27,23,106,70,830,0,,gilgesh01
87,Ben Simmons,24,PHI,PG,58,58,1877,325,583,.557,3,10,.300,322,573,.562,.560,176,287,.613,93,324,417,401,93,35,173,171,829,4,MVP-12DPOY-2ASDEF1,simmobe01
88,Kemba Walker,30,BOS,PG,43,43,1369,284,676,.420,127,353,.360,157,323,.486,.514,134,149,.899,16,154,170,212,48,12,88,61,829,0,,walkeke02
89,Josh Jackson,23,DET,SG,62,25,1560,296,707,.419,77,257,.300,219,450,.487,.473,159,218,.729,57,197,254,143,53,47,142,178,828,0,,jacksjo02
90,Mike Conley,33,UTA,PG,51,51,1498,284,640,.444,138,335,.412,146,305,.479,.552,121,142,.852,36,141,177,305,70,9,99,98,827,0,AS,conlemi01
91,P.J. Washington,22,CHO,PF,64,61,1954,302,686,.440,112,290,.386,190,396,.480,.522,108,145,.745,93,325,418,161,69,79,128,171,824,0,,washipj01
92,John Wall,30,HOU,PG,40,40,1288,293,726,.404,79,249,.317,214,477,.449,.458,158,211,.749,17,112,129,275,42,31,141,46,823,1,,walljo01
93,Thaddeus Young,32,CHI,PF,68,23,1652,370,662,.559,12,45,.267,358,617,.580,.568,71,113,.628,168,255,423,291,74,40,137,152,823,0,6MOY-14,youngth01
94,Kevin Huerter,22,ATL,SG,69,49,2126,316,731,.432,140,386,.363,176,345,.510,.528,50,64,.781,38,193,231,241,82,18,79,165,822,0,,huertke01
95,Chris Boucher,28,TOR,C,60,14,1453,288,560,.514,90,235,.383,198,325,.609,.595,152,193,.788,117,287,404,63,35,111,46,166,818,0,6MOY-8,bouchch01
96,Shake Milton,24,PHI,SG,63,4,1461,300,667,.450,71,203,.350,229,464,.494,.503,146,176,.830,33,115,148,193,39,18,103,130,817,0,6MOY-12,miltosh01
97,Devonte' Graham,25,CHO,PG,55,44,1659,252,669,.377,179,477,.375,73,192,.380,.510,133,158,.842,22,126,148,295,48,6,84,77,816,0,,grahade01
98,Kendrick Nunn,25,MIA,PG,56,44,1650,319,658,.485,122,320,.381,197,338,.583,.578,56,60,.933,21,158,179,148,52,14,80,108,816,0,,nunnke01
99,Tyler Herro,21,MIA,SG,54,15,1635,307,699,.439,107,297,.360,200,402,.498,.516,94,117,.803,25,243,268,184,35,17,101,71,815,0,,herroty01
100,Joe Ingles,33,UTA,SF,67,30,1867,275,562,.489,183,406,.451,92,156,.590,.652,76,90,.844,27,217,244,318,45,12,117,120,809,0,6MOY-2,inglejo01
101,Enes Freedom,28,POR,C,72,35,1758,339,561,.604,1,4,.250,338,557,.607,.605,127,164,.774,284,511,795,84,33,48,78,168,806,0,6MOY-10,kanteen01
102,Jarrett Allen,22,2TM,C,63,45,1864,298,482,.618,6,19,.316,292,463,.631,.624,204,290,.703,196,435,631,106,32,90,100,96,806,0,,allenja01
103,LaMelo Ball,19,CHO,PG,51,31,1469,293,672,.436,92,261,.352,201,411,.489,.504,125,165,.758,63,239,302,313,81,18,145,136,803,1,ROY-1,ballla01
104,Lonzo Ball,23,NOP,PG,55,55,1747,290,700,.414,172,455,.378,118,245,.482,.537,50,64,.781,33,230,263,316,82,31,123,103,802,1,,balllo01
105,D'Angelo Russell,24,MIN,PG,42,26,1196,281,652,.431,120,310,.387,161,342,.471,.523,114,149,.765,16,95,111,244,45,18,112,68,796,0,,russeda01
106,Jae'Sean Tate,25,HOU,SF,70,58,2043,316,625,.506,60,195,.308,256,430,.595,.554,102,147,.694,132,242,374,178,85,36,98,222,794,0,,tateja01
107,Kyle Lowry,34,TOR,PG,46,46,1601,260,596,.436,131,331,.396,129,265,.487,.546,140,160,.875,35,212,247,338,45,14,126,143,791,2,,lowryky01
108,Rui Hachimura,22,WAS,PF,57,57,1797,310,648,.478,45,137,.328,265,511,.519,.513,124,161,.770,49,263,312,82,44,7,68,120,789,0,,hachiru01
109,Dwayne Bacon,25,ORL,SG,72,50,1853,292,726,.402,59,207,.285,233,519,.449,.443,145,176,.824,31,193,224,93,45,5,46,103,788,0,,bacondw01
110,Anthony Davis,27,LAL,PF,36,36,1162,301,613,.491,26,100,.260,275,513,.536,.512,158,214,.738,62,224,286,110,45,59,74,60,786,0,AS,davisan02
111,Naz Reid,21,MIN,C,70,15,1347,304,581,.523,61,174,.351,243,407,.597,.576,115,166,.693,82,240,322,72,34,76,69,179,784,0,,reidna01
112,Marcus Morris,31,LAC,PF,57,29,1502,276,584,.473,140,296,.473,136,288,.472,.592,73,89,.820,35,199,234,58,34,15,57,117,765,0,,morrima03
113,Justin Holiday,31,IND,SG,72,52,2183,258,625,.413,173,453,.382,85,172,.494,.551,67,85,.788,32,224,256,119,74,41,54,135,756,0,,holidju01
114,Darius Bazley,20,OKC,PF,55,55,1714,273,690,.396,83,286,.290,190,404,.470,.456,125,178,.702,51,345,396,99,29,25,122,60,754,0,,bazleda01
115,Bobby Portis,25,MIL,C,66,7,1372,313,598,.523,74,157,.471,239,441,.542,.585,54,73,.740,124,342,466,71,52,26,56,115,754,0,6MOY-9,portibo01
116,Tyrese Haliburton,20,SAC,PG,58,20,1746,292,619,.472,121,296,.409,171,323,.529,.569,48,56,.857,39,134,173,309,77,28,92,83,753,0,ROY-3,halibty01
117,Jeff Green,34,BRK,PF,68,38,1835,261,530,.492,103,250,.412,158,280,.564,.590,125,161,.776,34,229,263,108,36,27,54,122,750,0,,greenje02
118,Lou Williams,34,2TM,PG,66,4,1423,265,646,.410,69,173,.399,196,473,.414,.464,150,173,.867,21,117,138,225,47,6,108,62,749,0,,willilo02
119,Patty Mills,32,SAS,PG,68,1,1685,252,611,.412,161,429,.375,91,182,.500,.544,71,78,.910,18,98,116,162,42,3,66,81,736,0,,millspa02
120,Derrick Rose,32,2TM,PG,50,3,1279,287,611,.470,50,129,.388,237,482,.492,.511,110,127,.866,20,110,130,209,49,19,78,56,734,0,MVP-96MOY-3,rosede01
121,Immanuel Quickley,21,NYK,PG,64,3,1243,229,580,.395,118,303,.389,111,277,.401,.497,155,174,.891,25,112,137,127,30,12,58,114,731,0,,quickim01
122,Luguentz Dort,21,OKC,SG,52,52,1543,247,639,.387,113,329,.343,134,310,.432,.475,122,164,.744,38,151,189,88,45,19,79,134,729,0,,dortlu01
123,Malik Beasley,24,MIN,SG,37,36,1214,264,600,.440,128,321,.399,136,279,.487,.547,68,80,.850,28,134,162,88,30,7,60,62,724,0,,beaslma01
124,Bogdan Bogdanović,28,ATL,SG,44,27,1305,267,565,.473,146,333,.438,121,232,.522,.602,40,44,.909,20,140,160,147,49,13,54,99,720,0,,bogdabo01
125,Evan Fournier,28,2TM,SF,42,36,1259,247,541,.457,117,283,.413,130,258,.504,.565,108,137,.788,10,118,128,144,47,19,73,96,719,0,,fournev01
126,Terrence Ross,29,ORL,SG,46,2,1347,254,616,.412,89,264,.337,165,352,.469,.485,120,138,.870,15,143,158,108,47,21,74,88,717,0,,rosste01
127,Rudy Gay,34,SAS,PF,63,1,1358,264,628,.420,106,278,.381,158,350,.451,.505,82,102,.804,42,261,303,88,45,40,65,115,716,0,,gayru01
128,Reggie Jackson,30,LAC,SG,67,43,1544,263,585,.450,122,282,.433,141,303,.465,.554,67,82,.817,24,168,192,205,41,7,74,127,715,0,,jacksre01
129,Josh Richardson,27,DAL,SG,59,56,1790,264,618,.427,88,267,.330,176,351,.501,.498,99,108,.917,51,144,195,153,61,24,79,130,715,0,,richajo01
130,Will Barton,30,DEN,SF,56,52,1736,259,608,.426,98,257,.381,161,351,.459,.507,95,121,.785,39,187,226,181,50,23,96,95,711,0,,bartowi01
131,Seth Curry,30,PHI,SG,57,57,1638,258,552,.467,126,280,.450,132,272,.485,.582,69,77,.896,10,126,136,155,44,8,65,96,711,0,,curryse01
132,Reggie Bullock,29,NYK,SF,65,64,1949,248,561,.442,163,398,.410,85,163,.521,.587,50,55,.909,16,207,223,99,52,11,45,146,709,0,,bullore01
133,Bryn Forbes,27,MIL,SG,70,10,1354,250,529,.473,154,341,.452,96,188,.511,.618,47,61,.770,11,101,112,45,24,1,44,77,701,0,,forbebr01
134,Lauri Markkanen,23,CHI,PF,51,26,1317,250,521,.480,119,296,.402,131,225,.582,.594,76,92,.826,35,233,268,45,26,15,52,75,695,0,,markkla01
135,Donte DiVincenzo,24,MIL,SG,66,66,1814,253,603,.420,131,346,.379,122,257,.475,.528,51,71,.718,81,299,380,203,72,15,91,112,688,0,,divindo01
136,Andre Drummond,27,2TM,C,46,46,1242,282,572,.493,0,8,.000,282,564,.500,.493,123,205,.600,166,385,551,94,63,49,124,149,687,0,,drumman01
137,OG Anunoby,23,TOR,SF,43,43,1433,249,519,.480,104,261,.398,145,258,.562,.580,80,102,.784,54,183,237,94,66,32,75,114,682,0,,anunoog01
138,Danilo Gallinari,32,ATL,PF,51,4,1222,206,475,.434,103,254,.406,103,221,.466,.542,161,174,.925,17,194,211,76,30,10,43,105,676,0,,gallida01
139,Goran Dragić,34,MIA,PG,50,11,1337,240,555,.432,91,244,.373,149,311,.479,.514,101,122,.828,25,144,169,219,33,8,118,113,672,0,,dragigo01
140,Lonnie Walker IV,22,SAS,SG,60,38,1522,256,609,.420,100,282,.355,156,327,.477,.502,57,70,.814,14,141,155,101,29,15,65,101,669,0,,walkelo01
141,Théo Maledon,19,OKC,PG,65,49,1778,226,614,.368,105,313,.335,121,301,.402,.454,101,135,.748,25,186,211,227,56,11,141,126,658,0,,maledth01
142,Dāvis Bertāns,28,WAS,PF,57,7,1464,193,478,.404,169,428,.395,24,50,.480,.581,100,115,.870,18,150,168,49,33,13,33,136,655,0,,bertada01
143,Patrick Williams,19,CHI,PF,71,71,1983,255,528,.483,54,138,.391,201,390,.515,.534,91,125,.728,66,261,327,99,64,46,98,126,655,0,,willipa01
144,Danny Green,33,PHI,SF,69,69,1934,224,544,.412,175,432,.405,49,112,.438,.573,31,40,.775,55,205,260,118,92,56,67,125,654,0,,greenda02
145,Kentavious Caldwell-Pope,27,LAL,SG,67,67,1902,218,506,.431,120,293,.410,98,213,.460,.549,97,112,.866,27,152,179,127,62,26,66,114,653,0,DPOY-11,caldwke01
146,Victor Oladipo,28,3TM,SG,33,33,1080,235,576,.408,78,239,.326,157,337,.466,.476,104,138,.754,12,148,160,151,46,14,83,81,652,0,,oladivi01
147,Ivica Zubac,23,LAC,C,72,33,1609,257,394,.652,1,4,.250,256,390,.656,.654,135,171,.789,189,330,519,90,24,62,81,187,650,0,,zubaciv01
148,Isaac Okoro,20,CLE,SG,67,67,2173,235,559,.420,62,214,.290,173,345,.501,.476,114,157,.726,68,138,206,128,62,24,86,185,646,0,,okorois01
149,Delon Wright,28,2TM,PG,63,39,1748,240,518,.463,64,172,.372,176,346,.509,.525,101,126,.802,65,204,269,278,101,30,83,75,645,0,,wrighde01
150,Robin Lopez,32,WAS,C,71,9,1354,269,425,.633,5,18,.278,264,407,.649,.639,99,137,.723,141,131,272,55,15,44,75,109,642,0,,lopezro01
151,Elfrid Payton,26,NYK,PG,63,63,1484,269,622,.432,28,98,.286,241,524,.460,.455,73,107,.682,64,152,216,203,47,9,103,116,639,0,,paytoel01
152,Marcus Smart,26,BOS,PG,48,45,1581,203,510,.398,93,282,.330,110,228,.482,.489,128,162,.790,36,131,167,273,72,23,96,126,627,0,,smartma01
153,Daniel Theis,28,2TM,C,65,51,1601,252,466,.541,49,152,.322,203,314,.646,.593,74,110,.673,93,263,356,108,41,57,66,167,627,0,,theisda01
154,Desmond Bane,22,MEM,SG,68,17,1519,234,499,.469,117,271,.432,117,228,.513,.586,40,49,.816,31,179,210,118,41,16,59,125,625,0,,banede01
155,Alec Burks,29,NYK,SG,49,5,1255,210,500,.420,102,246,.415,108,254,.425,.522,101,118,.856,21,206,227,107,31,14,49,102,623,0,,burksal01
156,Aaron Gordon,25,2TM,PF,50,50,1384,231,499,.463,59,176,.335,172,323,.533,.522,97,149,.651,77,207,284,161,33,34,97,89,618,1,,gordoaa01
157,Cedi Osman,25,CLE,SF,59,26,1510,219,586,.374,99,324,.306,120,262,.458,.458,76,95,.800,38,163,201,174,53,9,80,119,613,0,,osmande01
158,Jordan Poole,21,GSW,SG,51,7,988,205,474,.432,97,276,.351,108,198,.545,.535,105,119,.882,15,77,92,99,26,9,51,86,612,0,,poolejo01
159,Brandon Clarke,24,MEM,PF,59,16,1415,256,495,.517,20,77,.260,236,418,.565,.537,78,113,.690,97,231,328,95,60,51,33,84,610,0,,clarkbr01
160,Marvin Bagley III,21,SAC,PF,43,42,1112,247,490,.504,37,108,.343,210,382,.550,.542,77,134,.575,106,212,318,43,21,21,59,100,608,0,,baglema01
161,Wendell Carter Jr.,21,2TM,C,54,44,1375,230,457,.503,15,51,.294,215,406,.530,.520,131,179,.732,132,311,443,104,35,42,78,146,606,0,,cartewe01
162,Cole Anthony,20,ORL,PG,47,34,1273,219,552,.397,58,172,.337,161,380,.424,.449,109,131,.832,38,183,221,192,30,18,106,98,605,0,,anthoco01
163,Hamidou Diallo,22,2TM,SF,52,9,1226,224,470,.477,28,82,.341,196,388,.505,.506,128,200,.640,59,213,272,101,41,24,76,134,604,0,,diallha01
164,Jae Crowder,30,PHO,PF,60,42,1648,199,492,.404,148,380,.389,51,112,.455,.555,57,75,.760,32,250,282,127,48,27,55,125,603,0,,crowdja01
165,T.J. McConnell,28,IND,PG,69,3,1796,274,490,.559,15,48,.313,259,442,.586,.574,33,48,.688,55,201,256,456,128,23,135,113,596,1,6MOY-11,mccontj01
166,Robert Covington,30,POR,PF,70,70,2243,204,509,.401,135,356,.379,69,153,.451,.533,50,62,.806,61,405,466,117,101,84,64,195,593,0,,covinro01
167,Jakob Poeltl,25,SAS,C,69,51,1845,265,430,.616,0,0,,265,430,.616,.616,63,124,.508,219,328,547,134,47,123,83,172,593,0,,poeltja01
168,Myles Turner,24,IND,C,47,47,1455,206,432,.477,69,206,.335,137,226,.606,.557,111,142,.782,63,243,306,48,40,159,67,165,592,0,DPOY-9,turnemy01
169,Dorian Finney-Smith,27,DAL,PF,60,60,1921,220,466,.472,119,302,.394,101,164,.616,.600,31,41,.756,98,228,326,102,52,25,48,138,590,0,,finnedo01
170,Talen Horton-Tucker,20,LAL,SG,65,4,1304,224,489,.458,37,131,.282,187,358,.522,.496,100,129,.775,25,144,169,181,63,21,105,127,585,0,,hortota01
171,Ricky Rubio,30,MIN,PG,68,51,1772,193,498,.388,66,214,.308,127,284,.447,.454,130,150,.867,28,195,223,433,98,4,111,139,582,0,,rubiori01
172,Mason Plumlee,30,DET,C,56,56,1499,234,381,.614,0,7,.000,234,374,.626,.614,113,169,.669,145,374,519,202,43,50,105,186,581,2,,plumlma01
173,Bruce Brown,24,BRK,PG,65,37,1451,235,423,.556,17,59,.288,218,364,.599,.576,86,117,.735,111,238,349,104,58,28,54,145,573,0,,brownbr01
174,Cameron Johnson,24,PHO,PF,60,11,1437,203,483,.420,117,335,.349,86,148,.581,.541,50,59,.847,33,166,199,86,37,16,40,85,573,0,,johnsca02
175,Landry Shamet,23,BRK,SG,61,12,1403,186,456,.408,129,333,.387,57,123,.463,.549,66,78,.846,11,101,112,99,31,10,48,93,567,0,,shamela01
176,Svi Mykhailiuk,23,2TM,SF,66,14,1324,208,506,.411,105,314,.334,103,192,.536,.515,38,50,.760,24,139,163,110,51,12,88,63,559,0,,mykhasv01
177,Raul Neto,28,WAS,PG,64,22,1403,209,447,.468,64,164,.390,145,283,.512,.539,75,85,.882,28,128,156,146,73,6,53,109,557,0,,netora01
178,Derrick White,26,SAS,SG,36,32,1064,186,453,.411,84,243,.346,102,210,.486,.503,97,114,.851,13,94,107,127,26,36,45,91,553,0,,whitede01
179,Nicolas Batum,32,LAC,SF,67,38,1835,191,412,.464,110,272,.404,81,140,.579,.597,48,58,.828,50,266,316,148,69,37,53,102,540,0,,batumni01
180,Isaiah Stewart,19,DET,C,68,14,1455,226,409,.553,21,63,.333,205,346,.592,.578,64,92,.696,159,294,453,59,39,86,67,184,537,0,,stewais01
181,Isaiah Roby,22,OKC,PF,61,34,1425,207,429,.483,32,109,.294,175,320,.547,.520,87,117,.744,89,252,341,107,52,37,113,162,533,0,,robyis01
182,Terence Davis,23,2TM,SG,61,4,1074,195,456,.428,98,267,.367,97,189,.513,.535,45,55,.818,20,134,154,83,44,14,63,97,533,0,,daviste02
183,Grayson Allen,25,MEM,SG,50,38,1259,173,414,.418,107,274,.391,66,140,.471,.547,79,91,.868,19,141,160,108,46,8,48,71,532,0,,allengr01
184,Kenrich Williams,26,OKC,PF,66,13,1426,219,411,.533,52,117,.444,167,294,.568,.596,36,63,.571,84,189,273,152,55,17,76,143,526,0,,willike04
185,Luke Kennard,24,LAC,SG,63,17,1232,197,414,.476,100,224,.446,97,190,.511,.597,26,31,.839,15,146,161,104,23,9,48,91,520,0,,kennalu01
186,Cory Joseph,29,2TM,PG,63,13,1446,200,426,.469,45,132,.341,155,294,.527,.522,72,88,.818,35,124,159,213,61,18,79,139,517,0,,josepco01
187,Payton Pritchard,23,BOS,SG,66,4,1268,184,418,.440,102,248,.411,82,170,.482,.562,40,45,.889,33,125,158,120,37,9,53,104,510,0,,pritcpa01
188,Nickeil Alexander-Walker,22,NOP,SG,46,13,1007,192,458,.419,76,219,.347,116,239,.485,.502,48,66,.727,13,131,144,102,47,22,69,88,508,0,,alexani01
189,Cameron Payne,26,PHO,PG,60,1,1079,191,395,.484,73,166,.440,118,229,.515,.576,50,56,.893,16,128,144,217,36,16,60,97,505,0,,payneca01
190,Blake Griffin,31,2TM,PF,46,30,1186,174,411,.423,70,205,.341,104,206,.505,.509,87,117,.744,35,190,225,140,32,15,62,111,505,0,,griffbl01
191,Paul Millsap,35,DEN,PF,56,36,1162,191,401,.476,49,143,.343,142,258,.550,.537,71,98,.724,76,186,262,98,51,36,51,111,502,0,,millspa01
192,Anfernee Simons,21,POR,SG,64,0,1104,168,401,.419,120,282,.426,48,119,.403,.569,46,57,.807,14,126,140,89,18,8,43,96,502,0,,simonan01
193,Furkan Korkmaz,23,PHI,SG,55,11,1062,170,424,.401,101,269,.375,69,155,.445,.520,60,82,.732,17,96,113,82,49,9,46,64,501,0,,korkmfu01
194,Georges Niang,27,UTA,PF,72,10,1154,177,405,.437,124,292,.425,53,113,.469,.590,22,23,.957,28,148,176,59,25,8,51,116,500,0,,niangge01
195,Royce O'Neale,27,UTA,SF,71,71,2241,175,394,.444,107,278,.385,68,116,.586,.580,39,46,.848,88,397,485,181,57,32,83,182,496,0,,onealro01
196,Malik Monk,22,CHO,SG,42,0,878,173,399,.434,85,212,.401,88,187,.471,.540,59,72,.819,14,87,101,87,19,4,55,47,490,0,,monkma01
197,Tyrese Maxey,20,PHI,SG,61,8,935,198,429,.462,31,103,.301,167,326,.512,.498,61,70,.871,11,93,104,120,26,13,41,79,488,0,,maxeyty01
198,Dwight Howard,35,PHI,C,69,6,1196,178,303,.587,5,20,.250,173,283,.611,.596,121,210,.576,190,390,580,61,30,62,112,200,482,0,,howardw01
199,Khem Birch,28,2TM,C,67,22,1529,189,380,.497,13,52,.250,176,328,.537,.514,91,129,.705,174,213,387,89,48,50,44,113,482,0,,birchkh01
200,Kent Bazemore,31,GSW,SF,67,18,1333,176,392,.449,75,184,.408,101,208,.486,.545,54,78,.692,26,203,229,108,69,33,82,158,481,0,,bazemke01
201,Eric Gordon,32,HOU,SG,27,13,789,159,367,.433,69,210,.329,90,157,.573,.527,94,114,.825,8,50,58,71,14,13,51,44,481,0,,gordoer01
202,Monte Morris,25,DEN,PG,47,13,1196,186,387,.481,51,134,.381,135,253,.534,.547,58,73,.795,11,85,96,150,34,13,34,48,481,0,,morrimo01
203,Aaron Holiday,24,IND,PG,66,8,1176,170,436,.390,67,182,.368,103,254,.406,.467,68,83,.819,15,74,89,123,46,13,66,94,475,0,,holidaa01
204,Terance Mann,24,LAC,SG,67,10,1263,178,350,.509,38,91,.418,140,259,.541,.563,78,94,.830,56,186,242,104,29,13,40,126,472,0,,mannte01
205,De'Anthony Melton,22,MEM,PG,52,1,1045,172,393,.438,87,211,.412,85,182,.467,.548,41,51,.804,30,131,161,132,60,31,66,85,472,0,,meltode01
206,JaMychal Green,30,DEN,PF,58,5,1120,173,374,.463,79,198,.399,94,176,.534,.568,46,57,.807,85,192,277,53,26,22,53,144,471,0,,greenja01
207,Pat Connaughton,28,MIL,SG,69,4,1575,168,387,.434,101,272,.371,67,115,.583,.565,31,40,.775,63,269,332,81,49,23,33,99,468,0,,connapa01
208,Serge Ibaka,31,LAC,C,41,39,955,186,365,.510,39,115,.339,147,250,.588,.563,43,53,.811,73,202,275,74,9,47,44,76,454,0,,ibakase01
209,Cody Zeller,28,CHO,C,48,21,1005,181,324,.559,4,28,.143,177,296,.598,.565,85,119,.714,119,209,328,86,27,17,51,121,451,0,,zelleco01
210,Jaxson Hayes,20,NOP,C,60,3,964,175,280,.625,6,14,.429,169,266,.635,.636,93,120,.775,92,165,257,35,25,38,39,101,449,0,,hayesja02
211,James Wiseman,19,GSW,C,39,27,836,191,368,.519,12,38,.316,179,330,.542,.535,54,86,.628,55,171,226,26,11,36,60,121,448,0,,wisemja01
212,Tomáš Satoranský,29,CHI,SG,58,18,1307,169,329,.514,42,118,.356,127,211,.602,.578,67,79,.848,30,112,142,271,40,14,96,89,447,0,,satorto01
213,Draymond Green,30,GSW,PF,63,63,1982,170,380,.447,34,126,.270,136,254,.535,.492,70,88,.795,55,393,448,558,105,52,188,194,444,6,DPOY-3DEF1,greendr01
214,Wayne Ellington,33,DET,SG,46,31,1012,149,338,.441,116,275,.422,33,63,.524,.612,28,35,.800,12,73,85,67,18,9,33,59,442,0,,ellinwa01
215,Tyus Jones,24,MEM,PG,70,9,1222,178,413,.431,45,140,.321,133,273,.487,.485,41,45,.911,21,119,140,259,64,6,48,31,442,0,,jonesty01
216,Steven Adams,27,NOP,C,58,58,1605,189,308,.614,0,3,.000,189,305,.620,.614,60,135,.444,213,301,514,111,54,38,78,113,438,1,,adamsst01
217,D.J. Augustin,33,2TM,PG,57,12,1129,135,343,.394,83,217,.382,52,126,.413,.515,85,94,.904,20,74,94,188,28,1,65,56,438,0,,augusdj01
218,Dario Šarić,26,PHO,C,50,4,871,153,342,.447,47,135,.348,106,207,.512,.516,84,99,.848,46,144,190,65,30,4,57,95,437,0,,saricda01
219,Josh Hart,25,NOP,SF,47,4,1349,151,344,.439,63,193,.326,88,151,.583,.531,69,89,.775,53,324,377,109,38,12,49,111,434,0,,hartjo01
220,Kevin Porter Jr.,20,HOU,SG,26,23,835,156,367,.425,50,161,.311,106,206,.515,.493,69,94,.734,20,79,99,164,19,8,91,61,431,0,,porteke02
221,Jaden McDaniels,20,MIN,PF,63,27,1511,164,367,.447,72,198,.364,92,169,.544,.545,27,45,.600,52,180,232,71,35,60,47,172,427,0,,mcdanja02
222,DeAndre Jordan,32,BRK,C,57,43,1246,190,249,.763,0,1,.000,190,248,.766,.763,46,92,.500,117,310,427,93,17,65,85,116,426,0,,jordade01
223,Jusuf Nurkić,26,POR,C,37,37,880,171,333,.514,12,30,.400,159,303,.525,.532,70,113,.619,86,246,332,125,38,39,73,103,424,0,,nurkiju01
224,Garrett Temple,34,CHI,SG,56,25,1528,158,381,.415,67,200,.335,91,181,.503,.503,40,50,.800,29,131,160,124,43,30,58,126,423,0,,templga01
225,Alex Len,27,2TM,C,64,42,979,171,278,.615,8,25,.320,163,253,.644,.629,73,116,.629,78,182,260,49,20,64,55,127,423,0,,lenal01
226,KJ Martin,20,HOU,SF,45,8,1068,162,318,.509,35,96,.365,127,222,.572,.564,60,84,.714,73,169,242,48,30,41,38,89,419,0,,martike04
227,Robert Williams,23,BOS,C,52,13,985,186,258,.721,0,2,.000,186,256,.727,.721,45,73,.616,133,225,358,94,43,91,52,105,417,0,,williro04
228,Sterling Brown,25,HOU,SG,51,14,1229,150,335,.448,91,215,.423,59,120,.492,.584,25,31,.806,38,186,224,72,38,12,41,97,416,0,,brownst02
229,Trey Burke,28,DAL,PG,62,1,911,151,353,.428,58,164,.354,93,189,.492,.510,51,57,.895,10,44,54,81,36,7,33,64,411,0,,burketr01
230,Tristan Thompson,29,BOS,C,54,43,1287,169,326,.518,0,3,.000,169,323,.523,.518,71,120,.592,169,270,439,67,24,33,62,119,409,0,,thomptr01
231,Markieff Morris,31,LAL,PF,61,27,1200,153,378,.405,65,209,.311,88,169,.521,.491,36,50,.720,48,218,266,73,22,19,54,105,407,0,,morrima02
232,Denzel Valentine,27,CHI,SG,62,3,1036,155,416,.373,80,242,.331,75,174,.431,.469,16,17,.941,24,173,197,105,30,7,42,70,406,0,,valende01
233,Ben McLemore,27,2TM,SG,53,5,905,135,365,.370,97,280,.346,38,85,.447,.503,39,53,.736,15,85,100,39,23,9,42,88,406,0,,mclembe01
234,Edmond Sumner,25,IND,SG,53,24,861,148,282,.525,35,88,.398,113,194,.582,.587,68,83,.819,18,76,94,49,33,10,51,88,399,0,,sumneed01
235,Al Horford,34,OKC,C,28,28,782,162,360,.450,56,152,.368,106,208,.510,.528,18,22,.818,29,159,188,94,25,26,29,48,398,0,,horfoal01
236,Facundo Campazzo,29,DEN,PG,65,19,1425,120,315,.381,76,216,.352,44,99,.444,.502,80,91,.879,22,112,134,232,79,14,73,132,396,0,6MOY-15,campafa01
237,Derrick Jones Jr.,23,POR,SF,58,43,1318,147,304,.484,43,136,.316,104,168,.619,.554,59,91,.648,77,128,205,47,37,54,32,127,396,0,,jonesde02
238,Frank Jackson,22,DET,PG,40,6,738,134,293,.457,61,150,.407,73,143,.510,.561,61,75,.813,15,71,86,36,15,1,34,53,390,0,,jacksfr01
239,Xavier Tillman Sr.,22,MEM,PF,59,12,1085,167,299,.559,22,65,.338,145,234,.620,.595,34,53,.642,74,182,256,75,44,33,45,116,390,0,,tillmxa01
240,Taurean Prince,26,2TM,PF,41,10,905,131,327,.401,62,155,.400,69,172,.401,.495,65,76,.855,19,123,142,76,28,23,47,75,389,0,,princta02
241,Gary Harris,26,2TM,SG,39,38,1080,138,345,.400,48,141,.340,90,204,.441,.470,64,78,.821,21,58,79,78,28,11,37,71,388,0,,harriga01
242,PJ Dozier,24,DEN,SG,50,6,1088,148,355,.417,47,149,.315,101,206,.490,.483,42,66,.636,35,147,182,92,31,22,46,86,385,0,,doziepj01
243,Eric Paschall,24,GSW,PF,40,2,695,148,298,.497,18,54,.333,130,244,.533,.527,67,94,.713,28,100,128,51,12,7,43,68,381,0,,pascher01
244,Daniel Gafford,22,2TM,C,54,11,791,154,225,.684,0,0,,154,225,.684,.684,72,108,.667,94,137,231,29,26,75,41,98,380,0,,gaffoda01
245,Jaylen Nowell,21,MIN,SG,42,0,759,142,335,.424,50,150,.333,92,185,.497,.499,45,55,.818,19,76,95,62,22,12,28,72,379,0,,nowelja01
246,Dean Wade,24,CLE,PF,63,19,1212,134,311,.431,78,213,.366,56,98,.571,.556,30,39,.769,38,177,215,74,35,21,30,78,376,0,,wadede01
247,Juancho Hernangómez,25,MIN,PF,52,6,900,130,299,.435,55,168,.327,75,131,.573,.527,60,97,.619,45,160,205,35,19,7,27,52,375,0,,hernaju01
248,Damion Lee,28,GSW,SG,57,1,1079,128,274,.467,77,194,.397,51,80,.638,.608,40,44,.909,22,158,180,73,38,8,30,89,373,0,,leeda03
249,Jeff Teague,32,2TM,PG,55,7,950,123,284,.433,36,82,.439,87,202,.431,.496,89,105,.848,15,73,88,132,34,12,64,56,371,0,,teaguje01
250,Moses Brown,21,OKC,C,43,32,920,146,268,.545,0,0,,146,268,.545,.545,78,126,.619,154,229,383,10,31,47,43,93,370,0,,brownmo01
251,Alex Caruso,26,LAL,PG,58,6,1216,133,305,.436,55,137,.401,78,168,.464,.526,49,76,.645,31,139,170,160,64,15,76,108,370,0,,carusal01
252,Timothé Luwawu-Cabarrot,25,BRK,SF,58,7,1050,130,356,.365,75,239,.314,55,117,.470,.471,35,43,.814,28,101,129,69,33,6,43,99,370,0,,luwawti01
253,Derrick Favors,29,UTA,C,68,0,1039,155,243,.638,0,2,.000,155,241,.643,.638,59,80,.738,138,238,376,44,32,68,36,143,369,0,,favorde01
254,James Johnson,33,2TM,PF,51,12,1043,146,327,.446,31,120,.258,115,207,.556,.494,45,76,.592,32,145,177,98,42,42,55,120,368,0,,johnsja01
255,Mo Bamba,22,ORL,C,46,5,725,142,301,.472,38,118,.322,104,183,.568,.535,45,66,.682,76,189,265,35,14,58,36,87,367,0,,bambamo01
256,Aleksej Pokusevski,19,OKC,PF,45,28,1090,139,408,.341,58,207,.280,81,201,.403,.412,31,42,.738,30,182,212,97,20,42,99,58,367,0,,pokusal01
257,DeMarcus Cousins,30,2TM,C,41,11,713,130,305,.426,47,135,.348,83,170,.488,.503,59,81,.728,53,210,263,76,34,24,64,107,366,0,,couside01
258,Willy Hernangómez,26,NOP,C,47,12,846,151,268,.563,1,10,.100,150,258,.581,.565,62,93,.667,117,217,334,50,22,23,34,68,365,0,,hernawi01
259,Jeremy Lamb,28,IND,SG,36,8,765,120,276,.435,52,128,.406,68,148,.459,.529,71,75,.947,25,106,131,53,34,23,22,72,363,0,,lambje01
260,Garrison Mathews,24,WAS,SG,64,24,1038,97,237,.409,76,198,.384,21,39,.538,.570,84,95,.884,16,71,87,26,29,7,10,106,354,0,,mathega01
261,R.J. Hampton,19,2TM,SG,51,1,888,136,313,.435,27,87,.310,109,226,.482,.478,55,82,.671,29,150,179,87,21,10,53,61,354,0,,hamptrj01
262,Malachi Flynn,22,TOR,PG,47,14,928,127,340,.374,54,168,.321,73,172,.424,.453,45,56,.804,10,106,116,137,38,7,43,68,353,0,,flynnma01
263,Ty Jerome,23,OKC,SG,33,1,788,128,287,.446,71,168,.423,57,119,.479,.570,26,34,.765,10,81,91,120,20,6,47,61,353,0,,jeromty01
264,Maxi Kleber,29,DAL,PF,50,40,1341,116,275,.422,87,212,.410,29,63,.460,.580,34,37,.919,47,213,260,68,24,35,30,105,353,0,,klebima01
265,LaMarcus Aldridge,35,2TM,C,26,23,674,140,296,.473,31,80,.388,109,216,.505,.525,41,47,.872,19,99,118,49,11,29,27,47,352,0,,aldrila01
266,Chuma Okeke,22,ORL,PF,45,19,1133,135,324,.417,49,141,.348,86,183,.470,.492,30,40,.750,42,139,181,101,48,22,38,48,349,0,,okekech01
267,Jalen McDaniels,23,CHO,SF,47,18,904,133,284,.468,35,105,.333,98,179,.547,.530,45,64,.703,45,124,169,53,28,19,45,95,346,0,,mcdanja01
268,James Ennis III,30,ORL,SF,41,37,986,115,243,.473,45,104,.433,70,139,.504,.566,70,87,.805,43,123,166,62,32,7,36,84,345,0,,ennisja01
269,De'Andre Hunter,23,ATL,SF,23,19,678,120,248,.484,31,95,.326,89,153,.582,.546,73,85,.859,17,93,110,44,19,12,29,59,344,0,,huntede01
270,Jarred Vanderbilt,21,MIN,PF,64,30,1139,143,236,.606,1,5,.200,142,231,.615,.608,57,102,.559,118,250,368,76,64,46,53,123,344,0,,vandeja01
271,Kira Lewis Jr.,19,NOP,PG,54,0,904,130,337,.386,40,120,.333,90,217,.415,.445,43,51,.843,12,59,71,124,38,10,34,88,343,0,,lewiski01
272,Deni Avdija,20,WAS,SF,54,32,1257,130,312,.417,53,168,.315,77,144,.535,.502,29,45,.644,22,240,262,63,32,15,33,140,342,0,,avdijde01
273,Dwight Powell,29,DAL,C,58,19,966,120,194,.619,5,21,.238,115,173,.665,.631,97,124,.782,80,154,234,63,36,30,40,135,342,0,,poweldw01
274,Devin Vassell,20,SAS,SF,62,7,1056,123,303,.406,52,150,.347,71,153,.464,.492,43,51,.843,24,150,174,56,43,18,22,88,341,0,,vassede01
275,Mike Muscala,29,OKC,C,35,0,645,119,267,.446,68,184,.370,51,83,.614,.573,33,36,.917,19,113,132,28,8,11,21,54,339,0,,muscami01
276,Mychal Mulder,26,GSW,PG,60,6,766,119,265,.449,85,214,.397,34,51,.667,.609,14,22,.636,8,52,60,26,12,12,16,56,337,0,,muldemy01
277,JaVale McGee,33,2TM,C,46,2,678,144,282,.511,5,24,.208,139,258,.539,.520,44,67,.657,77,162,239,39,19,54,60,121,337,0,,mcgeeja01
278,Brad Wanamaker,31,2TM,PG,61,0,1053,115,299,.385,16,85,.188,99,214,.463,.411,90,101,.891,18,87,105,174,43,11,71,94,336,0,,wanambr01
279,Bismack Biyombo,28,CHO,C,66,36,1349,142,242,.587,0,1,.000,142,241,.589,.587,47,105,.448,137,210,347,81,17,74,71,141,331,0,,biyombi01
280,Larry Nance Jr.,28,CLE,PF,35,27,1091,128,272,.471,41,114,.360,87,158,.551,.546,30,49,.612,54,181,235,107,61,17,55,72,327,0,,nancela02
281,JJ Redick,36,2TM,SG,44,0,723,106,267,.397,66,178,.371,40,89,.449,.521,49,52,.942,4,60,64,51,11,3,36,50,327,0,,redicjj01
282,Aron Baynes,34,TOR,C,53,31,980,134,304,.441,27,103,.262,107,201,.532,.485,29,41,.707,87,186,273,47,17,23,46,119,324,0,,baynear01
283,Nerlens Noel,26,NYK,C,64,41,1547,137,223,.614,0,3,.000,137,220,.623,.614,50,70,.714,142,266,408,46,70,141,65,176,324,0,,noelne01
284,Solomon Hill,29,ATL,PF,71,16,1513,107,298,.359,68,212,.321,39,86,.453,.473,35,46,.761,42,172,214,75,50,11,42,116,317,0,,hillso01
285,Josh Okogie,22,MIN,SG,59,37,1197,102,254,.402,29,108,.269,73,146,.500,.459,83,108,.769,63,93,156,63,54,28,43,123,316,0,,okogijo01
286,Danuel House Jr.,27,HOU,SF,36,23,932,110,272,.404,54,156,.346,56,116,.483,.504,41,63,.651,18,114,132,69,20,16,36,67,315,0,,houseda01
287,Drew Eubanks,23,SAS,C,54,3,755,116,205,.566,2,2,1.000,114,203,.562,.571,77,106,.726,74,167,241,42,18,49,45,88,311,0,,eubandr01
288,Frank Kaminsky,27,PHO,C,47,13,715,121,257,.471,31,85,.365,90,172,.523,.531,37,60,.617,36,152,188,79,14,17,22,70,310,0,,kaminfr01
289,Moritz Wagner,23,3TM,C,45,24,722,104,229,.454,31,91,.341,73,138,.529,.522,71,87,.816,27,119,146,50,26,18,43,108,310,0,,wagnemo01
290,Damyean Dotson,26,CLE,SG,46,7,907,119,293,.406,46,159,.289,73,134,.545,.485,24,36,.667,5,88,93,91,16,4,42,42,308,0,,dotsoda01
291,Kevin Love,32,CLE,PF,25,25,622,103,252,.409,57,156,.365,46,96,.479,.522,42,51,.824,17,169,186,63,16,2,38,26,305,0,,loveke01
292,Precious Achiuwa,21,MIA,PF,61,4,737,124,228,.544,0,1,.000,124,227,.546,.544,56,110,.509,73,135,208,29,20,28,43,91,304,0,,achiupr01
293,Juan Toscano-Anderson,27,GSW,SG,53,16,1107,121,209,.579,37,92,.402,84,117,.718,.667,22,31,.710,29,206,235,150,41,26,61,111,301,0,,toscaju01
294,Tony Bradley,23,2TM,C,42,8,684,131,197,.665,0,3,.000,131,194,.675,.665,38,55,.691,85,154,239,37,15,30,33,61,300,0,,bradlto01
295,Ish Smith,32,WAS,PG,44,1,924,129,297,.434,18,49,.367,111,248,.448,.465,19,33,.576,22,128,150,172,32,13,41,62,295,0,,smithis01
296,Grant Williams,22,BOS,PF,63,9,1138,108,247,.437,48,129,.372,60,118,.508,.534,30,51,.588,48,130,178,64,32,24,56,161,294,0,,willigr01
297,DeAndre' Bembry,26,TOR,SF,51,12,972,117,228,.513,14,53,.264,103,175,.589,.544,45,66,.682,33,113,146,107,53,18,71,87,293,0,,bembrde01
298,Hassan Whiteside,31,SAC,C,36,4,546,126,224,.563,0,1,.000,126,223,.565,.563,41,79,.519,61,154,215,20,9,46,40,73,293,0,,whiteha01
299,Cam Reddish,21,ATL,SF,26,21,750,96,263,.365,33,126,.262,63,137,.460,.428,67,82,.817,22,82,104,35,33,9,34,68,292,0,,reddica01
300,Sekou Doumbouya,20,DET,PF,56,11,869,107,282,.379,26,115,.226,81,167,.485,.426,45,64,.703,39,104,143,47,24,9,44,94,285,0,,doumbse01
301,Austin Rivers,28,2TM,SG,36,7,845,104,245,.424,55,149,.369,49,96,.510,.537,22,31,.710,8,74,82,81,30,2,36,64,285,0,,riverau01
302,Trevor Ariza,35,MIA,SF,30,27,841,99,241,.411,50,143,.350,49,98,.500,.515,34,44,.773,27,117,144,55,31,18,21,55,282,0,,arizatr01
303,Willie Cauley-Stein,27,DAL,C,53,16,906,115,182,.632,1,11,.091,114,171,.667,.635,49,78,.628,66,170,236,35,21,43,29,129,280,0,,caulewi01
304,Wesley Matthews,34,LAL,SG,58,10,1130,89,252,.353,66,197,.335,23,55,.418,.484,35,41,.854,20,73,93,54,38,17,26,80,279,0,,matthwe02
305,Patrick Beverley,32,LAC,PG,37,34,832,93,220,.423,56,141,.397,37,79,.468,.550,36,45,.800,29,90,119,76,29,28,34,108,278,0,,beverpa01
306,David Nwaba,28,HOU,SF,30,9,679,106,218,.486,17,63,.270,89,155,.574,.525,47,68,.691,40,78,118,31,30,21,17,60,276,0,,nwabada01
307,Andre Iguodala,37,MIA,SF,63,5,1339,95,248,.383,60,182,.330,35,66,.530,.504,25,38,.658,38,183,221,142,57,35,67,90,275,0,,iguodan01
308,Michael Carter-Williams,29,ORL,SG,31,25,800,105,270,.389,15,61,.246,90,209,.431,.417,49,80,.613,39,100,139,129,25,17,69,81,274,0,,cartemi01
309,Torrey Craig,30,2TM,SF,50,8,803,109,227,.480,39,106,.368,70,121,.579,.566,17,22,.773,57,140,197,49,28,26,25,83,274,0,,craigto01
310,Otto Porter Jr.,27,2TM,SF,28,6,606,98,227,.432,39,104,.375,59,123,.480,.518,36,42,.857,28,124,152,55,16,4,25,41,271,0,,porteot01
311,Stanley Johnson,24,TOR,PF,61,13,1006,89,233,.382,45,137,.328,44,96,.458,.479,44,55,.800,29,124,153,89,52,18,54,116,267,0,,johnsst04
312,Saben Lee,21,DET,PG,48,7,781,99,210,.471,8,23,.348,91,187,.487,.490,61,89,.685,20,77,97,174,32,13,55,76,267,0,,leesa01
313,Chasson Randle,27,ORL,PG,41,5,837,92,237,.388,44,130,.338,48,107,.449,.481,38,48,.792,7,75,82,74,22,5,46,64,266,0,,randlch01
314,Caleb Martin,25,CHO,SF,53,3,818,96,256,.375,31,125,.248,65,131,.496,.436,41,64,.641,31,110,141,67,37,12,33,62,264,0,,martica02
315,Marc Gasol,36,LAL,C,52,42,993,88,194,.454,50,122,.410,38,72,.528,.582,36,50,.720,38,177,215,109,26,58,53,115,262,0,,gasolma01
316,George Hill,34,2TM,PG,30,17,672,95,197,.482,31,80,.388,64,117,.547,.561,40,50,.800,16,45,61,73,23,5,31,31,261,0,,hillge01
317,Semi Ojeleye,26,BOS,PF,56,15,950,89,221,.403,58,158,.367,31,63,.492,.534,24,32,.750,31,116,147,37,17,0,21,56,260,0,,ojelese01
318,Gorgui Dieng,31,2TM,C,38,1,552,85,163,.521,30,70,.429,55,93,.591,.613,58,67,.866,40,100,140,48,26,16,32,56,258,0,,dienggo01
319,Jordan McLaughlin,24,MIN,PG,51,2,938,100,242,.413,33,92,.359,67,150,.447,.481,23,30,.767,21,87,108,193,51,6,51,44,256,0,,mclaujo01
320,Mitchell Robinson,22,NYK,C,31,29,853,115,176,.653,0,0,,115,176,.653,.653,26,53,.491,113,139,252,17,35,45,26,86,256,0,,robinmi01
321,Matisse Thybulle,23,PHI,SG,65,8,1298,102,243,.420,43,143,.301,59,100,.590,.508,8,18,.444,30,94,124,63,105,71,32,127,255,0,DPOY-11DEF2,thybuma01
322,Obi Toppin,22,NYK,PF,62,0,683,104,209,.498,26,85,.306,78,124,.629,.560,19,26,.731,26,112,138,29,17,15,23,55,253,0,,toppiob01
323,Kevon Looney,24,GSW,C,61,34,1161,108,197,.548,4,17,.235,104,180,.578,.558,31,48,.646,117,205,322,119,21,22,37,136,251,0,,looneke01
324,Tony Snell,29,ATL,SG,47,23,992,88,171,.515,62,109,.569,26,62,.419,.696,11,11,1.000,18,94,112,59,13,11,21,75,249,0,,snellto01
325,Jevon Carter,25,PHO,PG,60,1,717,94,223,.422,56,151,.371,38,72,.528,.547,4,7,.571,16,76,92,71,29,9,16,56,248,0,,carteje01
326,Naji Marshall,23,NOP,SF,32,10,700,82,209,.392,29,83,.349,53,126,.421,.462,53,75,.707,15,133,148,88,26,10,38,58,246,0,,marshna01
327,Rodney Hood,28,2TM,SF,55,5,942,94,260,.362,34,113,.301,60,147,.408,.427,24,28,.857,23,80,103,53,24,7,36,74,246,0,,hoodro01
328,Justin Jackson,25,2TM,SF,34,3,577,89,221,.403,36,117,.308,53,104,.510,.484,31,37,.838,16,61,77,52,15,2,32,32,245,0,,jacksju01
329,Gabe Vincent,24,MIA,PG,50,7,655,88,233,.378,46,149,.309,42,84,.500,.476,20,23,.870,10,46,56,67,21,2,34,79,242,0,,vincega01
330,Nemanja Bjelica,32,2TM,PF,37,3,595,89,196,.454,27,85,.318,62,111,.559,.523,37,51,.725,29,98,127,69,15,5,33,68,242,0,,bjeline01
331,Rajon Rondo,34,2TM,PG,45,3,770,95,215,.442,36,89,.404,59,126,.468,.526,16,17,.941,18,92,110,199,37,4,79,53,242,0,,rondora01
332,Taj Gibson,35,NYK,C,45,3,936,99,158,.627,3,15,.200,96,143,.671,.636,40,55,.727,99,151,250,36,31,49,22,99,241,0,,gibsota01
333,Max Strus,24,MIA,SF,39,0,507,85,187,.455,50,148,.338,35,39,.897,.588,16,24,.667,5,36,41,24,11,2,8,43,236,0,,strusma01
334,Isaiah Hartenstein,22,2TM,C,46,2,559,94,171,.550,2,6,.333,92,165,.558,.556,46,71,.648,65,116,181,55,19,39,44,104,236,0,,harteis01
335,Goga Bitadze,21,IND,C,45,3,561,83,194,.428,20,79,.253,63,115,.548,.479,45,61,.738,60,90,150,37,9,60,17,94,231,0,,bitadgo01
336,Jake Layman,26,MIN,SF,45,11,627,91,184,.495,23,78,.295,68,106,.642,.557,26,37,.703,13,54,67,28,29,19,26,44,231,0,,laymaja01
337,Oshae Brissett,22,IND,SF,21,16,519,73,151,.483,33,78,.423,40,73,.548,.593,50,65,.769,29,86,115,18,19,20,10,32,229,0,,brissos01
338,Brandon Goodwin,25,ATL,PG,47,5,620,84,223,.377,32,103,.311,52,120,.433,.448,28,43,.651,8,61,69,95,17,0,36,41,228,0,,goodwbr01
339,Onyeka Okongwu,20,ATL,C,50,4,601,96,149,.644,0,3,.000,96,146,.658,.644,36,57,.632,62,101,163,18,23,33,29,100,228,0,,okongon01
340,Chimezie Metu,23,SAC,C,36,6,488,91,179,.508,13,37,.351,78,142,.549,.545,31,43,.721,31,81,112,28,14,18,29,59,226,0,,metuch01
341,Armoni Brooks,22,HOU,SG,20,5,520,78,192,.406,60,157,.382,18,35,.514,.563,7,12,.583,10,58,68,30,12,5,22,34,223,0,,brookar01
342,Nassir Little,20,POR,PF,48,2,640,78,167,.467,28,80,.350,50,87,.575,.551,36,45,.800,32,96,128,23,5,13,18,51,220,0,,littlna01
343,Aaron Nesmith,21,BOS,SF,46,1,669,78,178,.438,40,108,.370,38,70,.543,.551,22,28,.786,28,99,127,23,15,9,23,87,218,0,,nesmiaa01
344,Yuta Watanabe,26,TOR,SF,50,4,723,79,180,.439,36,90,.400,43,90,.478,.539,24,29,.828,36,123,159,40,26,19,19,57,218,0,,watanyu01
345,Mike Scott,32,PHI,PF,51,12,852,76,211,.360,53,155,.342,23,56,.411,.486,8,12,.667,11,109,120,40,24,14,19,72,213,0,,scottmi01
346,Nic Claxton,21,BRK,C,32,1,594,90,145,.621,1,5,.200,89,140,.636,.624,31,64,.484,43,123,166,28,23,40,18,68,212,0,,claxtni01
347,Tyler Johnson,28,BRK,SG,39,3,684,72,183,.393,48,132,.364,24,51,.471,.525,18,21,.857,6,71,77,47,14,0,17,43,210,0,,johnsty01
348,Cody Martin,25,CHO,SF,52,10,849,83,188,.441,16,58,.276,67,130,.515,.484,25,43,.581,52,109,161,86,37,12,40,52,207,0,,martico01
349,Patrick Patterson,31,LAC,PF,38,5,582,72,165,.436,40,112,.357,32,53,.604,.558,13,17,.765,19,56,75,29,14,8,11,45,197,0,,pattepa01
350,Maurice Harkless,27,2TM,SF,37,23,772,69,165,.418,23,84,.274,46,81,.568,.488,33,43,.767,13,76,89,44,30,20,22,86,194,0,,harklma01
351,P.J. Tucker,35,2TM,PF,52,33,1356,66,177,.373,40,119,.336,26,58,.448,.486,21,28,.750,51,153,204,61,39,20,40,125,193,0,,tuckepj01
352,Langston Galloway,29,PHO,SG,40,0,438,66,147,.449,36,85,.424,30,62,.484,.571,22,23,.957,7,35,42,26,8,0,13,25,190,0,,gallola01
353,John Konchar,24,MEM,SG,43,0,575,69,138,.500,21,56,.375,48,82,.585,.576,25,30,.833,35,93,128,47,30,9,18,40,184,0,,konchjo01
354,D.J. Wilson,24,2TM,PF,35,1,433,68,168,.405,30,87,.345,38,81,.469,.494,17,25,.680,20,92,112,23,11,16,22,44,183,0,,wilsodj01
355,Damian Jones,25,3TM,C,39,10,547,70,103,.680,1,5,.200,69,98,.704,.684,42,58,.724,36,85,121,29,11,29,26,77,183,0,,jonesda03
356,Jarrett Culver,21,MIN,SG,34,7,499,69,168,.411,13,53,.245,56,115,.487,.449,29,48,.604,34,70,104,24,17,9,28,58,180,0,,culveja01
357,Justise Winslow,24,MEM,SF,26,1,507,74,210,.352,10,54,.185,64,156,.410,.376,20,35,.571,18,100,118,50,15,12,37,47,178,0,,winslju01
358,Killian Hayes,19,DET,PG,26,18,670,71,201,.353,20,72,.278,51,129,.395,.403,14,17,.824,6,63,69,138,27,10,83,57,176,0,,hayeski01
359,Avery Bradley,30,2TM,SG,27,6,602,64,171,.374,33,101,.327,31,70,.443,.471,12,15,.800,8,49,57,46,21,3,28,55,173,0,,bradlav01
360,Jordan Nwora,22,MIL,SF,30,2,274,62,135,.459,28,62,.452,34,73,.466,.563,19,25,.760,9,51,60,7,16,7,24,22,171,0,,nworajo01
361,Mason Jones,22,2TM,SG,32,1,334,52,123,.423,24,66,.364,28,57,.491,.520,40,64,.625,7,48,55,42,7,1,29,24,168,0,,jonesma05
362,Thanasis Antetokounmpo,28,MIL,SF,57,3,551,67,137,.489,7,29,.241,60,108,.556,.515,25,49,.510,54,70,124,46,22,10,43,74,166,0,,antetth01
363,Lamar Stevens,23,CLE,PF,40,0,499,62,136,.456,4,25,.160,58,111,.523,.471,37,51,.725,24,72,96,25,17,13,23,53,165,0,,stevela01
364,Kevin Knox,21,NYK,SF,42,0,464,56,143,.392,35,89,.393,21,54,.389,.514,16,20,.800,10,51,61,19,12,6,17,37,163,0,,knoxke01
365,Dylan Windler,24,CLE,SF,31,0,513,57,130,.438,26,77,.338,31,53,.585,.538,21,27,.778,20,87,107,33,19,12,32,37,161,0,,windldy01
366,Troy Brown Jr.,21,2TM,SF,34,0,524,62,144,.431,22,70,.314,40,74,.541,.507,15,21,.714,20,85,105,29,10,6,21,49,161,0,,browntr01
367,Abdel Nader,27,PHO,SF,24,0,355,57,116,.491,18,43,.419,39,73,.534,.569,28,37,.757,7,55,62,19,10,9,19,34,160,0,,naderab01
368,Jaren Jackson Jr.,21,MEM,C,11,4,258,53,125,.424,17,60,.283,36,65,.554,.492,35,42,.833,17,45,62,12,12,18,15,42,158,0,,jacksja02
369,Kelan Martin,25,IND,SF,35,0,322,62,138,.449,24,60,.400,38,78,.487,.536,9,10,.900,18,60,78,17,10,10,16,35,157,0,,martike03
370,Boban Marjanović,32,DAL,C,33,3,271,62,122,.508,1,8,.125,61,114,.535,.512,31,38,.816,47,81,128,10,2,6,12,29,156,0,,marjabo01
371,Tyler Cook,23,2TM,SF,32,1,438,69,103,.670,1,2,.500,68,101,.673,.675,17,35,.486,28,67,95,17,8,2,21,35,156,0,,cookty01
372,Dennis Smith Jr.,23,2TM,PG,23,9,420,58,145,.400,19,58,.328,39,87,.448,.466,19,26,.731,12,43,55,77,23,14,26,37,154,1,,smithde03
373,Isaiah Joe,21,PHI,SG,41,1,383,48,133,.361,39,106,.368,9,27,.333,.508,18,24,.750,6,30,36,20,12,4,11,34,153,0,,joeis01
374,Javonte Green,27,2TM,SF,41,2,473,53,102,.520,10,30,.333,43,72,.597,.569,30,40,.750,26,45,71,17,28,6,19,45,146,0,,greenja02
375,Jahlil Okafor,25,DET,C,27,2,347,63,102,.618,2,9,.222,61,93,.656,.627,17,24,.708,23,43,66,13,6,5,21,39,145,0,,okafoja01
376,Thomas Bryant,23,WAS,C,10,10,271,59,91,.648,9,21,.429,50,70,.714,.698,16,24,.667,18,43,61,15,4,8,11,31,143,0,,bryanth01
377,Amir Coffey,23,LAC,SG,44,1,394,45,103,.437,23,56,.411,22,47,.468,.549,27,38,.711,10,34,44,22,10,0,15,30,140,0,,coffeam01
378,Justin James,24,SAC,SF,36,0,310,52,111,.468,14,38,.368,38,73,.521,.532,21,36,.583,9,21,30,22,8,3,15,23,139,0,,jamesju01
379,Matt Thomas,26,2TM,SG,45,0,326,50,127,.394,27,80,.338,23,47,.489,.500,12,14,.857,7,37,44,19,4,0,14,18,139,0,,thomama02
380,Ryan Arcidiacono,26,CHI,PG,44,0,450,49,117,.419,25,67,.373,24,50,.480,.526,13,20,.650,5,62,67,56,9,0,10,47,136,0,,arcidry01
381,Zeke Nnaji,20,DEN,PF,42,1,397,50,104,.481,24,59,.407,26,45,.578,.596,12,15,.800,14,51,65,10,8,4,7,29,136,0,,nnajize01
382,JaKarr Sampson,27,IND,PF,29,4,316,56,113,.496,3,15,.200,53,98,.541,.509,19,29,.655,27,50,77,4,2,14,15,52,134,0,,sampsja02
383,Nicolò Melli,30,2TM,PF,45,4,566,46,141,.326,23,85,.271,23,56,.411,.408,19,25,.760,29,93,122,44,14,3,12,58,134,0,,mellini01
384,Anthony Lamb,23,HOU,SF,24,3,415,46,118,.390,23,71,.324,23,47,.489,.487,18,21,.857,27,43,70,23,6,5,19,34,133,0,,lamban01
385,E'Twaun Moore,31,PHO,SG,27,1,389,55,121,.455,11,35,.314,44,86,.512,.500,12,14,.857,14,31,45,40,15,5,23,32,133,0,,mooreet01
386,DaQuan Jeffries,23,2TM,SG,31,5,493,50,120,.417,20,67,.299,30,53,.566,.500,7,8,.875,19,52,71,22,15,10,14,48,127,0,,jeffrda01
387,Brodric Thomas,24,2TM,SG,32,1,399,39,108,.361,16,59,.271,23,49,.469,.435,31,46,.674,8,45,53,30,15,10,22,40,125,0,,thomabr01
388,Nathan Knight,23,ATL,PF,33,0,279,37,100,.370,6,33,.182,31,67,.463,.400,44,55,.800,27,45,72,8,9,10,15,22,124,0,,knighna01
389,Skylar Mays,23,ATL,SG,33,0,269,44,98,.449,14,40,.350,30,58,.517,.520,22,25,.880,10,25,35,30,14,2,9,15,124,0,,mayssk01
390,Carsen Edwards,22,BOS,SG,31,1,276,47,111,.423,18,63,.286,29,48,.604,.505,11,13,.846,3,23,26,14,7,1,7,25,123,0,,edwarca01
391,Nico Mannion,19,GSW,PG,30,1,364,39,114,.342,22,60,.367,17,54,.315,.439,23,28,.821,6,40,46,70,16,1,31,29,123,0,,mannini01
392,Alfonzo McKinnie,28,LAL,SF,39,0,258,48,93,.516,16,39,.410,32,54,.593,.602,10,18,.556,22,32,54,6,7,0,5,26,122,0,,mckinal01
393,Luka Šamanić,21,SAS,PF,33,4,308,47,105,.448,12,43,.279,35,62,.565,.505,16,29,.552,16,52,68,15,8,8,20,43,122,0,,samanlu01
394,Glenn Robinson III,27,SAC,SF,23,2,369,42,99,.424,16,44,.364,26,55,.473,.505,21,23,.913,11,34,45,20,4,3,11,23,121,0,,robingl02
395,Gary Clark,26,3TM,SF,39,11,654,40,132,.303,31,108,.287,9,24,.375,.420,8,10,.800,33,82,115,31,13,7,17,35,119,0,,clarkga01
396,Jaylen Hoard,21,OKC,SF,19,0,320,44,88,.500,0,11,.000,44,77,.571,.500,28,41,.683,21,44,65,24,13,5,17,19,116,0,,hoardja01
397,Trey Lyles,25,SAS,PF,23,9,358,43,90,.478,14,40,.350,29,50,.580,.556,15,23,.652,9,77,86,14,6,1,6,13,115,0,,lylestr01
398,Dewayne Dedmon,31,MIA,C,16,0,210,46,65,.708,1,5,.200,45,60,.750,.715,20,27,.741,28,58,86,12,9,6,13,36,113,0,,dedmode01
399,Freddie Gillespie,23,TOR,PF,20,2,392,44,84,.524,0,0,,44,84,.524,.524,23,33,.697,42,55,97,9,13,20,12,43,111,0,,gillefr01
400,Paul Watson,26,TOR,SF,27,2,297,38,82,.463,30,64,.469,8,18,.444,.646,5,8,.625,4,41,45,17,6,3,9,36,111,0,,watsopa01
401,Harry Giles,22,POR,C,38,0,348,42,97,.433,8,23,.348,34,74,.459,.474,16,27,.593,31,102,133,29,8,13,20,54,108,0,,gilesha01
402,Chandler Hutchison,24,2TM,SF,25,1,346,39,103,.379,8,22,.364,31,81,.383,.417,21,25,.840,6,72,78,17,12,5,20,33,107,0,,hutchch01
403,Luke Kornet,25,2TM,C,31,2,348,44,101,.436,15,59,.254,29,42,.690,.510,3,6,.500,14,53,67,24,4,32,7,20,106,0,,kornelu01
404,Markus Howard,21,DEN,SG,37,1,205,40,106,.377,18,65,.277,22,41,.537,.462,7,9,.778,1,20,21,18,4,1,18,23,105,0,,howarma02
405,Miye Oni,23,UTA,SG,54,0,519,35,99,.354,30,88,.341,5,11,.455,.505,5,6,.833,23,61,84,28,11,8,16,61,105,0,,onimi01
406,Markelle Fultz,22,ORL,PG,8,8,215,41,104,.394,4,16,.250,37,88,.420,.413,17,19,.895,5,20,25,43,8,2,18,18,103,0,,fultzma01
407,Al-Farouq Aminu,30,2TM,PF,23,14,434,38,99,.384,8,37,.216,30,62,.484,.424,18,22,.818,22,88,110,31,19,9,28,29,102,0,,aminual01
408,Josh Green,20,DAL,SG,39,5,445,42,93,.452,4,25,.160,38,68,.559,.473,13,23,.565,28,50,78,28,16,3,17,35,101,0,,greenjo02
409,Mike James,30,BRK,PG,13,1,236,34,92,.370,11,31,.355,23,61,.377,.429,21,27,.778,3,29,32,54,6,1,20,10,100,0,,jamesmi02
410,Tremont Waters,23,BOS,PG,26,3,238,34,84,.405,15,38,.395,19,46,.413,.494,16,17,.941,5,16,21,62,15,1,27,17,99,0,,watertr01
411,Wes Iwundu,26,2TM,SF,41,4,539,34,102,.333,5,41,.122,29,61,.475,.358,26,31,.839,15,75,90,18,15,4,19,49,99,0,,iwundwe01
412,Jalen Harris,22,TOR,SG,13,2,172,36,72,.500,17,36,.472,19,36,.528,.618,7,9,.778,3,15,18,17,8,0,14,15,96,0,,harrija01
413,Mfiondu Kabengele,23,2TM,PF,39,0,280,33,89,.371,13,50,.260,20,39,.513,.444,16,20,.800,12,48,60,17,8,13,15,36,95,0,,kabenmf01
414,Alize Johnson,24,BRK,PF,18,0,189,40,68,.588,1,6,.167,39,62,.629,.596,13,13,1.000,27,63,90,14,5,5,9,16,94,0,,johnsal02
415,Tre Jones,21,SAS,PG,37,1,269,37,78,.474,3,5,.600,34,73,.466,.494,17,19,.895,8,13,21,39,8,0,13,13,94,0,,jonestr01
416,KZ Okpala,21,MIA,PF,37,9,447,36,96,.375,12,50,.240,24,46,.522,.438,8,15,.533,21,47,68,19,10,11,15,59,92,0,,okpalkz01
417,Rodney McGruder,29,DET,SG,16,2,194,37,70,.529,11,24,.458,26,46,.565,.607,6,8,.750,8,14,22,16,8,1,7,12,91,0,,mcgruro01
418,Ignas Brazdeikis,22,3TM,SF,13,0,249,35,83,.422,11,28,.393,24,55,.436,.488,10,14,.714,11,34,45,17,4,3,12,22,91,0,,brazdig01
419,Sam Merrill,24,MIL,SG,30,2,233,32,72,.444,21,47,.447,11,25,.440,.590,4,4,1.000,6,24,30,21,8,1,10,17,89,0,,merrisa01
420,Frank Ntilikina,22,NYK,PG,33,4,322,29,79,.367,23,48,.479,6,31,.194,.513,8,18,.444,6,25,31,19,18,4,11,45,89,0,,ntilila01
421,Chris Chiozza,25,BRK,PG,22,1,232,31,88,.352,13,42,.310,18,46,.391,.426,13,17,.765,3,21,24,65,7,6,16,19,88,0,,chiozch01
422,Trent Forrest,22,UTA,PG,30,0,302,32,71,.451,5,26,.192,27,45,.600,.486,19,19,1.000,11,33,44,45,9,4,21,22,88,0,,forretr01
423,Paul Reed,21,PHI,PF,26,0,177,42,78,.538,0,6,.000,42,72,.583,.538,4,8,.500,30,31,61,12,10,13,12,29,88,0,,reedpa01
424,Kyle Guy,23,SAC,PG,31,0,235,29,88,.330,13,46,.283,16,42,.381,.403,16,20,.800,5,30,35,32,6,0,11,20,87,0,,guyky01
425,Josh Hall,20,OKC,SF,21,1,336,30,99,.303,4,37,.108,26,62,.419,.323,22,44,.500,6,53,59,28,4,1,25,37,86,0,,halljo01
426,Vlatko Čančar,23,DEN,PF,41,1,281,33,72,.458,9,33,.273,24,39,.615,.521,10,13,.769,11,39,50,14,11,2,14,18,85,0,,cancavl01
427,Gabriel Deck,25,OKC,PF,10,0,212,32,67,.478,2,15,.133,30,52,.577,.493,18,22,.818,16,24,40,24,8,0,6,9,84,0,,deckga01
428,Jerome Robinson,23,WAS,SG,17,6,305,28,95,.295,11,42,.262,17,53,.321,.353,16,20,.800,4,34,38,25,12,6,19,31,83,0,,robinje01
429,Khyri Thomas,24,HOU,SG,5,2,153,32,66,.485,9,27,.333,23,39,.590,.553,9,9,1.000,7,11,18,25,9,6,6,8,82,0,,thomakh01
430,Anthony Gill,28,WAS,PF,26,4,218,30,60,.500,7,24,.292,23,36,.639,.558,13,16,.813,16,35,51,11,10,4,8,27,80,0,,gillan01
431,Keita Bates-Diop,25,SAS,SF,30,0,245,30,67,.448,5,17,.294,25,50,.500,.485,14,21,.667,9,40,49,12,11,5,7,11,79,0,,bateske01
432,Isaac Bonga,21,WAS,SF,40,8,432,30,81,.370,13,47,.277,17,34,.500,.451,5,8,.625,18,48,66,23,11,9,22,63,78,0,,bongais01
433,Reggie Perry,20,BRK,PF,26,0,211,32,78,.410,4,21,.190,28,57,.491,.436,10,13,.769,27,46,73,14,6,6,15,40,78,0,,perryre01
434,Quinn Cook,27,2TM,PG,23,0,157,29,68,.426,11,26,.423,18,42,.429,.507,7,8,.875,2,15,17,18,4,1,7,10,76,0,,cookqu01
435,Donta Hall,23,ORL,PF,13,0,179,25,35,.714,0,0,,25,35,.714,.714,23,34,.676,24,38,62,11,5,10,8,18,73,0,,halldo01
436,Darius Miller,30,OKC,SF,18,0,197,22,48,.458,17,42,.405,5,6,.833,.635,12,12,1.000,2,22,24,21,13,5,8,13,73,0,,milleda01
437,Shaquille Harrison,27,2TM,SG,34,0,333,26,78,.333,3,16,.188,23,62,.371,.353,18,22,.818,7,41,48,25,17,5,11,33,73,0,,harrish01
438,Wenyen Gabriel,23,NOP,PF,21,0,241,24,60,.400,13,32,.406,11,28,.393,.508,11,17,.647,20,34,54,11,9,8,15,32,72,0,,gabriwe01
439,Jabari Parker,25,2TM,PF,13,0,165,30,55,.545,2,11,.182,28,44,.636,.564,10,13,.769,10,32,42,11,1,5,10,13,72,0,,parkeja01
440,Justin Patton,23,HOU,C,13,6,247,29,70,.414,9,34,.265,20,36,.556,.479,3,4,.750,14,35,49,14,12,14,4,34,70,0,,pattoju01
441,Bol Bol,21,DEN,PF,32,2,160,25,58,.431,9,24,.375,16,34,.471,.509,10,15,.667,0,24,24,7,3,10,13,14,69,0,,bolbo01
442,CJ Elleby,20,POR,SF,30,0,192,25,66,.379,7,34,.206,18,32,.563,.432,11,15,.733,11,21,32,10,6,3,5,27,68,0,,ellebcj01
443,Ersan İlyasova,33,UTA,PF,17,1,148,21,54,.389,18,41,.439,3,13,.231,.556,5,5,1.000,7,22,29,4,10,3,8,29,65,0,,ilyaser01
444,Jarrell Brantley,24,UTA,PF,28,0,138,25,52,.481,12,28,.429,13,24,.542,.596,2,2,1.000,9,18,27,15,7,2,8,17,64,0,,brantja01
445,T.J. Warren,27,IND,SF,4,4,117,27,51,.529,0,7,.000,27,44,.614,.529,8,10,.800,2,12,14,5,2,0,4,16,62,0,,warretj01
446,Killian Tillie,22,MEM,C,18,1,182,19,57,.333,10,33,.303,9,24,.375,.421,9,11,.818,6,18,24,8,5,8,2,20,57,0,,tilliki02
447,Jordan Bone,23,ORL,PG,14,0,196,23,54,.426,10,32,.313,13,22,.591,.519,0,0,,4,20,24,18,2,0,3,11,56,0,,bonejo01
448,Romeo Langford,21,BOS,SG,18,4,283,21,59,.356,5,18,.278,16,41,.390,.398,9,12,.750,12,23,35,13,6,5,10,24,56,0,,langfro01
449,Yogi Ferrell,27,2TM,PG,10,0,136,20,57,.351,9,28,.321,11,29,.379,.430,7,9,.778,5,14,19,22,7,3,3,11,56,0,,ferreyo01
450,Daniel Oturu,21,LAC,C,30,0,161,22,52,.423,1,5,.200,21,47,.447,.433,9,12,.750,21,27,48,10,4,7,9,24,54,0,,oturuda01
451,Jalen Smith,20,PHO,PF,27,1,156,22,50,.440,4,17,.235,18,33,.545,.480,5,7,.714,7,30,37,4,1,5,7,16,53,0,,smithja04
452,Bruno Fernando,22,ATL,C,33,0,226,18,44,.409,0,2,.000,18,42,.429,.409,15,22,.682,16,62,78,10,4,3,21,23,51,0,,fernabr01
453,Ed Davis,31,MIN,C,23,7,299,19,44,.432,0,0,,19,44,.432,.432,10,12,.833,46,69,115,21,13,13,7,56,48,0,,davised01
454,Dakota Mathias,25,PHI,SG,8,2,123,19,48,.396,8,26,.308,11,22,.500,.479,2,6,.333,1,6,7,13,1,3,1,7,48,0,,mathida01
455,Tacko Fall,25,BOS,C,19,0,136,21,29,.724,0,0,,21,29,.724,.724,5,15,.333,16,36,52,3,1,20,6,22,47,0,,fallta01
456,Vernon Carey Jr.,19,CHO,C,19,4,115,18,36,.500,1,7,.143,17,29,.586,.514,9,11,.818,6,21,27,2,1,5,5,13,46,0,,careyve01
457,Quinndary Weatherspoon,24,SAS,SG,20,0,121,16,35,.457,1,6,.167,15,29,.517,.471,13,16,.813,3,8,11,8,8,2,10,18,46,0,,weathqu01
458,Mamadi Diakite,24,MIL,PF,14,1,141,16,40,.400,1,8,.125,15,32,.469,.413,11,14,.786,8,26,34,8,7,6,3,16,44,0,,diakima01
459,Louis King,21,SAC,SF,6,1,85,17,34,.500,4,11,.364,13,23,.565,.559,6,6,1.000,5,13,18,9,7,3,4,9,44,0,,kinglo02
460,Robert Franks,24,ORL,PF,7,0,101,13,28,.464,5,15,.333,8,13,.615,.554,12,13,.923,6,8,14,5,3,3,2,8,43,0,,frankro01
461,Cameron Oliver,24,HOU,SF,4,0,87,19,33,.576,4,13,.308,15,20,.750,.636,1,4,.250,5,16,21,5,2,4,3,11,43,0,,oliveca01
462,Nate Hinton,21,DAL,SG,21,0,93,15,42,.357,4,19,.211,11,23,.478,.405,7,10,.700,1,8,9,8,7,2,5,8,41,0,,hintona01
463,Deividas Sirvydis,20,DET,SG,20,0,133,14,40,.350,10,28,.357,4,12,.333,.475,3,6,.500,0,29,29,5,2,0,5,9,41,0,,sirvyde01
464,Cassius Winston,22,WAS,PG,22,0,98,14,33,.424,8,17,.471,6,16,.375,.545,5,6,.833,0,9,9,12,2,1,5,8,41,0,,winstca01
465,Sindarius Thornwell,26,2TM,SG,21,1,217,15,46,.326,7,23,.304,8,23,.348,.402,4,8,.500,3,15,18,21,13,2,7,15,41,0,,thornsi01
466,Charlie Brown Jr.,23,OKC,SG,9,1,152,13,43,.302,5,21,.238,8,22,.364,.360,9,10,.900,3,14,17,9,4,2,6,19,40,0,,brownch02
467,Jahmi'us Ramsey,19,SAC,SG,13,0,94,15,38,.395,5,19,.263,10,19,.526,.461,5,5,1.000,2,8,10,6,4,1,3,8,40,0,,ramseja01
468,Devontae Cacok,24,LAL,PF,20,1,98,17,29,.586,0,0,,17,29,.586,.586,5,11,.455,12,20,32,1,5,4,5,8,39,0,,cacokde01
469,Sean McDermott,24,MEM,SF,18,0,158,13,33,.394,5,22,.227,8,11,.727,.470,8,8,1.000,6,13,19,4,2,3,4,8,39,0,,mcderse01
470,Matthew Dellavedova,30,CLE,PG,13,1,224,14,56,.250,4,25,.160,10,31,.323,.286,4,4,1.000,6,18,24,58,4,1,6,21,36,0,,dellama01
471,Cassius Stanley,21,IND,SG,24,0,93,13,43,.302,3,13,.231,10,30,.333,.337,7,9,.778,8,12,20,1,1,2,1,14,36,0,,stanlca01
472,Juwan Morgan,23,UTA,PF,29,0,147,14,30,.467,4,13,.308,10,17,.588,.533,3,7,.429,9,19,28,9,4,1,4,21,35,0,,morgaju01
473,Jay Scrubb,20,LAC,SG,4,1,84,14,36,.389,2,9,.222,12,27,.444,.417,5,5,1.000,2,12,14,1,4,0,7,5,35,0,,scrubja01
474,Devin Cannady,24,ORL,PG,8,0,74,11,28,.393,6,16,.375,5,12,.417,.500,6,7,.857,0,5,5,1,5,1,2,9,34,0,,cannade01
475,Rayjon Tucker,23,PHI,PG,14,0,68,9,18,.500,2,7,.286,7,11,.636,.556,14,19,.737,1,10,11,6,2,0,4,8,34,0,,tuckera01
476,Chris Silva,24,2TM,PF,15,0,92,10,16,.625,1,1,1.000,9,15,.600,.656,11,15,.733,7,20,27,6,1,6,10,24,32,0,,silvach01
477,Elijah Hughes,22,UTA,SF,18,0,64,10,30,.333,8,23,.348,2,7,.286,.467,3,4,.750,1,8,9,6,1,1,6,1,31,0,,hugheel01
478,Rodions Kurucs,22,3TM,PF,21,0,125,11,32,.344,6,21,.286,5,11,.455,.438,3,4,.750,5,18,23,10,9,4,13,16,31,0,,kurucro01
479,Thon Maker,23,CLE,C,8,0,76,10,18,.556,0,2,.000,10,16,.625,.556,10,11,.909,8,10,18,4,2,4,3,7,30,0,,makerth01
480,Alen Smailagić,20,GSW,PF,15,1,84,11,27,.407,4,10,.400,7,17,.412,.481,2,6,.333,6,10,16,4,3,5,5,11,28,0,,smailal01
481,Rondae Hollis-Jefferson,26,POR,PF,11,1,107,9,18,.500,0,1,.000,9,17,.529,.500,9,16,.563,11,15,26,13,2,4,2,15,27,0,,holliro01
482,Frank Mason III,26,ORL,PG,4,1,79,9,24,.375,2,5,.400,7,19,.368,.417,5,7,.714,3,9,12,12,0,0,5,7,25,0,,masonfr01
483,Gary Payton II,28,GSW,PG,10,0,40,10,13,.769,2,4,.500,8,9,.889,.846,3,4,.750,2,9,11,1,6,1,1,8,25,0,,paytoga02
484,Devon Dotson,21,CHI,PG,11,0,50,11,21,.524,1,7,.143,10,14,.714,.548,0,0,,2,3,5,7,4,0,0,3,23,0,,dotsode01
485,Danté Exum,25,CLE,SG,6,3,116,10,26,.385,2,11,.182,8,15,.533,.423,1,2,.500,2,15,17,13,4,2,7,9,23,0,,exumda01
486,Cristiano Felício,28,CHI,C,18,0,84,7,13,.538,0,2,.000,7,11,.636,.538,9,16,.563,10,16,26,9,4,0,4,10,23,0,,feliccr01
487,Isaiah Thomas,31,NOP,PG,3,0,48,9,27,.333,3,12,.250,6,15,.400,.389,2,2,1.000,1,3,4,5,1,0,6,3,23,0,,thomais02
488,Jeremiah Martin,24,CLE,PG,9,0,75,9,33,.273,3,12,.250,6,21,.286,.318,1,5,.200,2,5,7,4,5,2,6,1,22,0,,martije02
489,Jontay Porter,21,MEM,PF,11,0,54,8,15,.533,3,8,.375,5,7,.714,.633,3,5,.600,4,10,14,1,3,1,7,12,22,0,,portejo01
490,Justin Robinson,23,OKC,PG,9,0,88,7,21,.333,4,14,.286,3,7,.429,.429,3,5,.600,1,6,7,9,3,0,2,10,21,0,,robinju01
491,Spencer Dinwiddie,27,BRK,SG,3,3,64,6,16,.375,2,7,.286,4,9,.444,.438,6,6,1.000,0,13,13,9,2,1,5,4,20,0,,dinwisp01
492,Robert Woodard II,21,SAC,SF,13,0,45,8,20,.400,1,6,.167,7,14,.500,.425,3,8,.375,4,12,16,2,0,3,1,4,20,0,,woodaro01
493,Norvel Pelle,27,3TM,C,13,0,84,8,15,.533,0,0,,8,15,.533,.533,4,6,.667,6,13,19,2,1,9,3,14,20,0,,pelleno01
494,Tyler Bey,22,DAL,SF,18,0,71,7,22,.318,1,4,.250,6,18,.333,.341,3,5,.600,8,11,19,3,0,1,3,6,18,0,,beyty01
495,Grant Riller,23,CHO,PG,7,0,27,8,12,.667,2,4,.500,6,8,.750,.750,0,0,,0,1,1,3,1,0,1,0,18,0,,rillegr01
496,Bruno Caboclo,25,HOU,PF,6,0,36,8,17,.471,0,5,.000,8,12,.667,.471,1,2,.500,3,11,14,1,0,2,4,6,17,0,,cabocbr01
497,Anthony Tolliver,35,PHI,PF,11,0,99,4,17,.235,4,14,.286,0,3,.000,.353,5,6,.833,3,7,10,2,3,2,3,7,17,0,,tollian01
498,Udoka Azubuike,21,UTA,C,15,0,57,4,9,.444,0,0,,4,9,.444,.444,8,10,.800,4,9,13,0,1,4,3,9,16,0,,azubuud01
499,Elijah Bryant,25,MIL,SG,1,0,32,6,13,.462,1,5,.200,5,8,.625,.500,3,3,1.000,2,4,6,3,0,1,4,4,16,0,,bryanel01
500,Henry Ellenson,24,TOR,PF,2,0,38,5,14,.357,2,9,.222,3,5,.600,.429,3,4,.750,3,9,12,5,0,0,0,7,15,0,,ellenhe01
501,Adam Mokoka,22,CHI,SG,14,0,56,7,19,.368,1,10,.100,6,9,.667,.395,0,1,.000,1,4,5,5,2,1,5,5,15,0,,mokokad01
502,James Nunnally,30,NOP,SF,9,0,48,5,13,.385,4,12,.333,1,1,1.000,.538,1,2,.500,2,7,9,3,0,0,2,1,15,0,,nunnaja01
503,Nick Richards,23,CHO,PF,18,0,63,4,9,.444,0,1,.000,4,8,.500,.444,7,11,.636,4,7,11,2,0,0,3,7,15,0,,richani01
504,Jordan Bell,26,2TM,C,6,1,82,7,22,.318,0,2,.000,7,20,.350,.318,1,2,.500,7,17,24,7,3,5,4,7,15,0,,belljo01
505,Cameron Reynolds,25,2TM,SF,5,0,40,6,18,.333,3,12,.250,3,6,.500,.417,0,0,,2,3,5,2,0,0,0,2,15,0,,reynoca01
506,Axel Toupane,28,MIL,SF,8,1,61,4,11,.364,1,2,.500,3,9,.333,.409,5,7,.714,0,6,6,4,2,3,0,6,14,0,,toupaax01
507,Amida Brimah,26,IND,C,5,0,29,5,8,.625,0,0,,5,8,.625,.625,3,3,1.000,2,6,8,1,0,5,4,4,13,0,,brimaam01
508,Marquese Chriss,23,GSW,PF,2,0,27,5,14,.357,1,5,.200,4,9,.444,.393,2,4,.500,3,10,13,2,0,2,2,3,13,0,,chrisma01
509,Anderson Varejão,38,CLE,C,5,0,36,4,16,.250,0,1,.000,4,15,.267,.250,5,9,.556,7,13,20,3,0,2,1,3,13,0,,varejan01
510,Kostas Antetokounmpo,23,LAL,PF,15,0,56,3,10,.300,0,0,,3,10,.300,.300,6,13,.462,4,15,19,1,2,4,11,8,12,0,,antetko01
511,Keljin Blevins,25,POR,SF,17,0,75,5,20,.250,2,8,.250,3,12,.250,.300,0,0,,3,7,10,4,2,0,5,8,12,0,,blevike01
512,T.J. Leaf,23,POR,PF,7,0,35,5,10,.500,0,0,,5,10,.500,.500,2,2,1.000,0,5,5,1,2,1,2,1,12,0,,leaftj01
513,Karim Mané,20,ORL,PG,10,0,88,3,13,.231,1,2,.500,2,11,.182,.269,4,5,.800,1,13,14,4,0,2,3,10,11,0,,maneka01
514,Tyrell Terry,20,DAL,PG,11,0,56,5,16,.313,0,7,.000,5,9,.556,.313,1,3,.333,0,6,6,6,5,0,2,2,11,0,,terryty01
515,Meyers Leonard,28,MIA,C,3,2,29,3,7,.429,3,7,.429,0,0,,.643,1,2,.500,0,7,7,2,0,0,2,5,10,0,,leoname01
516,Ty-Shon Alexander,22,PHO,SG,15,0,47,3,12,.250,2,9,.222,1,3,.333,.333,1,2,.500,2,8,10,6,0,1,3,2,9,0,,alexaty01
517,Nate Darling,22,CHO,SG,7,0,26,2,7,.286,2,7,.286,0,0,,.429,3,3,1.000,1,0,1,1,0,1,1,1,9,0,,darlina01
518,Tim Frazier,30,MEM,PG,5,0,62,3,20,.150,0,8,.000,3,12,.250,.150,2,6,.333,0,8,8,16,2,1,4,7,8,0,,fraziti01
519,Didi Louzada,21,NOP,SF,3,0,56,3,13,.231,2,8,.250,1,5,.200,.308,0,0,,1,2,3,3,2,0,3,5,8,0,,louzama01
520,Vincent Poirier,27,PHI,C,10,0,39,3,12,.250,0,1,.000,3,11,.273,.250,2,6,.333,6,8,14,2,0,3,4,8,8,0,,poirivi01
521,Marques Bolden,22,CLE,C,6,0,29,1,3,.333,0,0,,1,3,.333,.333,5,8,.625,3,3,6,0,2,2,2,0,7,0,,boldema01
522,Jared Dudley,35,LAL,PF,12,0,81,2,9,.222,2,6,.333,0,3,.000,.333,0,0,,4,17,21,5,1,1,2,7,6,0,,dudleja01
523,Andre Roberson,29,BRK,SG,5,0,63,2,14,.143,1,8,.125,1,6,.167,.179,1,2,.500,7,8,15,4,3,1,2,4,6,0,,roberan03
524,Kris Dunn,26,ATL,PG,4,0,45,1,12,.083,0,2,.000,1,10,.100,.083,3,4,.750,0,6,6,2,2,2,3,10,5,0,,dunnkr01
525,Jalen Lecque,20,IND,PG,4,0,12,1,9,.111,0,1,.000,1,8,.125,.111,3,3,1.000,2,3,5,2,0,0,0,0,5,0,,lecquja01
526,Patrick McCaw,25,TOR,SF,5,0,33,1,1,1.000,0,0,,1,1,1.000,1.000,3,3,1.000,1,2,3,4,2,0,0,6,5,0,,mccawpa01
527,Udonis Haslem,40,MIA,C,1,0,3,2,2,1.000,0,0,,2,2,1.000,1.000,0,0,,0,1,1,0,0,0,0,0,4,0,,hasleud01
528,Ray Spalding,23,HOU,C,2,0,19,2,4,.500,0,1,.000,2,3,.667,.500,0,2,.000,2,2,4,0,0,2,3,3,4,0,,spaldra01
529,Brian Bowen,22,IND,SF,6,0,15,1,4,.250,0,1,.000,1,3,.333,.250,1,1,1.000,0,3,3,0,0,0,0,1,3,0,,bowenbr02
530,Malik Fitts,23,LAC,PF,3,0,11,1,3,.333,1,2,.500,0,1,.000,.500,0,0,,0,3,3,0,0,0,0,3,3,0,,fittsma01
531,Jared Harper,23,NYK,PG,8,0,16,0,4,.000,0,1,.000,0,3,.000,.000,3,4,.750,0,2,2,1,0,0,3,1,3,0,,harpeja01
532,Jaylen Adams,24,MIL,PG,7,0,18,1,8,.125,0,2,.000,1,6,.167,.125,0,0,,0,3,3,2,0,0,0,1,2,0,,adamsja01
533,Terrance Ferguson,22,PHI,SG,13,0,49,1,7,.143,0,5,.000,1,2,.500,.143,0,0,,0,1,1,2,1,0,4,7,2,0,,fergute01
534,Theo Pinson,25,NYK,SG,17,0,34,1,9,.111,0,8,.000,1,1,1.000,.111,0,0,,0,5,5,1,0,0,1,4,2,0,,pinsoth01
535,Iman Shumpert,30,BRK,SG,2,0,11,1,4,.250,0,3,.000,1,1,1.000,.250,0,0,,1,0,1,0,1,0,1,0,2,0,,shumpim01
536,Ashton Hagans,21,MIN,PG,2,0,4,0,0,,0,0,,0,0,,,0,0,,0,0,0,0,0,0,1,0,0,0,,haganas01
537,Will Magnay,22,NOP,C,1,0,3,0,1,.000,0,1,.000,0,0,,.000,0,0,,0,0,0,0,0,0,1,1,0,0,,magnawi01
538,Anžejs Pasečņiks,25,WAS,C,1,0,6,0,1,.000,0,1,.000,0,0,,.000,0,0,,1,0,1,1,0,0,5,2,0,0,,pasecan01
539,Noah Vonleh,25,BRK,C,4,0,11,0,3,.000,0,2,.000,0,1,.000,.000,0,0,,0,1,1,1,0,0,2,2,0,0,,vonleno01
540,Greg Whittington,27,DEN,PF,4,0,12,0,3,.000,0,2,.000,0,1,.000,.000,0,0,,0,0,0,0,0,0,0,0,0,0,,whittgr01
