Rank,Player,Age,Team,Pos,G,GS,MP,FG%,Dist.,2P,0-3,3-10,10-16,16-3P,3P,2P,0-3,3-10,10-16,16-3P,3P,2P,3P,%FGA,#,%3PA,3P%,Att.,Md.,Awards,-9999
1,Julius Randle,26,NYK,PF,71,71,2667,.456,14.5,.706,.162,.176,.201,.167,.294,.474,.659,.408,.434,.414,.411,.342,.794,.022,25,.219,.412,1,0,MVP-8MIP-1ASNBA2,randlju01
2,RJ Barrett,20,NYK,SG,72,72,2511,.441,11.5,.708,.325,.228,.087,.069,.292,.457,.605,.318,.315,.397,.401,.353,.976,.040,39,.427,.424,1,0,,barrerj01
3,Nikola Jokić,25,DEN,C,72,72,2488,.566,10.6,.817,.244,.350,.140,.082,.183,.606,.753,.572,.481,.528,.388,.484,.967,.037,45,.034,.375,3,0,MVP-1ASNBA1,jokicni01
4,Buddy Hield,28,SAC,SG,71,71,2433,.406,21.2,.273,.087,.060,.064,.063,.727,.446,.640,.267,.444,.355,.391,.331,.812,.009,8,.136,.469,1,0,,hieldbu01
5,Damian Lillard,30,POR,PG,67,67,2398,.451,17.9,.472,.238,.096,.044,.094,.528,.519,.631,.359,.441,.437,.391,.177,.393,.015,19,.038,.185,4,0,MVP-7ASNBA2,lillada01
6,Terry Rozier,26,CHO,SG,69,69,2383,.450,16.6,.496,.183,.150,.097,.066,.504,.512,.615,.418,.564,.360,.389,.403,.829,.011,12,.243,.453,2,0,,roziete01
7,Russell Westbrook,32,WAS,PG,65,65,2369,.439,13.2,.779,.194,.245,.117,.224,.221,.475,.650,.465,.379,.383,.315,.164,.628,.025,24,.103,.429,0,0,MVP-11,westbru01
8,Andrew Wiggins,25,GSW,PF,71,71,2364,.477,14.2,.652,.218,.197,.108,.129,.348,.529,.706,.500,.404,.380,.380,.479,.829,.065,65,.247,.418,0,0,,wiggian01
9,Mikal Bridges,24,PHO,SF,72,72,2348,.543,14.3,.529,.278,.135,.082,.034,.471,.647,.801,.500,.455,.435,.425,.764,.985,.058,38,.597,.441,0,0,,bridgmi01
10,Nikola Vučević,30,2TM,C,70,70,2348,.477,14.3,.685,.143,.251,.166,.125,.315,.513,.683,.484,.466,.437,.400,.616,.994,.018,19,.020,.333,0,0,AS,vucevni01
11,Anthony Edwards,19,MIN,SG,72,55,2314,.417,14.2,.571,.306,.145,.047,.072,.429,.483,.647,.318,.246,.276,.329,.392,.632,.066,70,.140,.301,3,0,ROY-2,edwaran01
12,Jayson Tatum,22,BOS,SF,64,64,2290,.459,14.6,.632,.197,.206,.141,.088,.368,.502,.735,.417,.349,.422,.386,.383,.465,.045,55,.136,.364,1,0,AS,tatumja01
13,Devin Booker,24,PHO,SG,67,67,2270,.484,14.5,.712,.179,.163,.231,.139,.288,.543,.678,.481,.542,.441,.340,.394,.659,.021,24,.086,.500,1,0,AS,bookede01
14,Khris Middleton,29,MIL,SF,68,68,2269,.476,15.7,.660,.150,.146,.196,.168,.340,.508,.652,.490,.464,.444,.414,.333,.649,.014,11,.156,.439,0,0,,middlkh01
15,Duncan Robinson,26,MIA,SF,72,72,2262,.439,22.8,.145,.079,.029,.022,.014,.855,.625,.825,.429,.438,.200,.408,.892,.972,.006,4,.186,.368,0,0,,robindu01
16,Luka Dončić,21,DAL,PG,66,66,2262,.479,15.6,.594,.180,.201,.153,.060,.406,.567,.708,.507,.512,.481,.350,.095,.234,.008,11,.031,.471,5,0,MVP-6ASNBA1,doncilu01
17,Robert Covington,30,POR,PF,70,70,2243,.401,19.6,.301,.181,.075,.016,.029,.699,.451,.587,.211,.125,.400,.379,.652,.948,.031,10,.126,.244,1,0,,covinro01
18,Royce O'Neale,27,UTA,SF,71,71,2241,.444,19.0,.294,.193,.079,.010,.013,.706,.586,.737,.323,.500,.000,.385,.603,.981,.051,18,.306,.424,0,0,,onealro01
19,Domantas Sabonis,24,IND,PF,62,62,2231,.535,8.8,.821,.431,.259,.076,.054,.179,.582,.746,.427,.362,.327,.321,.606,.962,.046,39,.049,.625,0,0,AS,sabondo01
20,Bojan Bogdanović,31,UTA,SF,72,72,2216,.439,15.4,.502,.181,.226,.079,.016,.498,.487,.635,.411,.438,.133,.390,.412,.961,.015,11,.406,.444,0,0,,bogdabo02
21,Norman Powell,27,2TM,SG,69,58,2205,.477,14.2,.547,.275,.181,.053,.038,.453,.532,.647,.416,.367,.486,.411,.547,.836,.044,32,.317,.530,2,0,,powelno01
22,Chris Paul,35,PHO,PG,70,70,2199,.499,16.9,.706,.058,.114,.327,.208,.294,.543,.667,.550,.516,.546,.395,.083,.412,.000,0,.097,.400,4,0,MVP-5ASNBA2,paulch01
23,Rudy Gobert,28,UTA,C,71,71,2187,.675,2.7,.993,.770,.209,.005,.009,.007,.680,.798,.281,.000,.200,.000,.767,,.432,231,.250,.000,3,0,MVP-10DPOY-1ASNBA3DEF1,goberru01
24,Justin Holiday,31,IND,SG,72,52,2183,.413,19.9,.275,.165,.034,.027,.050,.725,.494,.612,.190,.118,.516,.382,.671,.971,.034,18,.371,.435,0,0,,holidju01
25,Isaac Okoro,20,CLE,SG,67,67,2173,.420,11.8,.617,.377,.197,.023,.020,.383,.501,.611,.364,.077,.273,.290,.659,.871,.063,32,.383,.366,0,0,,okorois01
26,Coby White,20,CHI,PG,69,54,2156,.416,16.6,.497,.221,.109,.063,.104,.503,.473,.558,.347,.456,.436,.359,.292,.785,.008,7,.163,.473,1,0,,whiteco01
27,Stephen Curry,32,GSW,PG,63,63,2152,.482,19.3,.413,.148,.136,.060,.069,.587,.569,.663,.532,.549,.457,.421,.411,.588,.000,0,.072,.397,11,0,MVP-3ASNBA1,curryst01
28,Bradley Beal,27,WAS,SG,60,60,2147,.485,13.3,.730,.177,.274,.143,.136,.270,.535,.660,.530,.470,.452,.349,.430,.723,.021,24,.169,.381,0,0,ASNBA3,bealbr01
29,Bam Adebayo,23,MIA,C,64,64,2143,.570,7.6,.990,.353,.303,.225,.110,.010,.573,.794,.471,.456,.386,.250,.656,1.000,.188,137,.125,.000,0,0,DPOY-4DEF2,adebaba01
30,Joe Harris,29,BRK,SF,69,65,2141,.505,18.5,.372,.171,.076,.071,.054,.628,.555,.661,.426,.540,.421,.475,.774,1.000,.003,2,.209,.505,0,0,,harrijo01
31,Dejounte Murray,24,SAS,PG,67,67,2139,.453,12.6,.796,.193,.205,.266,.131,.204,.488,.649,.390,.452,.477,.317,.275,.857,.013,12,.206,.293,0,0,,murrade01
32,Kevin Huerter,22,ATL,SG,69,49,2126,.432,17.4,.472,.120,.167,.141,.044,.528,.510,.625,.418,.563,.375,.363,.409,.879,.012,9,.199,.403,1,0,,huertke01
33,Trae Young,22,ATL,PG,63,63,2125,.438,15.3,.643,.162,.226,.181,.075,.357,.491,.572,.470,.428,.530,.343,.125,.287,.000,0,.038,.400,0,0,,youngtr01
34,Deandre Ayton,22,PHO,C,69,69,2115,.626,5.5,.971,.530,.259,.137,.045,.029,.639,.766,.517,.479,.323,.200,.714,1.000,.166,109,.000,,0,0,,aytonde01
35,Collin Sexton,22,CLE,SG,60,60,2115,.475,11.7,.761,.273,.251,.163,.074,.239,.508,.619,.455,.483,.329,.371,.422,.684,.010,9,.102,.407,0,0,,sextoco01
36,Eric Bledsoe,31,NOP,SG,71,70,2111,.421,16.5,.514,.159,.167,.110,.078,.486,.496,.681,.393,.425,.439,.341,.489,.860,.000,0,.220,.346,1,0,,bledser01
37,Harrison Barnes,28,SAC,PF,58,58,2102,.497,12.5,.601,.307,.248,.044,.003,.399,.567,.721,.415,.393,.000,.391,.584,.880,.059,35,.223,.491,0,0,,barneha02
38,Brandon Ingram,23,NOP,SF,61,61,2093,.466,15.9,.659,.144,.115,.224,.176,.341,.510,.677,.417,.449,.510,.381,.368,.790,.027,26,.165,.306,3,0,,ingrabr01
39,DeMar DeRozan,31,SAS,PF,61,61,2056,.495,11.0,.920,.191,.268,.282,.178,.080,.515,.636,.510,.459,.482,.257,.248,.947,.021,17,.324,.292,0,0,,derozde01
40,Ja Morant,21,MEM,PG,63,63,2053,.449,10.7,.748,.335,.261,.132,.020,.252,.499,.632,.372,.437,.316,.303,.294,.603,.060,46,.104,.240,1,0,,moranja01
41,Jae'Sean Tate,25,HOU,SF,70,58,2043,.506,10.2,.688,.405,.253,.019,.011,.312,.595,.719,.449,.083,.286,.308,.539,.950,.050,27,.405,.329,0,0,,tateja01
42,De'Aaron Fox,23,SAC,PG,58,58,2036,.477,12.9,.712,.233,.232,.151,.095,.288,.539,.761,.426,.482,.362,.322,.160,.524,.015,17,.094,.367,1,0,,foxde01
43,Zach LaVine,25,CHI,SG,58,58,2034,.507,14.9,.575,.310,.093,.061,.110,.425,.571,.693,.362,.478,.460,.419,.355,.515,.050,53,.145,.478,1,0,AS,lavinza01
44,Zion Williamson,20,NOP,PF,61,61,2026,.611,3.4,.967,.696,.257,.012,.002,.033,.622,.701,.419,.500,.000,.294,.553,1.000,.130,123,.029,1.000,1,0,AS,willizi01
45,Tobias Harris,28,PHI,PF,62,62,2014,.512,11.7,.775,.220,.313,.144,.098,.225,.546,.709,.474,.511,.462,.394,.358,.817,.043,35,.202,.452,0,0,,harrito02
46,Giannis Antetokounmpo,26,MIL,PF,61,61,2013,.569,9.5,.799,.451,.193,.094,.062,.201,.636,.837,.401,.359,.324,.303,.428,.299,.169,178,.045,.300,0,0,MVP-4DPOY-5ASNBA1DEF1,antetgi01
47,Pascal Siakam,26,TOR,PF,56,56,2006,.455,11.6,.744,.241,.324,.091,.088,.256,.509,.690,.424,.425,.412,.297,.341,.836,.041,36,.215,.283,1,0,,siakapa01
48,Jaylen Brown,24,BOS,SG,58,58,1999,.484,14.3,.630,.195,.239,.110,.086,.370,.536,.700,.442,.484,.490,.397,.453,.798,.024,23,.158,.400,2,0,AS,brownja02
49,Dillon Brooks,25,MEM,SF,67,67,1997,.419,15.0,.639,.155,.167,.229,.088,.361,.461,.606,.395,.411,.462,.344,.513,.867,.028,29,.159,.559,0,0,,brookdi01
50,Kelly Olynyk,29,2TM,PF,70,62,1997,.484,15.3,.472,.286,.135,.030,.022,.528,.641,.769,.479,.286,.467,.342,.739,.937,.032,20,.158,.276,0,0,,olynyke01
51,Tim Hardaway Jr.,28,DAL,SG,70,31,1985,.447,18.5,.419,.158,.099,.075,.088,.581,.524,.715,.400,.426,.400,.391,.545,.841,.036,28,.185,.388,3,0,6MOY-5,hardati02
52,Patrick Williams,19,CHI,PF,71,71,1983,.483,12.2,.739,.290,.178,.133,.138,.261,.515,.673,.394,.443,.411,.391,.736,.981,.102,51,.413,.421,1,1,,willipa01
53,Draymond Green,30,GSW,PF,63,63,1982,.447,12.2,.668,.347,.218,.050,.053,.332,.535,.667,.458,.211,.300,.270,.618,.971,.076,27,.127,.375,2,0,DPOY-3DEF1,greendr01
54,Keldon Johnson,21,SAS,SF,69,67,1968,.479,9.7,.743,.391,.277,.045,.030,.257,.531,.652,.374,.500,.429,.331,.673,.917,.047,27,.238,.279,2,0,,johnske04
55,Dennis Schröder,27,LAL,SG,61,61,1956,.437,12.7,.721,.250,.216,.170,.086,.279,.476,.600,.366,.457,.431,.335,.318,.887,.005,1,.142,.167,3,0,,schrode01
56,Kyle Kuzma,25,LAL,SF,68,32,1954,.443,16.0,.498,.240,.124,.063,.070,.502,.525,.687,.394,.292,.415,.361,.545,.927,.048,29,.295,.357,1,0,,kuzmaky01
57,P.J. Washington,22,CHO,PF,64,61,1954,.440,13.4,.577,.283,.233,.036,.025,.423,.480,.613,.375,.280,.235,.386,.805,.946,.087,48,.224,.415,1,0,,washipj01
58,Reggie Bullock,29,NYK,SF,65,64,1949,.442,20.8,.291,.087,.052,.061,.091,.709,.521,.633,.379,.500,.510,.410,.859,.975,.002,1,.317,.468,1,0,,bullore01
59,Danny Green,33,PHI,SF,69,69,1934,.412,21.5,.206,.059,.072,.042,.033,.794,.438,.500,.333,.565,.389,.405,.673,.920,.004,2,.456,.442,2,0,,greenda02
60,Miles Bridges,22,CHO,PF,66,19,1932,.503,14.0,.534,.338,.141,.019,.035,.466,.593,.729,.420,.167,.227,.400,.716,.819,.145,82,.324,.436,3,0,6MOY-12,bridgmi02
61,Malcolm Brogdon,28,IND,PG,56,56,1930,.453,14.3,.618,.309,.111,.081,.117,.382,.493,.554,.404,.443,.452,.388,.247,.662,.009,8,.107,.475,0,0,,brogdma01
62,Dorian Finney-Smith,27,DAL,PF,60,60,1921,.472,17.2,.352,.234,.086,.013,.019,.648,.616,.752,.375,.500,.111,.394,.614,.966,.067,26,.440,.368,0,0,,finnedo01
63,Michael Porter Jr.,22,DEN,SF,61,54,1912,.542,15.9,.532,.226,.131,.073,.102,.468,.628,.838,.486,.417,.494,.445,.714,.918,.095,75,.230,.489,2,0,,portemi01
64,Saddiq Bey,21,DET,SF,70,53,1909,.404,19.0,.334,.158,.097,.049,.030,.666,.450,.596,.313,.294,.381,.380,.490,.926,.035,22,.228,.390,2,0,ROY-4,beysa01
65,Jrue Holiday,30,MIL,PG,59,56,1907,.503,13.1,.656,.279,.199,.108,.069,.344,.561,.704,.433,.528,.404,.392,.330,.541,.010,6,.177,.360,2,0,DPOY-8DEF1,holidjr01
66,Brook Lopez,32,MIL,C,70,70,1902,.503,14.2,.561,.263,.211,.064,.023,.439,.632,.774,.511,.488,.533,.338,.692,.958,.111,66,.270,.408,0,0,,lopezbr01
67,Kentavious Caldwell-Pope,27,LAL,SG,67,67,1902,.431,17.6,.421,.204,.073,.042,.103,.579,.460,.602,.378,.238,.327,.410,.816,.950,.018,7,.396,.431,0,0,DPOY-11,caldwke01
68,Fred VanVleet,26,TOR,SG,52,52,1899,.389,18.2,.453,.174,.115,.069,.095,.547,.416,.530,.260,.433,.386,.366,.305,.661,.000,0,.107,.255,3,0,,vanvlfr01
69,Clint Capela,26,ATL,C,63,63,1898,.594,2.4,1.000,.709,.269,.017,.004,.000,.594,.684,.385,.250,.333,,.668,,.259,168,,,0,0,DPOY-6,capelca01
70,Kyle Anderson,27,MEM,PF,69,69,1887,.468,14.8,.603,.158,.220,.149,.076,.397,.539,.654,.497,.541,.420,.360,.449,.862,.012,7,.425,.369,1,0,,anderky01
71,Kyrie Irving,28,BRK,PG,54,54,1886,.506,14.6,.652,.195,.196,.159,.101,.348,.561,.623,.535,.520,.555,.402,.234,.579,.005,3,.071,.370,0,0,ASNBA3,irvinky01
72,Ben Simmons,24,PHI,PG,58,58,1877,.557,4.3,.983,.527,.383,.070,.003,.017,.562,.687,.426,.366,.500,.300,.407,1.000,.153,85,.300,.333,0,0,MVP-12DPOY-2ASDEF1,simmobe01
73,Joe Ingles,33,UTA,SF,67,30,1867,.489,19.8,.278,.105,.137,.025,.011,.722,.590,.729,.506,.571,.333,.451,.315,.716,.002,1,.209,.506,1,0,6MOY-2,inglejo01
74,Jarrett Allen,22,2TM,C,63,45,1864,.618,3.8,.961,.600,.276,.056,.029,.039,.631,.761,.436,.407,.214,.316,.723,1.000,.288,127,.368,.286,0,0,,allenja01
75,Dwayne Bacon,25,ORL,SG,72,50,1853,.402,12.9,.715,.236,.226,.143,.110,.285,.449,.579,.402,.394,.338,.285,.408,.593,.014,8,.155,.219,0,0,,bacondw01
76,John Collins,23,ATL,PF,63,63,1848,.556,10.9,.730,.345,.204,.132,.049,.270,.615,.752,.459,.549,.474,.399,.723,.988,.147,99,.255,.396,0,0,,collijo01
77,Jakob Poeltl,25,SAS,C,69,51,1845,.616,3.7,1.000,.581,.333,.074,.012,.000,.616,.720,.490,.438,.200,,.755,,.100,40,,,0,0,,poeltja01
78,Jeff Green,34,BRK,PF,68,38,1835,.492,14.4,.528,.281,.149,.072,.026,.472,.564,.725,.329,.526,.286,.412,.728,.951,.077,39,.420,.438,3,0,,greenje02
79,Nicolas Batum,32,LAC,SF,67,38,1835,.464,19.1,.340,.177,.024,.053,.085,.660,.579,.699,.600,.455,.400,.404,.778,.991,.046,18,.434,.432,0,0,,batumni01
80,Jerami Grant,26,DET,SF,54,54,1829,.429,14.6,.647,.207,.197,.100,.143,.353,.473,.668,.386,.366,.383,.350,.537,.930,.044,37,.198,.369,0,0,,grantje01
81,Paul George,30,LAC,SF,54,54,1821,.467,16.2,.563,.185,.146,.113,.120,.437,.510,.636,.403,.444,.509,.411,.277,.673,.024,19,.180,.560,4,0,ASNBA3,georgpa01
82,Jordan Clarkson,28,UTA,SG,68,1,1818,.425,17.2,.443,.090,.270,.074,.008,.557,.523,.670,.497,.488,.111,.347,.165,.630,.013,11,.172,.301,1,0,6MOY-1,clarkjo01
83,Donte DiVincenzo,24,MIL,SG,66,66,1814,.420,17.2,.426,.257,.083,.053,.033,.574,.475,.574,.340,.281,.350,.379,.533,.779,.020,8,.176,.426,1,0,,divindo01
84,Gary Trent Jr.,22,2TM,SG,58,38,1802,.408,18.4,.454,.101,.117,.113,.122,.546,.435,.646,.359,.393,.375,.385,.484,.806,.013,7,.186,.425,1,0,,trentga02
85,Rui Hachimura,22,WAS,PF,57,57,1797,.478,12.3,.789,.221,.238,.154,.176,.211,.519,.748,.442,.430,.412,.328,.740,1.000,.100,58,.307,.286,0,0,,hachiru01
86,T.J. McConnell,28,IND,PG,69,3,1796,.559,8.4,.902,.331,.341,.188,.043,.098,.586,.654,.545,.554,.524,.313,.363,.800,.000,0,.396,.421,1,0,6MOY-11,mccontj01
87,Josh Richardson,27,DAL,SG,59,56,1790,.427,16.2,.568,.160,.160,.150,.097,.432,.501,.677,.404,.495,.383,.330,.443,.830,.010,5,.180,.292,1,0,,richajo01
88,Darius Garland,21,CLE,PG,54,50,1790,.451,13.1,.668,.238,.269,.111,.050,.332,.479,.586,.444,.393,.350,.395,.307,.705,.001,1,.173,.435,0,0,,garlada01
89,Richaun Holmes,27,SAC,C,61,61,1782,.637,6.9,.981,.405,.283,.257,.035,.019,.645,.747,.552,.622,.400,.182,.816,1.000,.165,91,.182,.000,1,0,,holmeri01
90,Théo Maledon,19,OKC,PG,65,49,1778,.368,16.8,.490,.171,.164,.107,.047,.510,.402,.419,.376,.424,.379,.335,.331,.781,.003,1,.128,.375,3,0,,maledth01
91,Kawhi Leonard,29,LAC,SF,52,52,1773,.512,13.9,.720,.186,.188,.215,.131,.280,.557,.775,.520,.467,.445,.398,.286,.713,.069,60,.169,.512,1,0,MVP-13ASNBA1DEF2,leonaka01
92,Ricky Rubio,30,MIN,PG,68,51,1772,.388,14.8,.570,.221,.149,.131,.070,.430,.447,.582,.338,.415,.314,.308,.394,.939,.002,1,.327,.343,0,0,,rubiori01
93,Donovan Mitchell,24,UTA,PG,53,53,1771,.438,16.0,.577,.157,.219,.093,.108,.423,.476,.608,.418,.451,.424,.386,.150,.500,.022,14,.104,.375,4,0,AS,mitchdo01
94,Enes Freedom,28,POR,C,72,35,1758,.604,2.7,.993,.695,.275,.016,.007,.007,.607,.695,.416,.222,.250,.250,.459,1.000,.032,16,.000,,1,0,6MOY-10,kanteen01
95,Jonas Valančiūnas,28,MEM,C,62,61,1755,.592,6.1,.923,.460,.351,.087,.024,.077,.611,.690,.536,.508,.556,.368,.580,.857,.089,61,.175,.400,0,0,,valanjo01
96,Delon Wright,28,2TM,PG,63,39,1748,.463,11.6,.668,.332,.259,.064,.014,.332,.509,.645,.373,.364,.429,.372,.301,.781,.010,5,.198,.353,1,0,,wrighde01
97,Lonzo Ball,23,NOP,PG,55,55,1747,.414,19.4,.350,.153,.057,.063,.077,.650,.482,.626,.300,.386,.407,.378,.415,.837,.011,8,.200,.396,2,0,,balllo01
98,Tyrese Haliburton,20,SAC,PG,58,20,1746,.472,17.1,.522,.139,.170,.126,.087,.478,.529,.674,.514,.436,.463,.409,.322,.785,.029,17,.270,.438,6,0,ROY-3,halibty01
99,Jimmy Butler,31,MIA,SF,52,52,1745,.497,9.3,.861,.327,.289,.166,.079,.139,.538,.722,.441,.426,.362,.245,.358,.680,.053,39,.333,.265,2,0,DPOY-10NBA3DEF2,butleji01
100,Will Barton,30,DEN,SF,56,52,1736,.426,14.5,.577,.227,.211,.072,.067,.423,.459,.630,.297,.455,.390,.381,.484,.745,.035,19,.183,.489,1,0,,bartowi01
101,Darius Bazley,20,OKC,PF,55,55,1714,.396,13.3,.586,.306,.197,.039,.043,.414,.470,.621,.287,.370,.333,.290,.500,.831,.072,44,.217,.242,1,0,,bazleda01
102,Jamal Murray,23,DEN,PG,48,48,1704,.477,16.9,.601,.124,.144,.145,.188,.399,.523,.816,.465,.496,.396,.408,.333,.581,.027,19,.136,.488,1,0,,murraja01
103,Jalen Brunson,24,DAL,PG,68,12,1697,.523,13.3,.681,.214,.228,.161,.078,.319,.578,.799,.420,.525,.551,.405,.235,.864,.002,0,.280,.500,0,0,6MOY-4,brunsja01
104,Carmelo Anthony,36,POR,PF,69,3,1690,.421,18.1,.582,.062,.080,.236,.205,.418,.429,.500,.403,.448,.396,.409,.278,.782,.012,8,.197,.438,0,0,6MOY-7,anthoca01
105,Karl-Anthony Towns,25,MIN,C,50,50,1689,.486,12.9,.640,.285,.238,.067,.050,.360,.541,.663,.476,.356,.409,.387,.558,.934,.061,47,.079,.280,0,0,,townska01
106,Kelly Oubre Jr.,25,GSW,SF,55,50,1687,.439,13.2,.606,.267,.238,.062,.040,.394,.519,.720,.355,.422,.310,.316,.675,.944,.133,84,.354,.386,0,0,,oubreke01
107,Patty Mills,32,SAS,PG,68,1,1685,.412,20.7,.298,.111,.057,.028,.101,.702,.500,.574,.457,.353,.484,.375,.549,.783,.000,0,.147,.460,0,0,,millspa02
108,Devonte' Graham,25,CHO,PG,55,44,1659,.377,21.8,.287,.075,.052,.072,.088,.713,.380,.440,.286,.354,.407,.375,.397,.771,.001,1,.103,.490,1,0,,grahade01
109,Thaddeus Young,32,CHI,PF,68,23,1652,.559,5.7,.932,.446,.424,.044,.018,.068,.580,.678,.505,.414,.333,.267,.570,1.000,.038,22,.489,.318,3,0,6MOY-14,youngth01
110,Kendrick Nunn,25,MIA,PG,56,44,1650,.485,16.1,.514,.229,.120,.087,.078,.486,.583,.755,.405,.421,.529,.381,.452,.852,.021,12,.188,.317,1,0,,nunnke01
111,Jae Crowder,30,PHO,PF,60,42,1648,.404,21.9,.228,.075,.049,.030,.073,.772,.455,.649,.417,.267,.361,.389,.804,.959,.006,2,.255,.402,0,0,,crowdja01
112,Seth Curry,30,PHI,SG,57,57,1638,.467,19.3,.493,.083,.111,.096,.203,.507,.485,.630,.426,.509,.446,.450,.591,.857,.000,0,.157,.636,1,0,,curryse01
113,Tyler Herro,21,MIA,SG,54,15,1635,.439,16.5,.575,.163,.160,.109,.143,.425,.498,.667,.455,.408,.420,.360,.460,.729,.011,7,.138,.463,4,0,,herroty01
114,Doug McDermott,29,IND,PF,66,29,1619,.532,12.8,.570,.397,.141,.018,.014,.430,.641,.716,.500,.417,.222,.388,.774,1.000,.041,26,.231,.424,0,0,,mcderdo01
115,Ivica Zubac,23,LAC,C,72,33,1609,.652,2.9,.990,.683,.287,.010,.010,.010,.656,.729,.504,.500,.250,.250,.734,1.000,.406,139,.000,,1,0,,zubaciv01
116,James Harden,31,2TM,PG,44,43,1609,.466,15.0,.545,.238,.257,.040,.010,.455,.553,.674,.455,.448,.571,.362,.167,.248,.007,4,.045,.333,2,0,MVP-13AS,hardeja01
117,Steven Adams,27,NOP,C,58,58,1605,.614,3.9,.990,.646,.276,.068,.000,.010,.620,.693,.494,.429,,.000,.598,,.182,51,.000,,3,0,,adamsst01
118,Kyle Lowry,34,TOR,PG,46,46,1601,.436,18.5,.445,.149,.129,.074,.092,.555,.487,.685,.364,.409,.400,.396,.349,.687,.000,0,.082,.481,1,0,,lowryky01
119,Daniel Theis,28,2TM,C,65,51,1601,.541,12.5,.674,.315,.157,.124,.077,.326,.646,.776,.548,.500,.556,.322,.818,1.000,.165,71,.217,.273,1,0,,theisda01
120,CJ McCollum,29,POR,SG,47,47,1600,.458,17.5,.525,.106,.152,.140,.127,.475,.509,.596,.455,.500,.509,.402,.301,.615,.003,2,.143,.450,0,0,,mccolcj01
121,Joel Embiid,26,PHI,C,51,51,1585,.513,11.8,.829,.219,.227,.246,.137,.171,.541,.736,.441,.480,.504,.377,.429,.879,.050,41,.045,.571,1,0,MVP-2DPOY-7ASNBA2DEF2,embiijo01
122,Marcus Smart,26,BOS,PG,48,45,1581,.398,17.9,.447,.129,.178,.084,.055,.553,.482,.515,.495,.419,.464,.330,.291,.871,.006,1,.131,.486,3,0,,smartma01
123,Montrezl Harrell,27,LAL,C,69,1,1580,.622,4.7,.983,.577,.259,.114,.033,.017,.632,.750,.506,.435,.250,.000,.605,,.214,118,.100,.000,1,0,6MOY-6,harremo01
124,Pat Connaughton,28,MIL,SG,69,4,1575,.434,19.5,.297,.204,.062,.013,.018,.703,.583,.709,.333,.400,.143,.371,.791,.970,.028,9,.221,.383,1,0,,connapa01
125,Josh Jackson,23,DET,SG,62,25,1560,.419,13.4,.636,.267,.221,.064,.085,.364,.487,.619,.385,.333,.450,.300,.457,.922,.038,23,.268,.319,2,0,,jacksjo02
126,Nerlens Noel,26,NYK,C,64,41,1547,.614,3.7,.987,.686,.202,.081,.018,.013,.623,.706,.489,.278,.500,.000,.737,,.390,76,.333,.000,0,0,,noelne01
127,Reggie Jackson,30,LAC,SG,67,43,1544,.450,16.2,.518,.188,.166,.094,.070,.482,.465,.609,.361,.345,.488,.433,.262,.844,.015,8,.220,.500,1,0,,jacksre01
128,Luguentz Dort,21,OKC,SG,52,52,1543,.387,15.4,.485,.233,.196,.036,.020,.515,.432,.564,.296,.391,.308,.343,.455,.894,.011,7,.134,.432,0,0,,dortlu01
129,Khem Birch,28,2TM,C,67,22,1529,.497,8.4,.863,.342,.342,.132,.047,.137,.537,.692,.431,.460,.389,.250,.761,1.000,.137,46,.654,.294,0,0,,birchkh01
130,Garrett Temple,34,CHI,SG,56,25,1528,.415,16.1,.475,.236,.087,.073,.079,.525,.503,.611,.424,.393,.367,.335,.670,.955,.003,0,.470,.362,0,0,,templga01
131,Lonnie Walker IV,22,SAS,SG,60,38,1522,.420,16.2,.537,.227,.108,.092,.110,.463,.477,.572,.424,.411,.388,.355,.545,.900,.026,13,.152,.349,1,0,,walkelo01
132,Desmond Bane,22,MEM,SG,68,17,1519,.469,17.0,.457,.176,.132,.094,.054,.543,.513,.614,.485,.426,.407,.432,.709,.932,.012,5,.262,.493,0,0,,banede01
133,Solomon Hill,29,ATL,PF,71,16,1513,.359,19.0,.289,.164,.081,.017,.027,.711,.453,.571,.333,.200,.250,.321,.590,1.000,.027,6,.392,.301,1,0,,hillso01
134,Jaden McDaniels,20,MIN,PF,63,27,1511,.447,16.0,.460,.229,.139,.049,.044,.540,.544,.690,.412,.500,.250,.364,.707,.972,.114,32,.338,.403,1,0,,mcdanja02
135,Cedi Osman,25,CLE,SF,59,26,1510,.374,16.3,.447,.234,.147,.051,.015,.553,.458,.569,.314,.400,.333,.306,.617,.859,.012,7,.191,.323,0,0,,osmande01
136,LeBron James,36,LAL,PG,45,45,1504,.513,13.9,.654,.318,.118,.104,.113,.346,.591,.782,.474,.384,.366,.365,.327,.519,.062,48,.077,.455,0,0,MVP-13ASNBA2,jamesle01
137,Marcus Morris,31,LAC,PF,57,29,1502,.473,18.4,.493,.082,.098,.200,.113,.507,.472,.604,.316,.504,.455,.473,.456,.936,.007,3,.318,.564,3,0,,morrima03
138,Mason Plumlee,30,DET,C,56,56,1499,.614,4.6,.982,.575,.304,.052,.050,.018,.626,.795,.422,.250,.316,.000,.722,,.281,99,.571,.000,0,0,,plumlma01
139,Mike Conley,33,UTA,PG,51,51,1498,.444,17.2,.477,.109,.209,.117,.041,.523,.479,.557,.478,.440,.385,.412,.253,.594,.000,0,.179,.433,3,0,AS,conlemi01
140,Gordon Hayward,30,CHO,SF,44,44,1496,.473,13.7,.688,.213,.198,.161,.117,.312,.499,.671,.392,.453,.429,.415,.606,.871,.033,21,.176,.639,0,0,,haywago01
141,Caris LeVert,26,2TM,SG,47,39,1486,.441,13.3,.683,.224,.206,.189,.064,.317,.495,.659,.345,.513,.346,.326,.375,.560,.021,17,.143,.297,1,0,,leverca01
142,Elfrid Payton,26,NYK,PG,63,63,1484,.432,8.4,.842,.368,.339,.093,.042,.158,.460,.576,.393,.293,.346,.286,.270,.964,.014,7,.398,.308,0,0,,paytoel01
143,LaMelo Ball,19,CHO,PG,51,31,1469,.436,13.7,.612,.302,.174,.095,.040,.388,.489,.576,.419,.375,.407,.352,.284,.728,.018,8,.161,.357,1,0,ROY-1,ballla01
144,Dāvis Bertāns,28,WAS,PF,57,7,1464,.404,24.8,.105,.036,.040,.013,.017,.895,.480,.706,.474,.167,.250,.395,.750,.970,.010,4,.143,.443,3,0,,bertada01
145,Shake Milton,24,PHI,SG,63,4,1461,.450,13.9,.696,.193,.214,.181,.106,.304,.494,.620,.420,.479,.437,.350,.362,.803,.000,0,.182,.432,0,0,6MOY-12,miltosh01
146,Isaiah Stewart,19,DET,C,68,14,1455,.553,7.4,.846,.494,.252,.066,.034,.154,.592,.644,.524,.556,.429,.333,.659,1.000,.108,37,.079,.200,0,0,,stewais01
147,Myles Turner,24,IND,C,47,47,1455,.477,14.3,.523,.329,.148,.028,.019,.477,.606,.725,.438,.333,.250,.335,.759,1.000,.063,26,.218,.311,0,0,DPOY-9,turnemy01
148,Chris Boucher,28,TOR,C,60,14,1453,.514,12.8,.580,.382,.154,.014,.030,.420,.609,.692,.465,.500,.353,.383,.687,.978,.096,46,.140,.333,0,0,6MOY-8,bouchch01
149,Bruce Brown,24,BRK,PG,65,37,1451,.556,6.4,.861,.513,.286,.057,.005,.139,.599,.700,.479,.292,.500,.288,.752,1.000,.054,22,.746,.295,0,0,,brownbr01
150,Cory Joseph,29,2TM,PG,63,13,1446,.469,12.7,.690,.218,.254,.143,.075,.310,.527,.753,.463,.328,.469,.341,.335,.889,.000,0,.303,.400,0,0,,josepco01
151,Cameron Johnson,24,PHO,PF,60,11,1437,.420,19.5,.306,.143,.066,.054,.043,.694,.581,.754,.500,.346,.429,.349,.837,.983,.046,20,.379,.425,1,0,,johnsca02
152,OG Anunoby,23,TOR,SF,43,43,1433,.480,14.8,.497,.256,.173,.040,.027,.503,.562,.759,.344,.381,.357,.398,.510,.971,.116,55,.467,.410,1,0,,anunoog01
153,Kenrich Williams,26,OKC,PF,66,13,1426,.533,11.8,.715,.324,.207,.102,.083,.285,.568,.729,.447,.429,.412,.444,.473,.904,.027,10,.333,.590,1,0,,willike04
154,Facundo Campazzo,29,DEN,PG,65,19,1425,.381,19.6,.314,.105,.137,.054,.019,.686,.444,.636,.419,.235,.167,.352,.273,.842,.000,0,.269,.448,2,0,6MOY-15,campafa01
155,Isaiah Roby,22,OKC,PF,61,34,1425,.483,9.5,.746,.424,.254,.051,.016,.254,.547,.643,.422,.409,.429,.294,.554,.906,.114,44,.174,.474,2,0,,robyis01
156,Lou Williams,34,2TM,PG,66,4,1423,.410,14.3,.732,.132,.203,.226,.172,.268,.414,.624,.359,.404,.333,.399,.276,.580,.000,0,.283,.408,0,0,,willilo02
157,Brandon Clarke,24,MEM,PF,59,16,1415,.517,8.0,.844,.412,.279,.131,.022,.156,.565,.725,.428,.385,.364,.260,.814,1.000,.145,59,.597,.261,0,0,,clarkbr01
158,Raul Neto,28,WAS,PG,64,22,1403,.468,13.7,.633,.172,.315,.105,.040,.367,.512,.610,.489,.511,.278,.390,.421,.938,.000,0,.274,.356,2,0,,netora01
159,Landry Shamet,23,BRK,SG,61,12,1403,.408,20.4,.270,.116,.053,.061,.039,.730,.463,.585,.375,.357,.389,.387,.649,.984,.020,8,.282,.457,1,0,,shamela01
160,Aaron Gordon,25,2TM,PF,50,50,1384,.463,13.2,.647,.283,.166,.132,.066,.353,.533,.709,.398,.439,.303,.335,.494,.831,.114,52,.188,.333,3,0,,gordoaa01
161,Wendell Carter Jr.,21,2TM,C,54,44,1375,.503,8.3,.888,.400,.256,.158,.074,.112,.530,.689,.444,.361,.324,.294,.767,.933,.112,48,.196,.400,0,0,,cartewe01
162,Bobby Portis,25,MIL,C,66,7,1372,.523,12.4,.737,.264,.194,.162,.117,.263,.542,.671,.457,.495,.457,.471,.536,1.000,.062,27,.382,.467,0,0,6MOY-9,portibo01
163,Kemba Walker,30,BOS,PG,43,43,1369,.420,18.0,.478,.126,.157,.090,.105,.522,.486,.741,.377,.475,.352,.360,.268,.551,.000,0,.057,.400,3,0,,walkeke02
164,Rudy Gay,34,SAS,PF,63,1,1358,.420,17.1,.557,.121,.139,.172,.126,.443,.451,.605,.448,.407,.367,.381,.405,.896,.037,19,.183,.314,2,0,,gayru01
165,P.J. Tucker,35,2TM,PF,52,33,1356,.373,17.5,.328,.186,.096,.034,.011,.672,.448,.515,.412,.167,.500,.336,.808,1.000,.000,0,.849,.347,0,0,,tuckepj01
166,Robin Lopez,32,WAS,C,71,9,1354,.633,5.4,.958,.318,.595,.042,.000,.042,.649,.696,.648,.333,,.278,.617,1.000,.080,32,.722,.154,0,0,,lopezro01
167,Bryn Forbes,27,MIL,SG,70,10,1354,.473,21.0,.355,.045,.078,.091,.142,.645,.511,.542,.390,.604,.507,.452,.667,.968,.002,1,.229,.449,0,0,,forbebr01
168,Bismack Biyombo,28,CHO,C,66,36,1349,.587,2.8,.996,.698,.256,.037,.004,.004,.589,.692,.355,.333,.000,.000,.873,,.318,70,1.000,.000,0,0,,biyombi01
169,Josh Hart,25,NOP,SF,47,4,1349,.439,16.1,.439,.302,.061,.026,.049,.561,.583,.654,.381,.556,.412,.326,.591,.984,.035,12,.342,.303,1,1,,hartjo01
170,Naz Reid,21,MIN,C,70,15,1347,.523,10.0,.701,.418,.263,.017,.002,.299,.597,.704,.464,.100,.000,.351,.626,1.000,.084,43,.224,.333,1,0,,reidna01
171,Terrence Ross,29,ORL,SG,46,2,1347,.412,18.3,.571,.063,.120,.172,.216,.429,.469,.744,.365,.538,.391,.337,.485,.775,.023,11,.106,.286,1,0,,rosste01
172,Maxi Kleber,29,DAL,PF,50,40,1341,.422,20.9,.229,.102,.047,.055,.025,.771,.460,.643,.154,.467,.286,.410,.793,1.000,.044,8,.316,.418,0,0,,klebima01
173,Andre Iguodala,37,MIA,SF,63,5,1339,.383,20.3,.266,.149,.048,.032,.036,.734,.530,.649,.500,.250,.333,.330,.800,.933,.077,17,.478,.391,5,0,,iguodan01
174,Goran Dragić,34,MIA,PG,50,11,1337,.432,15.3,.560,.205,.164,.142,.049,.440,.479,.588,.396,.456,.370,.373,.322,.802,.000,0,.172,.548,1,0,,dragigo01
175,Kent Bazemore,31,GSW,SF,67,18,1333,.449,15.3,.531,.214,.168,.061,.087,.469,.486,.643,.485,.292,.235,.408,.624,.907,.010,4,.527,.392,0,0,,bazemke01
176,Kristaps Porziņģis,25,DAL,C,43,43,1327,.476,15.1,.622,.223,.154,.157,.089,.378,.536,.750,.457,.402,.377,.376,.711,.969,.101,59,.062,.625,3,0,,porzikr01
177,Christian Wood,25,HOU,C,41,41,1326,.514,12.3,.678,.336,.195,.069,.078,.322,.581,.805,.352,.455,.300,.374,.687,.870,.158,91,.155,.406,0,0,,woodch01
178,Svi Mykhailiuk,23,2TM,SF,66,14,1324,.411,17.9,.379,.209,.105,.040,.026,.621,.536,.660,.302,.500,.538,.334,.563,.886,.030,14,.223,.414,1,0,,mykhasv01
179,Derrick Jones Jr.,23,POR,SF,58,43,1318,.484,12.0,.553,.467,.079,.003,.003,.447,.619,.662,.375,1.000,.000,.316,.673,.977,.197,50,.522,.310,1,0,,jonesde02
180,Lauri Markkanen,23,CHI,PF,51,26,1317,.480,16.2,.432,.240,.146,.033,.013,.568,.582,.672,.553,.235,.143,.402,.725,.992,.071,33,.213,.540,1,0,,markkla01
181,Tomáš Satoranský,29,CHI,SG,58,18,1307,.514,13.3,.641,.261,.213,.116,.052,.359,.602,.779,.457,.395,.765,.356,.425,1.000,.036,11,.305,.444,2,0,,satorto01
182,Bogdan Bogdanović,28,ATL,SG,44,27,1305,.473,18.7,.411,.110,.108,.122,.071,.589,.522,.629,.459,.464,.550,.438,.397,.836,.000,0,.216,.556,0,0,,bogdabo01
183,Talen Horton-Tucker,20,LAL,SG,65,4,1304,.458,10.3,.732,.413,.211,.072,.037,.268,.522,.639,.359,.486,.222,.282,.348,.730,.049,15,.214,.179,1,0,,hortota01
184,Matisse Thybulle,23,PHI,SG,65,8,1298,.420,16.1,.412,.255,.123,.025,.008,.588,.590,.742,.367,.167,.500,.301,.661,1.000,.128,27,.434,.242,0,0,DPOY-11DEF2,thybuma01
185,John Wall,30,HOU,PG,40,40,1288,.404,14.2,.657,.293,.139,.054,.171,.343,.449,.568,.386,.385,.315,.317,.084,.709,.015,10,.064,.438,1,0,,walljo01
186,Tristan Thompson,29,BOS,C,54,43,1287,.518,4.5,.991,.472,.466,.046,.006,.009,.523,.571,.480,.467,.500,.000,.544,,.095,26,.000,,2,0,,thomptr01
187,Derrick Rose,32,2TM,PG,50,3,1279,.470,12.1,.789,.237,.241,.164,.147,.211,.492,.517,.456,.510,.489,.388,.228,.860,.000,0,.147,.316,0,0,MVP-96MOY-3,rosede01
188,Cole Anthony,20,ORL,PG,47,34,1273,.397,13.3,.688,.185,.292,.129,.083,.312,.424,.588,.298,.493,.391,.337,.112,.621,.013,4,.093,.313,0,0,,anthoco01
189,Payton Pritchard,23,BOS,SG,66,4,1268,.440,18.7,.407,.146,.139,.065,.057,.593,.482,.639,.379,.370,.458,.411,.378,.843,.000,0,.153,.447,1,0,,pritcpa01
190,Terance Mann,24,LAC,SG,67,10,1263,.509,10.4,.740,.371,.209,.109,.051,.260,.541,.708,.397,.342,.333,.418,.507,.842,.111,32,.571,.442,1,0,,mannte01
191,Grayson Allen,25,MEM,SG,50,38,1259,.418,19.2,.338,.123,.126,.070,.019,.662,.471,.667,.365,.414,.125,.391,.606,.907,.029,11,.172,.340,0,0,,allengr01
192,Evan Fournier,28,2TM,SF,42,36,1259,.457,17.9,.477,.137,.155,.092,.092,.523,.504,.595,.500,.460,.420,.413,.485,.786,.006,2,.155,.568,1,0,,fournev01
193,Deni Avdija,20,WAS,SF,54,32,1257,.417,16.6,.462,.144,.237,.045,.035,.538,.535,.733,.473,.214,.545,.315,.727,.962,.048,11,.274,.283,1,0,,avdijde01
194,Alec Burks,29,NYK,SG,49,5,1255,.420,16.8,.508,.146,.138,.128,.096,.492,.425,.507,.377,.422,.375,.415,.426,.686,.000,0,.301,.473,0,0,,burksal01
195,DeAndre Jordan,32,BRK,C,57,43,1246,.763,1.7,.996,.876,.108,.004,.008,.004,.766,.826,.370,.000,.000,.000,.800,,.610,137,.000,,0,0,,jordade01
196,Immanuel Quickley,21,NYK,PG,64,3,1243,.395,18.4,.478,.059,.209,.148,.062,.522,.401,.618,.397,.360,.306,.389,.198,.610,.005,3,.079,.375,0,0,,quickim01
197,Andre Drummond,27,2TM,C,46,46,1242,.493,3.6,.986,.589,.364,.026,.007,.014,.500,.576,.409,.200,.000,.000,.571,,.140,64,.000,,1,0,,drumman01
198,Luke Kennard,24,LAC,SG,63,17,1232,.476,18.9,.459,.089,.094,.143,.133,.541,.511,.757,.462,.475,.418,.446,.660,.800,.000,0,.295,.470,1,1,,kennalu01
199,Sterling Brown,25,HOU,SG,51,14,1229,.448,17.9,.358,.206,.099,.021,.033,.642,.492,.623,.364,.286,.182,.423,.542,.912,.021,6,.414,.371,3,0,,brownst02
200,Hamidou Diallo,22,2TM,SF,52,9,1226,.477,9.6,.826,.368,.274,.096,.087,.174,.505,.682,.395,.244,.390,.341,.434,.964,.060,28,.293,.292,1,1,,diallha01
201,Tyus Jones,24,MEM,PG,70,9,1222,.431,14.2,.661,.133,.225,.257,.046,.339,.487,.527,.484,.500,.316,.321,.293,.911,.000,0,.300,.310,0,0,,jonesty01
202,Danilo Gallinari,32,ATL,PF,51,4,1222,.434,19.4,.465,.084,.088,.152,.141,.535,.466,.650,.405,.472,.388,.406,.515,.932,.017,6,.094,.333,2,0,,gallida01
203,Alex Caruso,26,LAL,PG,58,6,1216,.436,14.8,.551,.246,.144,.102,.059,.449,.464,.653,.341,.323,.222,.401,.487,.927,.039,9,.409,.393,1,0,,carusal01
204,Malik Beasley,24,MIN,SG,37,36,1214,.440,16.4,.465,.192,.148,.075,.050,.535,.487,.600,.449,.267,.500,.399,.632,.875,.027,13,.268,.453,0,0,,beaslma01
205,Dean Wade,24,CLE,PF,63,19,1212,.431,18.7,.315,.209,.048,.032,.026,.685,.571,.662,.333,.500,.375,.366,.696,.974,.035,10,.235,.500,0,0,,wadede01
206,Markieff Morris,31,LAL,PF,61,27,1200,.405,17.6,.447,.132,.138,.119,.058,.553,.521,.700,.500,.444,.318,.311,.545,1.000,.016,5,.330,.333,1,0,,morrima02
207,Josh Okogie,22,MIN,SG,59,37,1197,.402,12.3,.575,.409,.134,.012,.020,.425,.500,.615,.235,.000,.200,.269,.603,1.000,.087,16,.398,.279,0,0,,okogijo01
208,Dwight Howard,35,PHI,C,69,6,1196,.587,4.4,.934,.670,.208,.023,.033,.066,.611,.665,.476,.286,.600,.250,.590,.800,.317,85,.150,.333,1,0,,howardw01
209,Monte Morris,25,DEN,PG,47,13,1196,.481,14.0,.654,.235,.186,.119,.114,.346,.534,.769,.333,.543,.364,.381,.400,.804,.003,1,.276,.270,2,0,,morrimo01
210,D'Angelo Russell,24,MIN,PG,42,26,1196,.431,17.9,.525,.121,.118,.124,.161,.475,.471,.658,.481,.346,.419,.387,.286,.592,.002,1,.084,.538,1,0,,russeda01
211,Blake Griffin,31,2TM,PF,46,30,1186,.423,14.9,.501,.265,.175,.029,.032,.499,.505,.633,.431,.167,.154,.341,.500,.757,.046,18,.180,.270,1,0,,griffbl01
212,Shai Gilgeous-Alexander,22,OKC,SG,35,35,1180,.508,11.6,.699,.333,.225,.097,.044,.301,.547,.633,.528,.382,.360,.418,.074,.296,.018,10,.076,.462,0,0,,gilgesh01
213,Aaron Holiday,24,IND,PG,66,8,1176,.390,14.5,.583,.239,.218,.076,.050,.417,.406,.481,.316,.333,.545,.368,.456,.925,.000,0,.170,.581,1,0,,holidaa01
214,Paul Millsap,35,DEN,PF,56,36,1162,.476,12.5,.643,.244,.309,.080,.010,.357,.550,.694,.500,.375,.000,.343,.613,.980,.040,13,.196,.464,0,0,,millspa01
215,Anthony Davis,27,LAL,PF,36,36,1162,.491,11.7,.837,.243,.204,.232,.158,.163,.536,.785,.536,.415,.330,.260,.575,.962,.098,54,.160,.625,1,0,AS,davisan02
216,Kevon Looney,24,GSW,C,61,34,1161,.548,6.3,.914,.548,.223,.086,.056,.086,.578,.722,.364,.353,.364,.235,.635,1.000,.137,26,.353,.167,0,0,,looneke01
217,Kevin Durant,32,BRK,PF,35,32,1157,.537,14.9,.687,.149,.154,.254,.129,.313,.577,.833,.473,.536,.487,.450,.477,.647,.066,38,.074,.643,0,0,AS,duranke01
218,Georges Niang,27,UTA,PF,72,10,1154,.437,19.8,.279,.067,.128,.072,.012,.721,.469,.593,.538,.276,.200,.425,.698,.992,.005,2,.360,.419,0,0,,niangge01
219,Jarred Vanderbilt,21,MIN,PF,64,30,1139,.606,2.6,.979,.780,.182,.017,.000,.021,.615,.717,.233,.000,,.200,.711,1.000,.195,40,.600,.333,0,0,,vandeja01
220,Grant Williams,22,BOS,PF,63,9,1138,.437,15.4,.478,.202,.202,.053,.020,.522,.508,.600,.500,.231,.400,.372,.683,1.000,.032,8,.434,.446,0,0,,willigr01
221,Chuma Okeke,22,ORL,PF,45,19,1133,.417,16.9,.565,.154,.157,.117,.136,.435,.470,.680,.333,.447,.409,.348,.407,.980,.022,7,.149,.381,3,0,,okekech01
222,Wesley Matthews,34,LAL,SG,58,10,1130,.353,21.2,.218,.099,.056,.028,.036,.782,.418,.680,.214,.286,.111,.335,.609,.970,.000,0,.289,.263,0,0,,matthwe02
223,D.J. Augustin,33,2TM,PG,57,12,1129,.394,18.9,.367,.146,.102,.073,.047,.633,.413,.540,.371,.280,.313,.382,.212,.711,.000,0,.194,.310,0,0,,augusdj01
224,JaMychal Green,30,DEN,PF,58,5,1120,.463,15.5,.471,.249,.158,.027,.037,.529,.534,.688,.407,.200,.286,.399,.585,1.000,.096,27,.273,.444,0,0,,greenja01
225,Marvin Bagley III,21,SAC,PF,43,42,1112,.504,8.8,.780,.373,.341,.041,.024,.220,.550,.727,.383,.550,.167,.343,.624,.919,.151,67,.426,.413,0,0,,baglema01
226,Juan Toscano-Anderson,27,GSW,SG,53,16,1107,.579,12.9,.560,.392,.158,.000,.010,.440,.718,.817,.455,,1.000,.402,.810,.973,.134,26,.304,.321,2,0,,toscaju01
227,Anfernee Simons,21,POR,SG,64,0,1104,.419,20.7,.297,.080,.110,.042,.065,.703,.403,.531,.295,.412,.423,.426,.125,.683,.010,3,.152,.535,0,0,,simonan01
228,Larry Nance Jr.,28,CLE,PF,35,27,1091,.471,13.5,.581,.313,.162,.059,.048,.419,.551,.682,.432,.250,.462,.360,.747,.951,.169,42,.281,.344,0,0,,nancela02
229,Aleksej Pokusevski,19,OKC,PF,45,28,1090,.341,17.5,.493,.137,.147,.120,.088,.507,.403,.554,.333,.408,.278,.280,.432,.914,.032,11,.193,.325,1,0,,pokusal01
230,PJ Dozier,24,DEN,SG,50,6,1088,.417,14.5,.580,.239,.186,.076,.079,.420,.490,.682,.364,.259,.429,.315,.564,.872,.051,12,.315,.298,2,0,,doziepj01
231,Xavier Tillman Sr.,22,MEM,PF,59,12,1085,.559,9.8,.783,.348,.254,.157,.023,.217,.620,.731,.526,.574,.286,.338,.828,1.000,.104,26,.523,.353,1,0,,tillmxa01
232,Victor Oladipo,28,3TM,SG,33,33,1080,.408,14.9,.585,.247,.156,.085,.097,.415,.466,.655,.356,.306,.304,.326,.357,.654,.030,14,.151,.306,0,0,,oladivi01
233,Gary Harris,26,2TM,SG,39,38,1080,.400,14.3,.591,.235,.191,.067,.099,.409,.441,.605,.318,.391,.324,.340,.633,.854,.032,10,.333,.426,0,0,,harriga01
234,Cameron Payne,26,PHO,PG,60,1,1079,.484,15.1,.580,.159,.253,.124,.043,.420,.515,.667,.430,.490,.529,.440,.280,.685,.000,0,.133,.455,2,0,,payneca01
235,Damion Lee,28,GSW,SG,57,1,1079,.467,20.3,.292,.080,.091,.091,.029,.708,.638,.773,.680,.520,.500,.397,.863,.961,.007,2,.309,.450,0,0,,leeda03
236,Terence Davis,23,2TM,SG,61,4,1074,.428,16.6,.414,.235,.136,.011,.033,.586,.513,.636,.323,.600,.400,.367,.505,.827,.044,20,.217,.431,0,0,,daviste02
237,KJ Martin,20,HOU,SF,45,8,1068,.509,9.7,.698,.469,.214,.013,.003,.302,.572,.711,.294,.250,.000,.365,.701,1.000,.226,63,.292,.286,1,0,,martike04
238,Derrick White,26,SAS,SG,36,32,1064,.411,16.9,.464,.143,.210,.082,.029,.536,.486,.646,.474,.270,.385,.346,.480,.869,.009,4,.177,.488,0,0,,whitede01
239,Furkan Korkmaz,23,PHI,SG,55,11,1062,.401,19.5,.366,.137,.090,.064,.075,.634,.445,.655,.289,.333,.344,.375,.449,.941,.026,10,.249,.403,4,0,,korkmfu01
240,Devin Vassell,20,SAS,SF,62,7,1056,.406,17.5,.505,.125,.086,.168,.125,.495,.464,.658,.500,.431,.289,.347,.648,.942,.053,14,.420,.413,0,0,,vassede01
241,Brad Wanamaker,31,2TM,PG,61,0,1053,.385,11.9,.716,.311,.227,.064,.114,.284,.463,.602,.338,.316,.412,.188,.545,.688,.017,5,.047,.000,0,0,,wanambr01
242,Timothé Luwawu-Cabarrot,25,BRK,SF,58,7,1050,.365,18.2,.329,.208,.062,.028,.031,.671,.470,.568,.318,.100,.455,.314,.691,.987,.014,3,.351,.310,0,0,,luwawti01
243,De'Anthony Melton,22,MEM,PG,52,1,1045,.438,16.9,.463,.163,.155,.104,.041,.537,.467,.609,.295,.561,.313,.412,.412,.793,.033,12,.213,.467,0,0,,meltode01
244,James Johnson,33,2TM,PF,51,12,1043,.446,11.8,.633,.364,.205,.049,.015,.367,.556,.672,.403,.313,.600,.258,.557,.935,.043,12,.433,.231,1,0,,johnsja01
245,Derrick Favors,29,UTA,C,68,0,1039,.638,5.1,.992,.547,.259,.132,.053,.008,.643,.729,.619,.469,.308,.000,.781,,.128,26,1.000,.000,0,0,,favorde01
246,Garrison Mathews,24,WAS,SG,64,24,1038,.409,23.4,.165,.042,.055,.021,.046,.835,.538,.900,.308,.400,.545,.384,.619,.934,.004,1,.323,.484,1,0,,mathega01
247,Denzel Valentine,27,CHI,SG,62,3,1036,.373,18.7,.418,.087,.120,.154,.058,.582,.431,.611,.400,.359,.417,.331,.400,.900,.005,2,.227,.364,0,0,,valende01
248,Wayne Ellington,33,DET,SG,46,31,1012,.441,22.4,.186,.074,.033,.036,.044,.814,.524,.600,.636,.417,.400,.422,.758,.957,.000,0,.204,.321,0,0,,ellinwa01
249,Nickeil Alexander-Walker,22,NOP,SG,46,13,1007,.419,15.5,.522,.236,.164,.041,.081,.478,.485,.481,.520,.421,.459,.347,.345,.921,.015,7,.283,.387,1,1,,alexani01
250,Stanley Johnson,24,TOR,PF,61,13,1006,.382,17.1,.412,.193,.159,.043,.017,.588,.458,.489,.486,.400,.000,.328,.318,.956,.017,4,.314,.349,1,0,,johnsst04
251,Cody Zeller,28,CHO,C,48,21,1005,.559,4.9,.914,.605,.269,.028,.012,.086,.598,.684,.414,.556,.500,.143,.751,1.000,.173,52,.179,.000,0,0,,zelleco01
252,Marc Gasol,36,LAL,C,52,42,993,.454,19.3,.371,.093,.134,.119,.026,.629,.528,.778,.500,.391,.400,.410,.737,.980,.015,3,.082,.500,0,0,,gasolma01
253,Tony Snell,29,ATL,SG,47,23,992,.515,18.6,.363,.076,.152,.111,.023,.637,.419,.615,.346,.421,.250,.569,.654,.984,.012,2,.450,.551,0,0,,snellto01
254,Jordan Poole,21,GSW,SG,51,7,988,.432,18.6,.418,.148,.133,.082,.055,.582,.545,.743,.460,.436,.385,.351,.611,.897,.023,11,.109,.600,1,1,,poolejo01
255,James Ennis III,30,ORL,SF,41,37,986,.473,13.8,.572,.251,.222,.066,.033,.428,.504,.639,.352,.500,.500,.433,.586,.933,.041,9,.240,.480,0,0,,ennisja01
256,Robert Williams,23,BOS,C,52,13,985,.721,4.1,.992,.643,.244,.054,.050,.008,.727,.801,.651,.643,.231,.000,.737,,.388,93,.000,,2,0,,williro04
257,Aron Baynes,34,TOR,C,53,31,980,.441,11.4,.661,.385,.181,.056,.039,.339,.532,.590,.473,.471,.333,.262,.738,1.000,.118,31,.155,.188,0,0,,baynear01
258,Alex Len,27,2TM,C,64,42,979,.615,10.1,.910,.432,.432,.047,.000,.090,.644,.792,.550,.154,,.320,.755,1.000,.281,75,.640,.313,0,0,,lenal01
259,DeAndre' Bembry,26,TOR,SF,51,12,972,.513,8.9,.768,.377,.342,.035,.013,.232,.589,.767,.436,.375,.000,.264,.583,.929,.132,23,.226,.333,0,0,,bembrde01
260,Dwight Powell,29,DAL,C,58,19,966,.619,4.5,.892,.737,.144,.010,.000,.108,.665,.755,.250,.000,,.238,.843,1.000,.340,58,.000,,0,0,,poweldw01
261,Jaxson Hayes,20,NOP,C,60,3,964,.625,4.5,.950,.646,.232,.050,.021,.050,.635,.724,.492,.214,.500,.429,.763,1.000,.268,71,.357,.400,1,1,,hayesja02
262,Serge Ibaka,31,LAC,C,41,39,955,.510,12.9,.685,.244,.268,.085,.088,.315,.588,.753,.469,.484,.594,.339,.673,1.000,.082,25,.043,.200,0,0,,ibakase01
263,Semi Ojeleye,26,BOS,PF,56,15,950,.403,19.7,.285,.100,.109,.054,.023,.715,.492,.636,.542,.250,.200,.367,.613,.983,.027,6,.462,.342,0,0,,ojelese01
264,Jeff Teague,32,2TM,PG,55,7,950,.433,12.5,.711,.190,.324,.116,.081,.289,.431,.648,.380,.394,.174,.439,.161,.639,.007,1,.183,.400,0,0,,teaguje01
265,Rodney Hood,28,2TM,SF,55,5,942,.362,17.3,.565,.092,.162,.192,.119,.435,.408,.583,.286,.420,.419,.301,.300,.794,.012,2,.363,.244,1,0,,hoodro01
266,Jordan McLaughlin,24,MIN,PG,51,2,938,.413,12.2,.620,.351,.223,.037,.008,.380,.447,.518,.333,.556,.000,.359,.373,.909,.025,4,.250,.304,0,0,,mclaujo01
267,Taj Gibson,35,NYK,C,45,3,936,.627,5.8,.905,.601,.184,.082,.038,.095,.671,.789,.414,.538,.333,.200,.604,1.000,.165,23,.467,.286,0,0,,gibsota01
268,Tyrese Maxey,20,PHI,SG,61,8,935,.462,12.3,.760,.268,.233,.128,.131,.240,.512,.591,.460,.582,.375,.301,.383,.806,.019,8,.126,.154,0,0,,maxeyty01
269,Danuel House Jr.,27,HOU,SF,36,23,932,.404,17.0,.426,.224,.103,.037,.063,.574,.483,.557,.464,.300,.353,.346,.643,.815,.074,16,.353,.291,1,1,,houseda01
270,Malachi Flynn,22,TOR,PG,47,14,928,.374,17.6,.506,.126,.174,.109,.097,.494,.424,.605,.407,.405,.242,.321,.082,.722,.000,0,.095,.375,1,0,,flynnma01
271,Ish Smith,32,WAS,PG,44,1,924,.434,13.0,.835,.189,.202,.215,.229,.165,.448,.554,.450,.391,.412,.367,.261,.944,.003,1,.388,.421,1,0,,smithis01
272,Moses Brown,21,OKC,C,43,32,920,.545,2.1,1.000,.772,.224,.004,.000,.000,.545,.628,.267,.000,,,.507,,.321,78,,,0,0,,brownmo01
273,Trey Burke,28,DAL,PG,62,1,911,.428,17.1,.535,.159,.096,.139,.142,.465,.492,.518,.441,.510,.480,.354,.312,.897,.000,0,.293,.313,1,1,,burketr01
274,Damyean Dotson,26,CLE,SG,46,7,907,.406,18.4,.457,.174,.075,.072,.137,.543,.545,.667,.591,.333,.475,.289,.493,.891,.007,2,.208,.333,2,0,,dotsoda01
275,Willie Cauley-Stein,27,DAL,C,53,16,906,.632,3.8,.940,.791,.082,.044,.022,.060,.667,.694,.533,.375,.750,.091,.825,1.000,.363,53,.364,.000,0,0,,caulewi01
276,Taurean Prince,26,2TM,PF,41,10,905,.401,16.2,.526,.183,.180,.104,.058,.474,.401,.550,.271,.382,.368,.400,.536,.855,.024,7,.284,.523,2,0,,princta02
277,Ben McLemore,27,2TM,SG,53,5,905,.370,21.9,.233,.099,.041,.022,.071,.767,.447,.639,.333,.250,.308,.346,.816,.959,.014,4,.236,.500,2,0,,mclembe01
278,Kira Lewis Jr.,19,NOP,PG,54,0,904,.386,12.7,.644,.267,.252,.089,.036,.356,.415,.611,.318,.200,.167,.333,.378,.800,.012,4,.183,.273,1,0,,lewiski01
279,Jalen McDaniels,23,CHO,SF,47,18,904,.468,11.6,.630,.338,.239,.042,.011,.370,.547,.688,.382,.333,.667,.333,.633,1.000,.099,24,.514,.333,1,0,,mcdanja01
280,Juancho Hernangómez,25,MIN,PF,52,6,900,.435,15.2,.438,.334,.097,.007,.000,.562,.573,.690,.207,.000,,.327,.747,.982,.047,12,.226,.447,0,0,,hernaju01
281,R.J. Hampton,19,2TM,SG,51,1,888,.435,12.3,.722,.246,.272,.118,.086,.278,.482,.662,.376,.378,.444,.310,.358,.926,.045,11,.253,.500,1,0,,hamptrj01
282,Jusuf Nurkić,26,POR,C,37,37,880,.514,5.7,.910,.565,.270,.042,.033,.090,.525,.596,.433,.500,.091,.400,.711,.917,.093,28,.000,,1,0,,nurkiju01
283,Malik Monk,22,CHO,SG,42,0,878,.434,16.8,.469,.228,.125,.065,.050,.531,.471,.582,.400,.231,.450,.401,.432,.800,.023,8,.156,.576,0,0,,monkma01
284,Dario Šarić,26,PHO,C,50,4,871,.447,13.5,.605,.269,.228,.073,.035,.395,.512,.674,.359,.520,.250,.348,.736,1.000,.000,0,.119,.563,0,0,,saricda01
285,Sekou Doumbouya,20,DET,PF,56,11,869,.379,12.3,.592,.376,.167,.039,.011,.408,.485,.642,.277,.000,.000,.226,.667,1.000,.082,19,.304,.257,0,0,,doumbse01
286,Edmond Sumner,25,IND,SG,53,24,861,.525,10.4,.688,.443,.195,.035,.014,.312,.582,.712,.364,.400,.000,.398,.690,.943,.064,18,.386,.441,1,0,,sumneed01
287,Mitchell Robinson,22,NYK,C,31,29,853,.653,1.3,1.000,.909,.091,.000,.000,.000,.653,.688,.313,,,,.626,,.528,84,,,0,0,,robinmi01
288,Mike Scott,32,PHI,PF,51,12,852,.360,21.0,.265,.085,.076,.052,.052,.735,.411,.500,.500,.273,.273,.342,.739,1.000,.009,1,.277,.465,0,0,,scottmi01
289,Cody Martin,25,CHO,SF,52,10,849,.441,11.2,.691,.436,.117,.074,.064,.309,.515,.561,.636,.214,.333,.276,.597,.875,.085,15,.586,.265,1,0,,martico01
290,Willy Hernangómez,26,NOP,C,47,12,846,.563,4.1,.963,.642,.246,.063,.011,.037,.581,.634,.500,.412,.333,.100,.667,1.000,.123,27,.300,.333,0,0,,hernawi01
291,Austin Rivers,28,2TM,SG,36,7,845,.424,17.6,.392,.171,.163,.049,.008,.608,.510,.714,.300,.500,.500,.369,.286,.764,.000,0,.208,.290,1,0,,riverau01
292,Trevor Ariza,35,MIA,SF,30,27,841,.411,16.1,.407,.286,.095,.008,.017,.593,.500,.609,.261,.000,.250,.350,.776,.940,.041,9,.413,.373,1,0,,arizatr01
293,Chasson Randle,27,ORL,PG,41,5,837,.388,17.5,.451,.203,.131,.051,.068,.549,.449,.708,.258,.167,.250,.338,.271,.682,.000,0,.138,.278,2,0,,randlch01
294,James Wiseman,19,GSW,C,39,27,836,.519,9.0,.897,.356,.285,.101,.155,.103,.542,.794,.419,.243,.386,.316,.827,.833,.258,84,.079,.333,0,0,,wisemja01
295,Kevin Porter Jr.,20,HOU,SG,26,23,835,.425,15.3,.561,.210,.180,.095,.076,.439,.515,.740,.364,.400,.393,.311,.179,.400,.052,18,.137,.318,0,0,,porteke02
296,Patrick Beverley,32,LAC,PG,37,34,832,.423,18.2,.359,.173,.132,.032,.023,.641,.468,.500,.483,.286,.400,.397,.378,.929,.000,0,.291,.463,0,0,,beverpa01
297,Caleb Martin,25,CHO,SF,53,3,818,.375,16.0,.512,.285,.094,.012,.121,.488,.496,.575,.375,.333,.419,.248,.600,.871,.039,7,.248,.258,1,0,,martica02
298,Torrey Craig,30,2TM,SF,50,8,803,.480,14.5,.533,.304,.137,.048,.044,.467,.579,.783,.194,.727,.200,.368,.571,.974,.066,14,.321,.265,0,0,,craigto01
299,Michael Carter-Williams,29,ORL,SG,31,25,800,.389,10.3,.774,.304,.307,.104,.059,.226,.431,.622,.337,.250,.250,.246,.344,.867,.030,7,.197,.417,0,0,,cartemi01
300,Daniel Gafford,22,2TM,C,54,11,791,.684,3.2,1.000,.573,.382,.027,.018,.000,.684,.791,.570,.333,.250,,.714,,.338,71,,,0,0,,gaffoda01
301,Eric Gordon,32,HOU,SG,27,13,789,.433,17.1,.428,.248,.153,.022,.005,.572,.573,.747,.357,.250,.000,.329,.311,.754,.005,2,.048,.500,0,0,,gordoer01
302,Ty Jerome,23,OKC,SG,33,1,788,.446,18.9,.415,.059,.226,.087,.042,.585,.479,.647,.508,.480,.083,.423,.228,.817,.000,0,.155,.462,2,0,,jeromty01
303,Al Horford,34,OKC,C,28,28,782,.450,15.2,.578,.169,.225,.100,.083,.422,.510,.672,.444,.444,.433,.368,.566,.929,.031,9,.118,.222,0,0,,horfoal01
304,Saben Lee,21,DET,PG,48,7,781,.471,6.9,.890,.386,.429,.062,.014,.110,.487,.617,.378,.462,.333,.348,.352,1.000,.043,5,.348,.625,0,0,,leesa01
305,Maurice Harkless,27,2TM,SF,37,23,772,.418,17.6,.491,.321,.109,.012,.048,.509,.568,.660,.333,.500,.500,.274,.717,.913,.139,18,.429,.333,0,0,,harklma01
306,Rajon Rondo,34,2TM,PG,45,3,770,.442,13.5,.586,.326,.195,.023,.042,.414,.468,.600,.262,.400,.444,.404,.136,.639,.000,0,.112,.400,0,0,,rondora01
307,Mychal Mulder,26,GSW,PG,60,6,766,.449,21.0,.192,.147,.034,.004,.008,.808,.667,.795,.333,.000,.000,.397,.912,1.000,.057,14,.322,.377,0,0,,muldemy01
308,Jeremy Lamb,28,IND,SG,36,8,765,.435,16.4,.536,.181,.159,.149,.047,.464,.459,.580,.364,.488,.231,.406,.529,.827,.000,0,.094,.417,1,0,,lambje01
309,Jaylen Nowell,21,MIN,SG,42,0,759,.424,15.9,.552,.176,.179,.125,.072,.448,.497,.559,.383,.619,.417,.333,.446,.800,.015,5,.193,.448,1,0,,nowelja01
310,Drew Eubanks,23,SAS,C,54,3,755,.566,4.6,.990,.527,.371,.034,.059,.010,.562,.667,.408,.429,.667,1.000,.772,1.000,.200,37,1.000,1.000,0,0,,eubandr01
311,Cam Reddish,21,ATL,SF,26,21,750,.365,15.1,.521,.243,.160,.068,.049,.479,.460,.656,.262,.278,.385,.262,.603,.939,.053,11,.270,.324,2,0,,reddica01
312,Frank Jackson,22,DET,PG,40,6,738,.457,16.4,.488,.133,.208,.109,.038,.512,.510,.590,.541,.406,.364,.407,.548,.984,.020,4,.420,.508,0,0,,jacksfr01
313,Precious Achiuwa,21,MIA,PF,61,4,737,.544,3.3,.996,.667,.263,.039,.026,.004,.546,.645,.367,.333,.167,.000,.734,,.259,48,.000,,0,0,,achiupr01
314,Mo Bamba,22,ORL,C,46,5,725,.472,13.6,.608,.306,.166,.063,.073,.392,.568,.728,.460,.263,.409,.322,.577,1.000,.150,38,.102,.417,0,0,,bambamo01
315,Yuta Watanabe,26,TOR,SF,50,4,723,.439,15.1,.500,.217,.178,.100,.006,.500,.478,.667,.375,.222,1.000,.400,.651,.972,.078,13,.456,.293,0,0,,watanyu01
316,JJ Redick,36,2TM,SG,44,0,723,.397,22.4,.333,.022,.007,.082,.221,.667,.449,.667,.500,.409,.441,.371,.775,.939,.000,0,.180,.375,0,0,,redicjj01
317,Moritz Wagner,23,3TM,C,45,24,722,.454,12.5,.603,.306,.271,.009,.017,.397,.529,.643,.419,.000,.500,.341,.863,.968,.105,22,.187,.294,0,0,,wagnemo01
318,Jevon Carter,25,PHO,PG,60,1,717,.422,21.2,.323,.076,.054,.072,.121,.677,.528,.588,.417,.563,.519,.371,.526,.946,.004,1,.252,.395,1,0,,carteje01
319,Frank Kaminsky,27,PHO,C,47,13,715,.471,12.2,.669,.276,.276,.070,.047,.331,.523,.676,.451,.444,.167,.365,.767,1.000,.035,9,.188,.500,0,0,,kaminfr01
320,DeMarcus Cousins,30,2TM,C,41,11,713,.426,12.2,.557,.348,.170,.013,.026,.443,.488,.547,.404,.250,.375,.348,.470,.979,.056,13,.067,.333,0,0,,couside01
321,Naji Marshall,23,NOP,SF,32,10,700,.392,13.1,.603,.321,.163,.086,.033,.397,.421,.552,.294,.333,.000,.349,.547,.966,.038,6,.482,.325,2,0,,marshna01
322,Eric Paschall,24,GSW,PF,40,2,695,.497,11.3,.819,.265,.265,.104,.185,.181,.533,.671,.443,.452,.509,.333,.562,.944,.081,22,.204,.364,0,0,,pascher01
323,Tyler Johnson,28,BRK,SG,39,3,684,.393,21.0,.279,.082,.055,.066,.077,.721,.471,.600,.400,.417,.429,.364,.625,.958,.000,0,.311,.415,1,0,,johnsty01
324,Tony Bradley,23,2TM,C,42,8,684,.665,4.2,.985,.569,.325,.046,.046,.015,.675,.741,.656,.444,.222,.000,.687,,.107,20,.333,.000,0,0,,bradlto01
325,Obi Toppin,22,NYK,PF,62,0,683,.498,12.5,.593,.392,.129,.043,.029,.407,.629,.695,.481,.444,.667,.306,.641,.962,.182,34,.412,.286,0,0,,toppiob01
326,David Nwaba,28,HOU,SF,30,9,679,.486,9.2,.711,.482,.206,.023,.000,.289,.574,.667,.422,.000,,.270,.562,1.000,.060,12,.460,.207,0,0,,nwabada01
327,De'Andre Hunter,23,ATL,SF,23,19,678,.484,14.8,.617,.226,.129,.153,.109,.383,.582,.661,.563,.474,.593,.326,.629,.903,.044,10,.326,.290,1,0,,huntede01
328,JaVale McGee,33,2TM,C,46,2,678,.511,6.5,.915,.433,.379,.085,.018,.085,.539,.689,.430,.292,.400,.208,.590,1.000,.167,44,.167,.250,0,0,,mcgeeja01
329,LaMarcus Aldridge,35,2TM,C,26,23,674,.473,13.3,.730,.152,.122,.152,.304,.270,.505,.622,.472,.444,.489,.388,.688,.968,.044,12,.175,.429,0,0,,aldrila01
330,George Hill,34,2TM,PG,30,17,672,.482,14.2,.594,.259,.147,.112,.076,.406,.547,.647,.483,.455,.467,.388,.453,.806,.010,2,.288,.435,0,0,,hillge01
331,Killian Hayes,19,DET,PG,26,18,670,.353,14.3,.642,.090,.353,.144,.055,.358,.395,.444,.408,.414,.182,.278,.235,.850,.005,1,.167,.167,0,0,,hayeski01
332,Aaron Nesmith,21,BOS,SF,46,1,669,.438,17.1,.393,.169,.163,.051,.011,.607,.543,.667,.448,.444,.500,.370,.447,1.000,.034,4,.398,.372,0,0,,nesmiaa01
333,Gabe Vincent,24,MIA,PG,50,7,655,.378,18.2,.361,.210,.090,.026,.034,.639,.500,.633,.286,.500,.250,.309,.476,.804,.004,0,.275,.244,0,0,,vincega01
334,Gary Clark,26,3TM,SF,39,11,654,.303,21.9,.182,.061,.083,.015,.023,.818,.375,.875,.182,.000,.000,.287,.667,1.000,.015,2,.398,.419,1,0,,clarkga01
335,Mike Muscala,29,OKC,C,35,0,645,.446,19.9,.311,.131,.075,.041,.064,.689,.614,.714,.500,.818,.412,.370,.765,.971,.015,4,.255,.426,1,0,,muscami01
336,Nassir Little,20,POR,PF,48,2,640,.467,15.6,.521,.269,.114,.054,.084,.479,.575,.689,.526,.444,.357,.350,.560,.821,.090,13,.163,.385,0,0,,littlna01
337,Jake Layman,26,MIN,SF,45,11,627,.495,12.7,.576,.413,.125,.016,.022,.424,.642,.750,.348,.333,.500,.295,.765,1.000,.136,23,.346,.148,1,0,,laymaja01
338,Kevin Love,32,CLE,PF,25,25,622,.409,19.4,.381,.115,.123,.079,.063,.619,.479,.621,.484,.400,.313,.365,.609,.895,.000,0,.103,.438,0,0,,loveke01
339,Brandon Goodwin,25,ATL,PG,47,5,620,.377,16.1,.538,.233,.157,.099,.049,.462,.433,.481,.400,.455,.273,.311,.269,.688,.000,0,.107,.455,2,0,,goodwbr01
340,Otto Porter Jr.,27,2TM,SF,28,6,606,.432,16.4,.542,.137,.154,.110,.141,.458,.480,.774,.314,.480,.375,.375,.610,.974,.004,1,.288,.467,1,0,,porteot01
341,Avery Bradley,30,2TM,SG,27,6,602,.374,18.2,.409,.158,.099,.035,.117,.591,.443,.741,.353,.167,.200,.327,.710,.939,.000,0,.396,.375,0,0,,bradlav01
342,Onyeka Okongwu,20,ATL,C,50,4,601,.644,4.0,.980,.597,.302,.060,.020,.020,.658,.787,.511,.222,.333,.000,.750,,.215,32,.333,.000,0,0,,okongon01
343,Nemanja Bjelica,32,2TM,PF,37,3,595,.454,14.8,.566,.311,.219,.015,.020,.434,.559,.689,.395,.333,.500,.318,.645,.889,.005,0,.153,.385,0,0,,bjeline01
344,Nic Claxton,21,BRK,C,32,1,594,.621,3.6,.966,.697,.234,.021,.014,.034,.636,.762,.353,.000,.000,.200,.753,1.000,.310,41,.400,.000,0,0,,claxtni01
345,Patrick Patterson,31,LAC,PF,38,5,582,.436,18.6,.321,.182,.079,.042,.018,.679,.604,.700,.462,.571,.333,.357,.656,.975,.048,7,.446,.340,1,0,,pattepa01
346,Justin Jackson,25,2TM,SF,34,3,577,.403,18.1,.471,.136,.213,.095,.027,.529,.510,.700,.468,.333,.500,.308,.717,.806,.005,1,.162,.211,0,0,,jacksju01
347,John Konchar,24,MEM,SG,43,0,575,.500,12.4,.594,.341,.181,.058,.014,.406,.585,.745,.360,.250,1.000,.375,.750,1.000,.065,8,.464,.346,0,0,,konchjo01
348,Nicolò Melli,30,2TM,PF,45,4,566,.326,18.4,.397,.149,.099,.078,.071,.603,.411,.476,.214,.545,.400,.271,.478,1.000,.043,5,.224,.263,0,0,,mellini01
349,Goga Bitadze,21,IND,C,45,3,561,.428,13.0,.593,.340,.191,.052,.010,.407,.548,.697,.297,.600,.000,.253,.635,1.000,.098,17,.051,.000,0,0,,bitadgo01
350,Isaiah Hartenstein,22,2TM,C,46,2,559,.550,4.4,.965,.538,.380,.035,.012,.035,.558,.630,.508,.167,.000,.333,.783,1.000,.181,28,.000,,0,0,,harteis01
351,Gorgui Dieng,31,2TM,C,38,1,552,.521,14.2,.571,.252,.141,.129,.049,.429,.591,.780,.435,.524,.250,.429,.600,.967,.074,11,.171,.583,0,0,,dienggo01
352,Thanasis Antetokounmpo,28,MIL,SF,57,3,551,.489,8.4,.788,.620,.139,.015,.015,.212,.556,.671,.105,.000,.500,.241,.583,.714,.255,29,.310,.333,4,0,,antetth01
353,Damian Jones,25,3TM,C,39,10,547,.680,5.9,.951,.631,.184,.087,.049,.049,.704,.769,.632,.667,.200,.200,.884,1.000,.350,31,.200,1.000,2,0,,jonesda03
354,Hassan Whiteside,31,SAC,C,36,4,546,.563,5.8,.996,.366,.455,.138,.036,.004,.565,.732,.451,.484,.625,.000,.722,,.138,28,.000,,0,0,,whiteha01
355,Wes Iwundu,26,2TM,SF,41,4,539,.333,12.0,.598,.373,.176,.020,.029,.402,.475,.579,.278,.500,.333,.122,.828,1.000,.088,8,.512,.143,0,0,,iwundwe01
356,Troy Brown Jr.,21,2TM,SF,34,0,524,.431,16.9,.514,.174,.132,.063,.146,.486,.541,.800,.474,.444,.333,.314,.600,1.000,.021,2,.357,.360,2,0,,browntr01
357,Armoni Brooks,22,HOU,SG,20,5,520,.406,22.1,.182,.099,.057,.026,.000,.818,.514,.579,.545,.200,,.382,.722,.850,.016,3,.153,.417,0,0,,brookar01
358,Miye Oni,23,UTA,SG,54,0,519,.354,21.9,.111,.061,.051,.000,.000,.889,.455,.500,.400,,,.341,.600,1.000,.030,2,.568,.380,0,0,,onimi01
359,Oshae Brissett,22,IND,SF,21,16,519,.483,14.9,.483,.325,.126,.020,.013,.517,.548,.735,.158,.333,.000,.423,.725,.970,.099,14,.295,.522,1,0,,brissos01
360,Dylan Windler,24,CLE,SF,31,0,513,.438,16.2,.408,.269,.100,.038,.000,.592,.585,.629,.538,.400,,.338,.548,.962,.023,3,.442,.324,0,0,,windldy01
361,Max Strus,24,MIA,SF,39,0,507,.455,20.8,.209,.155,.048,.000,.005,.791,.897,.897,1.000,,.000,.338,.686,.980,.027,5,.250,.459,0,0,,strusma01
362,Justise Winslow,24,MEM,SF,26,1,507,.352,11.9,.743,.233,.262,.148,.100,.257,.410,.551,.455,.194,.286,.185,.516,1.000,.043,9,.407,.227,0,0,,winslju01
363,Lamar Stevens,23,CLE,PF,40,0,499,.456,10.4,.816,.368,.147,.243,.059,.184,.523,.700,.350,.394,.375,.160,.655,1.000,.125,17,.320,.250,0,0,,stevela01
364,Jarrett Culver,21,MIN,SG,34,7,499,.411,10.1,.685,.405,.250,.012,.018,.315,.487,.603,.333,.500,.000,.245,.589,1.000,.101,15,.283,.267,0,0,,culveja01
365,DaQuan Jeffries,23,2TM,SG,31,5,493,.417,16.2,.442,.200,.167,.025,.050,.558,.566,.792,.350,.000,.667,.299,.600,.950,.108,10,.388,.346,0,0,,jeffrda01
366,Chimezie Metu,23,SAC,C,36,6,488,.508,11.0,.793,.318,.212,.151,.112,.207,.549,.789,.368,.333,.500,.351,.731,.923,.190,29,.081,.667,0,0,,metuch01
367,Javonte Green,27,2TM,SF,41,2,473,.520,9.6,.706,.441,.186,.078,.000,.294,.597,.733,.368,.375,,.333,.465,1.000,.196,17,.433,.462,0,0,,greenja02
368,Kevin Knox,21,NYK,SF,42,0,464,.392,18.3,.378,.168,.091,.035,.084,.622,.389,.583,.231,.200,.250,.393,.810,1.000,.049,6,.472,.524,0,0,,knoxke01
369,Ryan Arcidiacono,26,CHI,PG,44,0,450,.419,18.3,.427,.154,.137,.085,.051,.573,.480,.556,.375,.700,.167,.373,.542,1.000,.000,0,.224,.467,1,0,,arcidry01
370,KZ Okpala,21,MIA,PF,37,9,447,.375,14.5,.479,.302,.146,.010,.021,.521,.522,.655,.357,.000,.000,.240,.667,1.000,.042,4,.520,.269,0,0,,okpalkz01
371,Josh Green,20,DAL,SG,39,5,445,.452,10.2,.731,.419,.172,.054,.086,.269,.559,.667,.375,.600,.375,.160,.658,1.000,.118,9,.760,.211,0,0,,greenjo02
372,Langston Galloway,29,PHO,SG,40,0,438,.449,19.3,.422,.054,.109,.143,.116,.578,.484,.500,.500,.524,.412,.424,.800,1.000,.000,0,.494,.429,1,0,,gallola01
373,Tyler Cook,23,2TM,SF,32,1,438,.670,2.0,.981,.641,.330,.010,.000,.019,.673,.758,.529,.000,,.500,.691,1.000,.417,40,1.000,.500,0,0,,cookty01
374,Al-Farouq Aminu,30,2TM,PF,23,14,434,.384,15.0,.626,.273,.242,.030,.081,.374,.484,.519,.417,.000,.750,.216,.467,.875,.030,3,.216,.500,0,0,,aminual01
375,D.J. Wilson,24,2TM,PF,35,1,433,.405,17.9,.482,.202,.119,.083,.077,.518,.469,.529,.450,.429,.385,.345,.763,.933,.060,7,.287,.360,1,0,,wilsodj01
376,Isaac Bonga,21,WAS,SF,40,8,432,.370,16.0,.420,.160,.235,.025,.000,.580,.500,.692,.421,.000,,.277,.529,1.000,.012,1,.617,.310,0,0,,bongais01
377,Dennis Smith Jr.,23,2TM,PG,23,9,420,.400,16.7,.600,.228,.131,.110,.131,.400,.448,.545,.421,.375,.368,.328,.231,.526,.014,2,.052,.667,0,0,,smithde03
378,Anthony Lamb,23,HOU,SF,24,3,415,.390,16.5,.398,.246,.153,.000,.000,.602,.489,.586,.333,,,.324,.522,1.000,.034,4,.225,.438,0,0,,lamban01
379,Brodric Thomas,24,2TM,SG,32,1,399,.361,19.7,.454,.231,.074,.019,.130,.546,.469,.720,.125,.000,.286,.271,.478,.813,.056,6,.220,.231,0,0,,thomabr01
380,Zeke Nnaji,20,DEN,PF,42,1,397,.481,16.3,.433,.212,.135,.058,.029,.567,.578,.864,.214,.500,.333,.407,.769,.958,.058,6,.407,.458,0,0,,nnajize01
381,Amir Coffey,23,LAC,SG,44,1,394,.437,16.2,.456,.214,.146,.058,.039,.544,.468,.682,.200,.500,.250,.411,.636,.870,.019,2,.375,.524,0,0,,coffeam01
382,Freddie Gillespie,23,TOR,PF,20,2,392,.524,4.5,1.000,.476,.405,.119,.000,.000,.524,.675,.412,.300,,,.682,,.167,12,,,0,0,,gillefr01
383,E'Twaun Moore,31,PHO,SG,27,1,389,.455,13.0,.711,.174,.314,.132,.091,.289,.512,.381,.474,.750,.545,.314,.432,.909,.008,1,.200,.429,0,0,,mooreet01
384,Isaiah Joe,21,PHI,SG,41,1,383,.361,23.3,.203,.030,.045,.053,.075,.797,.333,.250,.167,.429,.400,.368,.556,1.000,.000,0,.198,.333,0,0,,joeis01
385,Glenn Robinson III,27,SAC,SF,23,2,369,.424,14.2,.556,.202,.253,.061,.040,.444,.473,.400,.640,.167,.250,.364,.615,1.000,.040,2,.591,.423,0,0,,robingl02
386,Nico Mannion,19,GSW,PG,30,1,364,.342,18.2,.474,.114,.184,.096,.079,.526,.315,.769,.286,.091,.000,.367,.353,.727,.009,0,.083,.600,0,0,,mannini01
387,Trey Lyles,25,SAS,PF,23,9,358,.478,14.5,.556,.311,.100,.111,.033,.444,.580,.750,.556,.300,.000,.350,.690,1.000,.022,2,.175,.714,0,0,,lylestr01
388,Abdel Nader,27,PHO,SF,24,0,355,.491,11.7,.629,.353,.224,.043,.009,.371,.534,.683,.385,.200,.000,.419,.718,1.000,.052,6,.349,.467,0,0,,naderab01
389,Harry Giles,22,POR,C,38,0,348,.433,10.4,.763,.392,.186,.093,.093,.237,.459,.605,.333,.000,.556,.348,.412,1.000,.113,9,.174,.750,0,0,,gilesha01
390,Luke Kornet,25,2TM,C,31,2,348,.436,18.3,.416,.297,.099,.010,.010,.584,.690,.767,.500,.000,1.000,.254,.724,1.000,.129,13,.186,.273,0,0,,kornelu01
391,Jahlil Okafor,25,DET,C,27,2,347,.618,5.9,.912,.520,.304,.059,.029,.088,.656,.717,.613,.333,.667,.222,.475,1.000,.118,11,.111,.000,0,0,,okafoja01
392,Chandler Hutchison,24,2TM,SF,25,1,346,.379,8.8,.786,.252,.437,.068,.029,.214,.383,.346,.422,.286,.333,.364,.871,1.000,.058,4,.818,.389,1,0,,hutchch01
393,Josh Hall,20,OKC,SF,21,1,336,.303,13.9,.626,.152,.333,.111,.030,.374,.419,.600,.333,.455,.333,.108,.462,1.000,.010,1,.135,.000,1,0,,halljo01
394,Mason Jones,22,2TM,SG,32,1,334,.423,13.7,.463,.171,.163,.057,.073,.537,.491,.619,.400,.571,.333,.364,.500,.708,.008,1,.106,.571,0,0,,jonesma05
395,Shaquille Harrison,27,2TM,SG,34,0,333,.333,8.7,.795,.385,.295,.051,.064,.205,.371,.567,.087,.250,.600,.188,.304,1.000,.026,2,.563,.222,0,0,,harrish01
396,Matt Thomas,26,2TM,SG,45,0,326,.394,21.0,.370,.063,.063,.071,.173,.630,.489,.625,.250,.556,.500,.338,.696,.963,.000,0,.213,.471,1,0,,thomama02
397,Kelan Martin,25,IND,SF,35,0,322,.449,14.8,.565,.283,.138,.065,.080,.435,.487,.564,.368,.111,.727,.400,.526,.917,.029,3,.233,.500,0,0,,martike03
398,Frank Ntilikina,22,NYK,PG,33,4,322,.367,20.5,.392,.038,.076,.152,.127,.608,.194,.667,.167,.167,.100,.479,.000,.957,.000,0,.354,.706,1,0,,ntilila01
399,Jaylen Hoard,21,OKC,SF,19,0,320,.500,6.0,.875,.602,.227,.034,.011,.125,.571,.698,.250,.333,1.000,.000,.636,,.091,6,.545,.000,0,0,,hoardja01
400,JaKarr Sampson,27,IND,PF,29,4,316,.496,6.8,.867,.478,.327,.027,.035,.133,.541,.519,.541,.667,.750,.200,.698,1.000,.071,6,.600,.000,0,0,,sampsja02
401,Justin James,24,SAC,SF,36,0,310,.468,13.2,.658,.198,.297,.108,.054,.342,.521,.682,.424,.667,.167,.368,.658,1.000,.063,5,.342,.385,1,0,,jamesju01
402,Luka Šamanić,21,SAS,PF,33,4,308,.448,12.9,.590,.324,.210,.029,.029,.410,.565,.735,.364,.000,.667,.279,.571,1.000,.048,4,.093,.000,0,0,,samanlu01
403,Jerome Robinson,23,WAS,SG,17,6,305,.295,17.2,.558,.053,.179,.179,.147,.442,.321,.600,.294,.235,.357,.262,.529,1.000,.011,1,.262,.455,0,0,,robinje01
404,Trent Forrest,22,UTA,PG,30,0,302,.451,12.8,.634,.211,.296,.113,.014,.366,.600,.533,.524,.875,1.000,.192,.259,1.000,.028,2,.654,.235,0,0,,forretr01
405,Ed Davis,31,MIN,C,23,7,299,.432,1.9,1.000,.727,.273,.000,.000,.000,.432,.469,.333,,,,.368,,.159,7,,,0,0,,davised01
406,Paul Watson,26,TOR,SF,27,2,297,.463,20.5,.220,.098,.085,.037,.000,.780,.444,.875,.143,.000,,.469,.375,.867,.024,2,.406,.500,0,0,,watsopa01
407,Romeo Langford,21,BOS,SG,18,4,283,.356,11.7,.695,.339,.186,.102,.068,.305,.390,.650,.273,.000,.000,.278,.375,1.000,.051,3,.444,.250,0,0,,langfro01
408,Vlatko Čančar,23,DEN,PF,41,1,281,.458,14.1,.542,.319,.167,.042,.014,.458,.615,.696,.500,.333,1.000,.273,.750,1.000,.069,4,.273,.667,1,0,,cancavl01
409,Mfiondu Kabengele,23,2TM,PF,39,0,280,.371,16.3,.438,.270,.090,.056,.022,.562,.513,.667,.375,.200,.000,.260,.500,.923,.101,9,.260,.231,0,0,,kabenmf01
410,Nathan Knight,23,ATL,PF,33,0,279,.370,10.1,.670,.410,.210,.040,.010,.330,.463,.561,.381,.000,.000,.182,.774,1.000,.180,15,.515,.176,0,0,,knighna01
411,Carsen Edwards,22,BOS,SG,31,1,276,.423,17.7,.432,.216,.072,.018,.126,.568,.604,.792,.375,.500,.429,.286,.586,.667,.009,1,.270,.235,0,0,,edwarca01
412,Jordan Nwora,22,MIL,SF,30,2,274,.459,16.8,.541,.193,.133,.096,.119,.459,.466,.577,.389,.308,.500,.452,.441,.643,.022,1,.194,.417,1,0,,nworajo01
413,Boban Marjanović,32,DAL,C,33,3,271,.508,6.3,.934,.443,.352,.098,.041,.066,.535,.741,.349,.333,.400,.125,.607,1.000,.156,17,.000,,0,0,,marjabo01
414,Thomas Bryant,23,WAS,C,10,10,271,.648,10.3,.769,.374,.231,.088,.077,.231,.714,.912,.762,.375,.000,.429,.720,1.000,.286,24,.048,1.000,0,0,,bryanth01
415,Tre Jones,21,SAS,PG,37,1,269,.474,6.9,.936,.397,.333,.192,.013,.064,.466,.742,.231,.333,.000,.600,.412,.333,.026,2,.400,.500,0,0,,jonestr01
416,Skylar Mays,23,ATL,SG,33,0,269,.449,13.3,.592,.408,.061,.051,.071,.408,.517,.550,.500,.400,.429,.350,.400,.929,.051,4,.250,.500,0,0,,mayssk01
417,Alfonzo McKinnie,28,LAL,SF,39,0,258,.516,13.5,.581,.323,.151,.043,.065,.419,.593,.700,.429,.500,.500,.410,.594,.938,.097,8,.333,.462,0,0,,mckinal01
418,Jaren Jackson Jr.,21,MEM,C,11,4,258,.424,14.7,.520,.192,.280,.040,.008,.480,.554,.708,.486,.400,.000,.283,.667,1.000,.104,11,.267,.250,1,0,,jacksja02
419,Ignas Brazdeikis,22,3TM,SF,13,0,249,.422,13.5,.663,.289,.229,.048,.096,.337,.436,.542,.421,.000,.375,.393,.542,.909,.000,0,.250,.286,1,0,,brazdig01
420,Justin Patton,23,HOU,C,13,6,247,.414,15.0,.514,.243,.171,.043,.057,.486,.556,.706,.333,.667,.500,.265,.700,1.000,.114,7,.500,.176,0,0,,pattoju01
421,Keita Bates-Diop,25,SAS,SF,30,0,245,.448,9.7,.746,.388,.284,.045,.030,.254,.500,.808,.158,.333,.000,.294,.640,1.000,.030,2,.529,.222,0,0,,bateske01
422,Wenyen Gabriel,23,NOP,PF,21,0,241,.400,15.0,.467,.350,.083,.033,.000,.533,.393,.429,.200,.500,,.406,.364,1.000,.067,2,.313,.500,1,0,,gabriwe01
423,Tremont Waters,23,BOS,PG,26,3,238,.405,16.1,.548,.131,.262,.083,.071,.452,.413,.636,.364,.429,.167,.395,.053,.333,.000,0,.132,.400,0,0,,watertr01
424,Mike James,30,BRK,PG,13,1,236,.370,14.5,.663,.130,.272,.152,.109,.337,.377,.167,.480,.357,.400,.355,.174,.455,.022,1,.226,.571,0,0,,jamesmi02
425,Kyle Guy,23,SAC,PG,31,0,235,.330,16.2,.477,.159,.193,.068,.057,.523,.381,.500,.176,.500,.600,.283,.563,.923,.011,0,.370,.294,0,0,,guyky01
426,Sam Merrill,24,MIL,SG,30,2,233,.444,19.8,.347,.139,.083,.056,.069,.653,.440,.500,.000,.750,.600,.447,.545,.810,.028,2,.085,.750,0,0,,merrisa01
427,Chris Chiozza,25,BRK,PG,22,1,232,.352,16.4,.523,.193,.159,.080,.091,.477,.391,.529,.286,.286,.375,.310,.389,.462,.000,0,.024,.000,1,0,,chiozch01
428,Bruno Fernando,22,ATL,C,33,0,226,.409,4.5,.955,.659,.182,.068,.045,.045,.429,.586,.000,.333,.000,.000,.833,,.205,6,.500,.000,0,0,,fernabr01
429,Matthew Dellavedova,30,CLE,PG,13,1,224,.250,14.3,.554,.161,.321,.071,.000,.446,.323,.222,.389,.250,,.160,.400,.750,.000,0,.160,.000,0,0,,dellama01
430,Anthony Gill,28,WAS,PF,26,4,218,.500,12.4,.600,.267,.317,.000,.017,.400,.639,.813,.526,,.000,.292,.783,.857,.050,2,.375,.111,0,0,,gillan01
431,Sindarius Thornwell,26,2TM,SG,21,1,217,.326,15.3,.500,.130,.261,.087,.022,.500,.348,.667,.250,.250,.000,.304,.500,1.000,.043,2,.391,.556,0,0,,thornsi01
432,Markelle Fultz,22,ORL,PG,8,8,215,.394,11.4,.846,.163,.365,.135,.183,.154,.420,.706,.447,.286,.211,.250,.081,.500,.029,1,.125,.000,0,0,,fultzma01
433,Gabriel Deck,25,OKC,PF,10,0,212,.478,12.0,.776,.284,.269,.104,.119,.224,.577,.632,.500,.429,.750,.133,.400,1.000,.015,1,.467,.143,1,0,,deckga01
434,Reggie Perry,20,BRK,PF,26,0,211,.410,8.9,.731,.551,.141,.026,.013,.269,.491,.628,.000,.500,.000,.190,.643,1.000,.090,7,.190,.000,0,0,,perryre01
435,Dewayne Dedmon,31,MIA,C,16,0,210,.708,5.5,.923,.615,.231,.031,.046,.077,.750,.850,.533,1.000,.333,.200,.689,1.000,.169,10,.200,.000,0,0,,dedmode01
436,Markus Howard,21,DEN,SG,37,1,205,.377,19.5,.387,.123,.085,.094,.085,.613,.537,.615,.444,.600,.444,.277,.409,.778,.000,0,.092,.500,0,0,,howarma02
437,Darius Miller,30,OKC,SF,18,0,197,.458,25.0,.125,.000,.021,.042,.063,.875,.833,,.000,1.000,1.000,.405,.600,.765,.000,0,.167,.429,1,0,,milleda01
438,Jordan Bone,23,ORL,PG,14,0,196,.426,20.8,.407,.019,.093,.019,.278,.593,.591,1.000,1.000,.000,.467,.313,.154,.500,.000,0,.313,.000,0,0,,bonejo01
439,Rodney McGruder,29,DET,SG,16,2,194,.529,12.1,.657,.257,.286,.086,.029,.343,.565,.722,.550,.167,.500,.458,.462,1.000,.000,0,.542,.385,0,0,,mcgruro01
440,CJ Elleby,20,POR,SF,30,0,192,.379,16.4,.485,.242,.091,.076,.076,.515,.563,.750,.000,.600,.600,.206,.444,.714,.045,3,.176,.500,0,0,,ellebcj01
441,Alize Johnson,24,BRK,PF,18,0,189,.588,6.3,.912,.397,.412,.103,.000,.088,.629,.815,.429,.714,,.167,.615,1.000,.015,1,.333,.000,0,0,,johnsal02
442,Killian Tillie,22,MEM,C,18,1,182,.333,17.1,.421,.123,.246,.035,.018,.579,.375,.429,.286,1.000,.000,.303,.889,1.000,.000,0,.303,.100,0,0,,tilliki02
443,Donta Hall,23,ORL,PF,13,0,179,.714,3.0,1.000,.686,.229,.057,.029,.000,.714,.833,.375,1.000,.000,,.720,,.457,14,,,0,0,,halldo01
444,Paul Reed,21,PHI,PF,26,0,177,.538,6.2,.923,.551,.244,.051,.077,.077,.583,.721,.316,.500,.500,.000,.667,,.205,14,.333,.000,0,0,,reedpa01
445,Jalen Harris,22,TOR,SG,13,2,172,.500,15.8,.500,.236,.194,.000,.069,.500,.528,.706,.357,,.400,.472,.263,.882,.028,2,.306,.636,1,0,,harrija01
446,Jabari Parker,25,2TM,PF,13,0,165,.545,11.9,.800,.309,.218,.109,.164,.200,.636,.941,.500,.333,.444,.182,.643,1.000,.182,10,.182,.000,0,0,,parkeja01
447,Daniel Oturu,21,LAC,C,30,0,161,.423,7.2,.904,.462,.269,.096,.077,.096,.447,.583,.214,.600,.250,.200,.381,1.000,.115,5,.200,.000,0,0,,oturuda01
448,Bol Bol,21,DEN,PF,32,2,160,.431,16.1,.586,.172,.172,.121,.121,.414,.471,.900,.300,.286,.286,.375,.625,.667,.086,5,.125,.333,0,0,,bolbo01
449,Sean McDermott,24,MEM,SF,18,0,158,.394,17.8,.333,.242,.030,.061,.000,.667,.727,.750,1.000,.500,,.227,.250,1.000,.121,4,.364,.250,0,0,,mcderse01
450,Quinn Cook,27,2TM,PG,23,0,157,.426,16.1,.618,.235,.103,.088,.191,.382,.429,.375,.571,.500,.385,.423,.333,.455,.000,0,.308,.250,0,0,,cookqu01
451,Jalen Smith,20,PHO,PF,27,1,156,.440,11.1,.660,.420,.120,.120,.000,.340,.545,.667,.500,.167,,.235,.778,1.000,.160,8,.353,.500,0,0,,smithja04
452,Khyri Thomas,24,HOU,SG,5,2,153,.485,14.8,.591,.273,.121,.061,.136,.409,.590,.833,.375,.500,.333,.333,.522,.667,.030,2,.259,.286,0,0,,thomakh01
453,Charlie Brown Jr.,23,OKC,SG,9,1,152,.302,16.6,.512,.116,.186,.093,.116,.488,.364,.600,.250,.250,.400,.238,.750,1.000,.047,1,.333,.286,0,0,,brownch02
454,Ersan İlyasova,33,UTA,PF,17,1,148,.389,21.6,.241,.093,.019,.056,.074,.759,.231,.400,.000,.000,.250,.439,.667,1.000,.019,0,.220,.222,0,0,,ilyaser01
455,Juwan Morgan,23,UTA,PF,29,0,147,.467,12.3,.567,.433,.100,.033,.000,.433,.588,.692,.333,.000,,.308,.700,1.000,.067,2,.231,.333,0,0,,morgaju01
456,Mamadi Diakite,24,MIL,PF,14,1,141,.400,10.8,.800,.375,.175,.125,.125,.200,.469,.667,.286,.200,.400,.125,.667,1.000,.175,5,.250,.000,0,0,,diakima01
457,Jarrell Brantley,24,UTA,PF,28,0,138,.481,15.5,.462,.212,.212,.019,.019,.538,.542,.818,.364,.000,.000,.429,.308,.917,.038,2,.536,.467,0,0,,brantja01
458,Tacko Fall,25,BOS,C,19,0,136,.724,3.4,1.000,.621,.345,.000,.034,.000,.724,.722,.700,,1.000,,.619,,.448,12,,,0,0,,fallta01
459,Yogi Ferrell,27,2TM,PG,10,0,136,.351,18.1,.509,.105,.088,.228,.088,.491,.379,.500,.400,.385,.200,.321,.182,.667,.000,0,.000,,0,0,,ferreyo01
460,Deividas Sirvydis,20,DET,SG,20,0,133,.350,19.1,.300,.175,.075,.025,.025,.700,.333,.571,.000,.000,.000,.357,1.000,.700,.000,0,.393,.273,0,0,,sirvyde01
461,Rodions Kurucs,22,3TM,PF,21,0,125,.344,18.9,.344,.250,.031,.031,.031,.656,.455,.625,.000,.000,.000,.286,.800,1.000,.094,2,.238,.400,0,0,,kurucro01
462,Dakota Mathias,25,PHI,SG,8,2,123,.396,21.0,.458,.042,.042,.104,.271,.542,.500,.500,.500,.600,.462,.308,.545,.875,.000,0,.269,.429,0,0,,mathida01
463,Quinndary Weatherspoon,24,SAS,SG,20,0,121,.457,9.6,.829,.486,.114,.057,.171,.171,.517,.706,.250,.500,.167,.167,.400,1.000,.057,2,.000,,0,0,,weathqu01
464,T.J. Warren,27,IND,SF,4,4,117,.529,10.7,.863,.333,.137,.196,.196,.137,.614,.824,.714,.300,.500,.000,.593,,.039,2,.429,.000,0,0,,warretj01
465,Danté Exum,25,CLE,SG,6,3,116,.385,13.1,.577,.269,.231,.077,.000,.423,.533,.857,.333,.000,,.182,.625,1.000,.077,2,.182,.500,0,0,,exumda01
466,Vernon Carey Jr.,19,CHO,C,19,4,115,.500,10.6,.806,.361,.194,.083,.167,.194,.586,.692,.429,.667,.500,.143,.706,1.000,.056,2,.429,.000,0,0,,careyve01
467,Rondae Hollis-Jefferson,26,POR,PF,11,1,107,.500,4.6,.944,.556,.333,.056,.000,.056,.529,.500,.500,1.000,,.000,.444,,.056,1,1.000,.000,0,0,,holliro01
468,Robert Franks,24,ORL,PF,7,0,101,.464,16.4,.464,.214,.143,.036,.071,.536,.615,1.000,.500,.000,.000,.333,.250,1.000,.000,0,.200,.333,0,0,,frankro01
469,Anthony Tolliver,35,PHI,PF,11,0,99,.235,23.0,.176,.059,.059,.000,.059,.824,.000,.000,.000,,.000,.286,,1.000,.000,0,.214,.667,0,0,,tollian01
470,Cassius Winston,22,WAS,PG,22,0,98,.424,19.6,.485,.061,.121,.121,.182,.515,.375,.500,.250,.750,.167,.471,.167,.875,.000,0,.118,.500,0,0,,winstca01
471,Devontae Cacok,24,LAL,PF,20,1,98,.586,3.1,1.000,.586,.379,.034,.000,.000,.586,.706,.455,.000,,,.706,,.310,7,,,0,0,,cacokde01
472,Jahmi'us Ramsey,19,SAC,SG,13,0,94,.395,15.3,.500,.289,.079,.105,.026,.500,.526,.818,.000,.250,.000,.263,.700,1.000,.053,2,.263,.400,0,0,,ramseja01
473,Cassius Stanley,21,IND,SG,24,0,93,.302,10.4,.698,.419,.233,.047,.000,.302,.333,.444,.200,.000,,.231,.600,1.000,.116,3,.154,.500,0,0,,stanlca01
474,Nate Hinton,21,DAL,SG,21,0,93,.357,17.6,.548,.143,.119,.071,.214,.452,.478,.500,.200,.667,.556,.211,.182,.750,.024,1,.158,.667,0,0,,hintona01
475,Chris Silva,24,2TM,PF,15,0,92,.625,7.9,.938,.500,.250,.125,.063,.063,.600,.750,.500,.500,.000,1.000,.778,1.000,.250,4,.000,,0,0,,silvach01
476,Karim Mané,20,ORL,PG,10,0,88,.231,7.3,.846,.385,.385,.077,.000,.154,.182,.400,.000,.000,,.500,.000,1.000,.077,0,.000,,0,0,,maneka01
477,Justin Robinson,23,OKC,PG,9,0,88,.333,20.2,.333,.143,.048,.048,.095,.667,.429,.667,1.000,.000,.000,.286,.333,1.000,.000,0,.143,.000,0,0,,robinju01
478,Cameron Oliver,24,HOU,SF,4,0,87,.576,12.6,.606,.394,.121,.091,.000,.394,.750,.769,.750,.667,,.308,.867,1.000,.152,5,.000,,0,0,,oliveca01
479,Louis King,21,SAC,SF,6,1,85,.500,12.9,.676,.206,.235,.235,.000,.324,.565,.857,.625,.250,,.364,.385,.750,.059,2,.364,.000,0,0,,kinglo02
480,Cristiano Felício,28,CHI,C,18,0,84,.538,7.4,.846,.692,.077,.000,.077,.154,.636,.778,.000,,.000,.000,.429,,.077,1,.000,,0,0,,feliccr01
481,Alen Smailagić,20,GSW,PF,15,1,84,.407,11.9,.630,.370,.259,.000,.000,.370,.412,.500,.286,,,.400,.429,1.000,.000,0,.300,.333,0,0,,smailal01
482,Jay Scrubb,20,LAC,SG,4,1,84,.389,13.0,.750,.306,.167,.083,.194,.250,.444,.545,.333,.333,.429,.222,.583,1.000,.028,1,.333,.333,0,0,,scrubja01
483,Norvel Pelle,27,3TM,C,13,0,84,.533,1.6,1.000,.733,.267,.000,.000,.000,.533,.545,.500,,,,.500,,.400,4,,,0,0,,pelleno01
484,Jordan Bell,26,2TM,C,6,1,82,.318,6.2,.909,.545,.273,.045,.045,.091,.350,.500,.000,.000,1.000,.000,.714,,.136,1,.500,.000,0,0,,belljo01
485,Jared Dudley,35,LAL,PF,12,0,81,.222,21.5,.333,.000,.111,.111,.111,.667,.000,,.000,.000,.000,.333,,.500,.000,0,.000,,0,0,,dudleja01
486,Frank Mason III,26,ORL,PG,4,1,79,.375,8.1,.792,.500,.250,.000,.042,.208,.368,.417,.333,,.000,.400,.286,1.000,.000,0,.200,1.000,0,0,,masonfr01
487,Thon Maker,23,CLE,C,8,0,76,.556,7.1,.889,.389,.333,.111,.056,.111,.625,.714,.667,.000,1.000,.000,.400,,.056,1,.500,.000,0,0,,makerth01
488,Keljin Blevins,25,POR,SF,17,0,75,.250,12.5,.600,.200,.350,.050,.000,.400,.250,.500,.143,.000,,.250,.000,1.000,.000,0,.125,.000,0,0,,blevike01
489,Jeremiah Martin,24,CLE,PG,9,0,75,.273,13.1,.636,.273,.242,.030,.091,.364,.286,.444,.000,.000,.667,.250,.333,.667,.000,0,.250,.333,0,0,,martije02
490,Devin Cannady,24,ORL,PG,8,0,74,.393,19.3,.429,.036,.107,.143,.143,.571,.417,.000,.000,.500,.750,.375,.200,.833,.000,0,.313,.400,0,0,,cannade01
491,Tyler Bey,22,DAL,SF,18,0,71,.318,9.6,.818,.364,.227,.182,.045,.182,.333,.500,.400,.000,.000,.250,.667,.000,.091,1,.000,,0,0,,beyty01
492,Rayjon Tucker,23,PHI,PG,14,0,68,.500,11.8,.611,.556,.000,.000,.056,.389,.636,.700,,,.000,.286,.714,.500,.167,3,.286,.000,0,0,,tuckera01
493,Elijah Hughes,22,UTA,SF,18,0,64,.333,22.0,.233,.033,.067,.067,.067,.767,.286,.000,.000,.500,.500,.348,1.000,.875,.000,0,.261,.833,0,0,,hugheel01
494,Spencer Dinwiddie,27,BRK,SG,3,3,64,.375,12.3,.563,.313,.250,.000,.000,.438,.444,.600,.250,,,.286,.500,1.000,.063,1,.143,1.000,0,0,,dinwisp01
495,Nick Richards,23,CHO,PF,18,0,63,.444,5.2,.889,.667,.222,.000,.000,.111,.500,.500,.500,,,.000,1.000,,.333,3,.000,,0,0,,richani01
496,Andre Roberson,29,BRK,SG,5,0,63,.143,14.7,.429,.357,.071,.000,.000,.571,.167,.200,.000,,,.125,.000,1.000,.000,0,.500,.000,0,0,,roberan03
497,Tim Frazier,30,MEM,PG,5,0,62,.150,16.8,.600,.100,.150,.250,.100,.400,.250,1.000,.000,.200,.000,.000,.333,,.000,0,.125,.000,0,0,,fraziti01
498,Axel Toupane,28,MIL,SF,8,1,61,.364,10.3,.818,.455,.091,.091,.182,.182,.333,.600,.000,.000,.000,.500,1.000,.000,.000,0,.500,.000,0,0,,toupaax01
499,Udoka Azubuike,21,UTA,C,15,0,57,.444,2.9,1.000,.778,.222,.000,.000,.000,.444,.571,.000,,,,.750,,.444,3,,,0,0,,azubuud01
500,Kostas Antetokounmpo,23,LAL,PF,15,0,56,.300,4.1,1.000,.400,.600,.000,.000,.000,.300,.750,.000,,,,.333,,.400,2,,,0,0,,antetko01
501,Adam Mokoka,22,CHI,SG,14,0,56,.368,13.7,.474,.421,.053,.000,.000,.526,.667,.750,.000,,,.100,.333,1.000,.000,0,.300,.333,0,0,,mokokad01
502,Tyrell Terry,20,DAL,PG,11,0,56,.313,14.6,.563,.313,.125,.063,.063,.438,.556,1.000,.000,.000,.000,.000,.200,,.000,0,.000,,0,0,,terryty01
503,Didi Louzada,21,NOP,SF,3,0,56,.231,17.6,.385,.154,.154,.077,.000,.615,.200,.500,.000,.000,,.250,.000,1.000,.000,0,.375,.333,0,0,,louzama01
504,Jontay Porter,21,MEM,PF,11,0,54,.533,18.5,.467,.200,.067,.067,.133,.533,.714,.667,1.000,1.000,.500,.375,.600,1.000,.067,1,.000,,0,0,,portejo01
505,Devon Dotson,21,CHI,PG,11,0,50,.524,12.6,.667,.429,.095,.048,.095,.333,.714,.889,.500,.000,.500,.143,.400,1.000,.000,0,.143,.000,0,0,,dotsode01
506,Terrance Ferguson,22,PHI,SG,13,0,49,.143,19.8,.286,.143,.000,.000,.143,.714,.500,1.000,,,.000,.000,1.000,,.143,1,.600,.000,0,0,,fergute01
507,James Nunnally,30,NOP,SF,9,0,48,.385,23.8,.077,.000,.000,.000,.077,.923,1.000,,,,1.000,.333,1.000,1.000,.000,0,.500,.500,0,0,,nunnaja01
508,Isaiah Thomas,31,NOP,PG,3,0,48,.333,17.1,.556,.148,.111,.148,.148,.444,.400,.500,.000,.750,.250,.250,.833,.667,.000,0,.083,.000,0,0,,thomais02
509,Ty-Shon Alexander,22,PHO,SG,15,0,47,.250,22.3,.250,.083,.000,.000,.167,.750,.333,1.000,,,.000,.222,.000,.500,.083,1,.111,.000,0,0,,alexaty01
510,Robert Woodard II,21,SAC,SF,13,0,45,.400,14.6,.700,.250,.250,.100,.100,.300,.500,1.000,.000,.500,.500,.167,.571,1.000,.100,2,.000,,1,0,,woodaro01
511,Kris Dunn,26,ATL,PG,4,0,45,.083,11.4,.833,.167,.333,.250,.083,.167,.100,.500,.000,.000,.000,.000,.000,,.000,0,.500,.000,0,0,,dunnkr01
512,Gary Payton II,28,GSW,PG,10,0,40,.769,8.6,.692,.615,.077,.000,.000,.308,.889,.875,1.000,,,.500,.750,1.000,.231,2,.750,.333,0,0,,paytoga02
513,Cameron Reynolds,25,2TM,SF,5,0,40,.333,14.2,.333,.111,.111,.111,.000,.667,.500,.500,.500,.500,,.250,1.000,.667,.056,1,.500,.167,0,0,,reynoca01
514,Vincent Poirier,27,PHI,C,10,0,39,.250,8.6,.917,.417,.083,.250,.167,.083,.273,.400,.000,.333,.000,.000,.000,,.000,0,.000,,0,0,,poirivi01
515,Henry Ellenson,24,TOR,PF,2,0,38,.357,17.6,.357,.357,.000,.000,.000,.643,.600,.600,,,,.222,.333,1.000,.071,1,.333,.000,0,0,,ellenhe01
516,Bruno Caboclo,25,HOU,PF,6,0,36,.471,9.6,.706,.353,.353,.000,.000,.294,.667,1.000,.333,,,.000,.625,,.235,4,.400,.000,0,0,,cabocbr01
517,Anderson Varejão,38,CLE,C,5,0,36,.250,8.9,.938,.438,.125,.125,.250,.063,.267,.286,.000,.000,.500,.000,.750,,.000,0,1.000,.000,0,0,,varejan01
518,T.J. Leaf,23,POR,PF,7,0,35,.500,2.9,1.000,.700,.200,.100,.000,.000,.500,.571,.500,.000,,,.600,,.100,1,,,0,0,,leaftj01
519,Theo Pinson,25,NYK,SG,17,0,34,.111,25.0,.111,.000,.000,.111,.000,.889,1.000,,,1.000,,.000,.000,,.000,0,.000,,0,0,,pinsoth01
520,Patrick McCaw,25,TOR,SF,5,0,33,1.000,1.3,1.000,1.000,.000,.000,.000,.000,1.000,1.000,,,,,.000,,.000,0,,,0,0,,mccawpa01
521,Elijah Bryant,25,MIL,SG,1,0,32,.462,12.6,.615,.385,.154,.000,.077,.385,.625,.600,.500,,1.000,.200,.000,1.000,.000,0,.000,,0,0,,bryanel01
522,Marques Bolden,22,CLE,C,6,0,29,.333,7.7,1.000,.333,.333,.333,.000,.000,.333,1.000,.000,.000,,,1.000,,.000,0,,,0,0,,boldema01
523,Amida Brimah,26,IND,C,5,0,29,.625,3.0,1.000,.625,.375,.000,.000,.000,.625,.800,.333,,,,.800,,.500,3,,,0,0,,brimaam01
524,Meyers Leonard,28,MIA,C,3,2,29,.429,27.3,.000,.000,.000,.000,.000,1.000,,,,,,.429,,1.000,.000,0,.000,,0,0,,leoname01
525,Grant Riller,23,CHO,PG,7,0,27,.667,16.8,.667,.250,.000,.083,.333,.333,.750,1.000,,1.000,.500,.500,.167,1.000,.000,0,.250,1.000,0,0,,rillegr01
526,Marquese Chriss,23,GSW,PF,2,0,27,.357,11.0,.643,.500,.143,.000,.000,.357,.444,.571,.000,,,.200,.250,1.000,.000,0,.200,.000,0,0,,chrisma01
527,Nate Darling,22,CHO,SG,7,0,26,.286,25.9,.000,.000,.000,.000,.000,1.000,,,,,,.286,,1.000,.000,0,.143,.000,0,0,,darlina01
528,Ray Spalding,23,HOU,C,2,0,19,.500,8.1,.750,.500,.250,.000,.000,.250,.667,.500,1.000,,,.000,1.000,,.000,0,1.000,.000,0,0,,spaldra01
529,Jaylen Adams,24,MIL,PG,7,0,18,.125,11.0,.750,.250,.375,.125,.000,.250,.167,.000,.000,1.000,,.000,.000,,.000,0,.000,,0,0,,adamsja01
530,Jared Harper,23,NYK,PG,8,0,16,.000,12.5,.750,.000,.500,.250,.000,.250,.000,,.000,.000,,.000,,,.000,0,.000,,0,0,,harpeja01
531,Brian Bowen,22,IND,SF,6,0,15,.250,16.6,.750,.000,.250,.000,.500,.250,.333,,1.000,,.000,.000,1.000,,.000,0,.000,,0,0,,bowenbr02
532,Jalen Lecque,20,IND,PG,4,0,12,.111,10.1,.889,.444,.111,.111,.222,.111,.125,.250,.000,.000,.000,.000,.000,,.000,0,.000,,0,0,,lecquja01
533,Greg Whittington,27,DEN,PF,4,0,12,.000,21.4,.333,.000,.000,.333,.000,.667,.000,,,.000,,.000,,,.000,0,.500,.000,0,0,,whittgr01
534,Noah Vonleh,25,BRK,C,4,0,11,.000,18.6,.333,.333,.000,.000,.000,.667,.000,.000,,,,.000,,,.000,0,.000,,0,0,,vonleno01
535,Malik Fitts,23,LAC,PF,3,0,11,.333,17.6,.333,.333,.000,.000,.000,.667,.000,.000,,,,.500,,1.000,.000,0,.500,.000,0,0,,fittsma01
536,Iman Shumpert,30,BRK,SG,2,0,11,.250,21.9,.250,.000,.000,.250,.000,.750,1.000,,,1.000,,.000,.000,,.000,0,.000,,0,0,,shumpim01
537,Anžejs Pasečņiks,25,WAS,C,1,0,6,.000,25.2,.000,.000,.000,.000,.000,1.000,,,,,,.000,,,.000,0,.000,,0,0,,pasecan01
538,Ashton Hagans,21,MIN,PG,2,0,4,,,,,,,,,,,,,,,,,,0,,,0,0,,haganas01
539,Udonis Haslem,40,MIA,C,1,0,3,1.000,8.6,1.000,.500,.000,.500,.000,.000,1.000,1.000,,1.000,,,1.000,,.000,0,,,0,0,,hasleud01
540,Will Magnay,22,NOP,C,1,0,3,.000,26.7,.000,.000,.000,.000,.000,1.000,,,,,,.000,,,.000,0,.000,,0,0,,magnawi01
