Rank,Player,Age,Team,Pos,G,GS,MP,FG,FGA,FG%,3P,3PA,3P%,2P,2PA,2P%,eFG%,FT,FTA,FT%,ORB,DRB,TRB,AST,STL,BLK,TOV,PF,PTS,Trp-Dbl,Awards,Player-additional
1,Shai Gilgeous-Alexander,26,OKC,PG,76,76,2598,860,1656,.519,163,435,.375,697,1221,.571,.569,601,669,.898,67,312,379,486,131,77,183,164,2484,0,MVP-1DPOY-10CPOY-8ASNBA1,gilgesh01
2,Anthony Edwards,23,MIN,SG,79,79,2871,721,1612,.447,320,811,.395,401,801,.501,.547,415,496,.837,61,389,450,359,91,51,249,150,2177,0,MVP-7CPOY-3ASNBA2,edwaran01
3,Nikola Jokić,29,DEN,C,70,70,2571,786,1364,.576,138,331,.417,648,1033,.627,.627,361,451,.800,200,692,892,716,127,45,230,160,2071,34,MVP-2CPOY-2ASNBA1,jokicni01
4,Giannis Antetokounmpo,30,MIL,PF,67,67,2289,793,1319,.601,14,63,.222,779,1256,.620,.607,436,707,.617,147,651,798,433,58,78,206,155,2036,11,MVP-3DPOY-8ASNBA1,antetgi01
5,Jayson Tatum,26,BOS,PF,72,72,2624,662,1465,.452,250,728,.343,412,737,.559,.537,358,440,.814,48,575,623,431,76,38,209,157,1932,2,MVP-4CPOY-10ASNBA1,tatumja01
6,Devin Booker,28,PHO,SG,75,75,2795,654,1420,.461,183,551,.332,471,869,.542,.525,432,483,.894,76,229,305,529,67,16,220,198,1923,0,,bookede01
7,Trae Young,26,ATL,PG,76,76,2739,566,1376,.411,218,642,.340,348,734,.474,.491,491,561,.875,36,200,236,880,91,12,355,145,1841,0,CPOY-4AS,youngtr01
8,Tyler Herro,25,MIA,SG,77,77,2725,651,1378,.472,251,670,.375,400,708,.565,.563,287,327,.878,35,364,399,424,69,17,198,85,1840,0,AS,herroty01
9,Cade Cunningham,23,DET,PG,70,70,2452,684,1457,.469,149,418,.356,535,1039,.515,.521,313,370,.846,56,369,425,638,71,53,309,195,1830,9,MVP-7ASNBA3,cunnica01
10,James Harden,35,LAC,PG,79,79,2789,531,1295,.410,235,668,.352,296,627,.472,.501,505,578,.874,55,401,456,687,118,55,341,162,1802,3,MVP-10ASNBA3,hardeja01
11,Karl-Anthony Towns,29,NYK,C,72,72,2517,639,1215,.526,142,338,.420,497,877,.567,.584,339,409,.829,212,708,920,222,71,50,192,249,1759,1,ASNBA3,townska01
12,Zach LaVine,29,2TM,SG,74,74,2602,625,1223,.511,239,536,.446,386,687,.562,.609,235,285,.825,22,293,315,310,58,12,208,121,1724,0,,lavinza01
13,Jalen Green,22,HOU,SG,82,82,2697,608,1437,.423,234,661,.354,374,776,.482,.505,273,336,.813,45,332,377,282,71,27,203,127,1723,0,,greenja05
14,Stephen Curry,36,GSW,PG,70,70,2252,564,1258,.448,311,784,.397,253,474,.534,.572,279,299,.933,40,270,310,421,80,30,200,95,1718,0,MVP-9CPOY-5ASNBA2,curryst01
15,DeMar DeRozan,35,SAC,SF,77,77,2768,624,1308,.477,84,256,.328,540,1052,.513,.509,378,441,.857,50,248,298,342,62,32,105,150,1710,0,,derozde01
16,LeBron James,40,LAL,SF,70,70,2444,651,1270,.513,149,396,.376,502,874,.574,.571,259,331,.782,72,474,546,575,70,39,260,99,1710,10,MVP-6CPOY-7ASNBA2,jamesle01
17,Donovan Mitchell,28,CLE,SG,71,71,2232,585,1320,.443,233,633,.368,352,687,.512,.531,298,362,.823,57,265,322,354,95,17,149,140,1701,0,MVP-5CPOY-9ASNBA1,mitchdo01
18,Jalen Brunson,28,NYK,PG,65,65,2301,585,1200,.488,152,397,.383,433,803,.539,.551,368,448,.821,27,160,187,475,60,8,164,138,1690,0,MVP-10CPOY-1ASNBA2,brunsja01
19,Kevin Durant,36,PHO,PF,62,62,2265,592,1124,.527,160,372,.430,432,752,.574,.598,303,361,.839,23,351,374,263,50,77,190,104,1647,0,AS,duranke01
20,Jaren Jackson Jr.,25,MEM,C,74,74,2207,592,1213,.488,146,389,.375,446,824,.541,.548,311,398,.781,91,326,417,148,92,113,153,257,1641,0,DPOY-7ASDEF2,jacksja02
21,Pascal Siakam,30,IND,PF,78,78,2548,613,1182,.519,126,324,.389,487,858,.568,.572,226,308,.734,133,407,540,263,70,42,109,189,1578,0,AS,siakapa01
22,Darius Garland,25,CLE,PG,75,75,2301,554,1174,.472,212,529,.401,342,645,.530,.562,224,255,.878,47,167,214,506,91,11,189,143,1544,0,CPOY-6AS,garlada01
23,Coby White,24,CHI,SG,74,73,2450,508,1121,.453,216,584,.370,292,537,.544,.550,277,307,.902,25,248,273,330,69,16,177,154,1509,0,,whiteco01
24,Jalen Williams,23,OKC,SG,69,69,2237,565,1168,.484,124,340,.365,441,828,.533,.537,236,299,.789,59,310,369,354,111,46,150,158,1490,0,ASNBA3DEF2,willija06
25,Austin Reaves,26,LAL,SG,73,73,2550,477,1037,.460,200,531,.377,277,506,.547,.556,321,366,.877,61,268,329,421,81,22,177,151,1475,1,,reaveau01
26,De'Aaron Fox,27,2TM,PG,62,62,2241,539,1163,.463,118,381,.310,421,782,.538,.514,263,318,.827,54,244,298,392,91,25,174,164,1459,0,,foxde01
27,Alperen Şengün,22,HOU,C,76,76,2395,567,1143,.496,21,90,.233,546,1053,.519,.505,296,428,.692,262,524,786,372,84,61,194,209,1451,4,AS,sengual01
28,Franz Wagner,23,ORL,SF,60,60,2023,537,1161,.463,104,352,.295,433,809,.535,.507,271,311,.871,56,286,342,284,75,21,138,147,1449,0,,wagnefr01
29,Damian Lillard,34,MIL,PG,58,58,2093,444,992,.448,197,524,.376,247,468,.528,.547,362,393,.921,29,243,272,410,70,10,162,97,1447,2,AS,lillada01
30,Mikal Bridges,28,NYK,SF,82,82,3036,592,1183,.500,164,463,.354,428,720,.594,.570,96,118,.814,71,188,259,306,75,43,132,127,1444,0,,bridgmi01
31,Jamal Murray,27,DEN,PG,67,67,2418,531,1121,.474,156,397,.393,375,724,.518,.543,218,246,.886,45,216,261,403,91,33,138,128,1436,0,,murraja01
32,Bam Adebayo,27,MIA,C,78,78,2674,540,1113,.485,79,221,.357,461,892,.517,.521,251,328,.765,185,564,749,337,98,53,161,162,1410,1,DPOY-10,adebaba01
33,Luka Dončić,25,2TM,PG,50,50,1769,461,1025,.450,177,481,.368,284,544,.522,.536,309,395,.782,40,369,409,383,89,21,179,126,1408,5,,doncilu01
34,Jaylen Brown,28,BOS,SF,63,63,2158,518,1118,.463,116,358,.324,402,760,.529,.515,246,322,.764,82,286,368,286,73,19,162,154,1398,0,AS,brownja02
35,Michael Porter Jr.,26,DEN,SF,77,77,2593,528,1048,.504,193,489,.395,335,559,.599,.596,149,194,.768,138,402,540,165,50,38,104,157,1398,0,,portemi01
36,Jordan Poole,25,WAS,SG,68,68,2001,457,1057,.432,235,622,.378,222,435,.510,.544,242,274,.883,31,172,203,303,86,27,204,201,1391,0,,poolejo01
37,Tyrese Maxey,24,PHI,PG,52,52,1960,477,1091,.437,161,478,.337,316,613,.515,.511,254,289,.879,15,159,174,317,91,21,124,116,1369,1,CPOY-10,maxeyty01
38,Tyrese Haliburton,24,IND,PG,73,73,2451,476,1006,.473,218,562,.388,258,444,.581,.582,189,222,.851,42,216,258,673,105,49,120,92,1359,0,NBA3,halibty01
39,Nikola Vučević,34,CHI,C,73,72,2278,550,1038,.530,129,321,.402,421,717,.587,.592,120,149,.805,178,557,735,256,61,52,119,163,1349,1,,vucevni01
40,Anfernee Simons,25,POR,SG,70,70,2292,479,1125,.426,215,593,.363,264,532,.496,.521,175,194,.902,25,164,189,337,60,5,143,117,1348,0,,simonan01
41,Ivica Zubac,27,LAC,C,80,80,2624,592,942,.628,0,0,,592,942,.628,.628,156,236,.661,300,710,1010,214,55,90,127,168,1340,1,DPOY-6DEF2,zubaciv01
42,Domantas Sabonis,28,SAC,C,70,70,2429,527,893,.590,65,156,.417,462,737,.627,.627,218,289,.754,267,705,972,423,48,26,202,229,1337,10,,sabondo01
43,Malik Beasley,28,DET,SG,82,18,2283,461,1071,.430,319,766,.416,142,305,.466,.579,95,140,.679,47,167,214,139,73,5,83,125,1336,0,6MOY-2,beaslma01
44,Shaedon Sharpe,21,POR,SG,72,52,2252,499,1104,.452,147,472,.311,352,632,.557,.519,190,242,.785,68,256,324,198,62,16,150,120,1335,0,,sharpsh01
45,OG Anunoby,27,NYK,PF,74,74,2706,489,1027,.476,171,460,.372,318,567,.561,.559,183,226,.810,97,261,358,164,110,65,102,172,1332,0,,anunoog01
46,Desmond Bane,26,MEM,SG,69,68,2205,493,1018,.484,164,418,.392,329,600,.548,.565,177,198,.894,62,356,418,369,80,28,169,164,1327,1,,banede01
47,Evan Mobley,23,CLE,PF,71,71,2167,505,906,.557,85,230,.370,420,676,.621,.604,221,305,.725,164,495,659,226,61,113,145,141,1316,0,MVP-10DPOY-1ASNBA2DEF1,mobleev01
48,Norman Powell,31,LAC,SG,60,60,1958,457,945,.484,179,428,.418,278,517,.538,.578,213,265,.804,21,169,190,125,73,9,108,114,1306,0,,powelno01
49,Miles Bridges,26,CHO,PF,64,64,2029,469,1089,.431,141,450,.313,328,639,.513,.495,221,254,.870,72,409,481,248,44,45,136,93,1300,1,,bridgmi02
50,Julius Randle,30,MIN,PF,69,69,2226,455,939,.485,108,314,.344,347,625,.555,.542,270,335,.806,144,343,487,323,47,16,196,175,1288,0,,randlju01
51,Anthony Davis,31,2TM,C,51,51,1706,470,910,.516,35,124,.282,435,786,.553,.536,286,369,.775,134,456,590,181,59,110,113,98,1261,1,AS,davisan02
52,Scottie Barnes,23,TOR,PF,65,65,2134,474,1063,.446,76,280,.271,398,783,.508,.482,228,302,.755,109,393,502,378,93,63,185,113,1252,1,,barnesc01
53,Derrick White,30,BOS,SG,76,76,2574,424,959,.442,265,691,.384,159,268,.593,.580,135,161,.839,67,274,341,361,72,80,131,138,1248,0,DPOY-10,whitede01
54,Kyrie Irving,32,DAL,SG,50,50,1804,447,945,.473,144,359,.401,303,586,.517,.549,196,214,.916,60,180,240,231,66,23,111,101,1234,0,CPOY-10AS,irvinky01
55,RJ Barrett,24,TOR,SF,58,58,1869,460,982,.468,107,306,.350,353,676,.522,.523,196,311,.630,61,305,366,314,46,17,165,137,1223,2,,barrerj01
56,Deni Avdija,24,POR,SF,72,54,2161,402,844,.476,125,342,.365,277,502,.552,.550,290,372,.780,110,412,522,281,71,35,196,171,1219,2,,avdijde01
57,Christian Braun,23,DEN,SG,79,77,2675,476,821,.580,89,224,.397,387,597,.648,.634,177,214,.827,98,312,410,205,85,37,81,170,1218,0,,braunch01
58,Paolo Banchero,22,ORL,PF,46,46,1582,412,911,.452,87,272,.320,325,639,.509,.500,280,385,.727,51,294,345,219,36,28,136,97,1191,0,,banchpa01
59,Stephon Castle,20,SAS,SG,81,47,2162,423,988,.428,95,333,.285,328,655,.501,.476,249,344,.724,89,208,297,332,74,22,177,164,1190,0,ROY-1,castlst01
60,LaMelo Ball,23,CHO,PG,47,47,1505,406,1003,.405,179,528,.339,227,475,.478,.494,193,229,.843,47,185,232,346,54,13,167,157,1184,0,,ballla01
61,CJ McCollum,33,NOP,PG,56,56,1832,444,1000,.444,171,459,.373,273,541,.505,.530,124,173,.717,42,170,212,227,46,24,106,124,1183,0,,mccolcj01
62,Ja Morant,25,MEM,PG,50,50,1519,404,889,.454,88,285,.309,316,604,.523,.504,263,319,.824,34,171,205,364,61,12,185,113,1159,1,,moranja01
63,Collin Sexton,26,UTA,SG,63,61,1758,416,867,.480,110,271,.406,306,596,.513,.543,217,251,.865,60,111,171,264,47,6,160,144,1159,0,,sextoco01
64,Bennedict Mathurin,22,IND,SF,72,49,2149,391,853,.458,98,288,.340,293,565,.519,.516,276,332,.831,87,296,383,136,47,24,135,162,1156,0,,mathube01
65,Payton Pritchard,27,BOS,PG,80,3,2271,409,866,.472,255,626,.407,154,240,.642,.620,71,84,.845,102,205,307,279,70,14,83,118,1144,0,6MOY-1,pritcpa01
66,Naz Reid,25,MIN,C,80,17,2200,426,923,.462,175,462,.379,251,461,.544,.556,111,143,.776,92,388,480,181,58,72,108,189,1138,0,6MOY-5,reidna01
67,Keyonte George,21,UTA,PG,67,35,2109,359,919,.391,174,507,.343,185,412,.449,.485,233,285,.818,26,227,253,377,46,9,183,111,1125,0,,georgke01
68,Trey Murphy III,24,NOP,SF,53,51,1854,381,839,.454,158,438,.361,223,401,.556,.548,204,230,.887,47,221,268,188,56,39,103,112,1124,0,,murphtr02
69,Myles Turner,28,IND,C,72,72,2174,390,811,.481,156,394,.396,234,417,.561,.577,184,238,.773,90,381,471,111,54,144,123,183,1120,0,,turnemy01
70,Malik Monk,26,SAC,SG,65,45,2054,412,939,.439,139,428,.325,273,511,.534,.513,154,178,.865,30,215,245,362,61,38,159,158,1117,0,,monkma01
71,Victor Wembanyama,21,SAS,C,46,46,1527,408,857,.476,142,403,.352,266,454,.586,.559,158,189,.836,82,424,506,168,52,176,149,105,1116,1,AS,wembavi01
72,Jarrett Allen,26,CLE,C,82,82,2296,452,640,.706,0,5,.000,452,635,.712,.706,199,277,.718,216,582,798,158,77,73,97,127,1103,0,,allenja01
73,Quentin Grimes,24,2TM,SG,75,37,2013,384,823,.467,162,421,.385,222,402,.552,.565,162,214,.757,59,265,324,228,74,22,141,138,1092,0,,grimequ01
74,De'Andre Hunter,27,2TM,SF,64,9,1740,358,762,.470,157,388,.405,201,374,.537,.573,215,254,.846,44,214,258,92,50,13,82,155,1088,0,6MOY-4,huntede01
75,Andrew Wiggins,29,2TM,SF,60,60,1842,376,839,.448,130,348,.374,246,491,.501,.526,196,257,.763,89,180,269,158,60,50,99,101,1078,0,,wiggian01
76,Dyson Daniels,21,ATL,SG,76,76,2571,455,923,.493,80,235,.340,375,688,.545,.536,83,140,.593,124,325,449,333,229,55,155,175,1073,0,DPOY-2MIP-1DEF1,daniedy01
77,Cameron Johnson,28,BRK,PF,57,57,1800,355,747,.475,159,408,.390,196,339,.578,.582,201,225,.893,54,193,247,194,53,25,99,104,1070,0,,johnsca02
78,Dillon Brooks,29,HOU,SF,75,75,2388,384,895,.429,186,469,.397,198,426,.465,.533,99,121,.818,75,200,275,128,60,16,76,242,1053,0,,brookdi01
79,Josh Hart,29,NYK,SG,77,77,2897,404,770,.525,84,252,.333,320,518,.618,.579,159,205,.776,161,576,737,453,119,27,158,201,1051,9,,hartjo01
80,Brook Lopez,36,MIL,C,80,80,2546,394,774,.509,139,373,.373,255,401,.636,.599,114,138,.826,113,288,401,143,50,148,84,171,1041,0,,lopezbr01
81,Devin Vassell,24,SAS,SG,64,53,1983,394,889,.443,158,429,.368,236,460,.513,.532,95,120,.792,34,221,255,183,84,33,88,108,1041,0,,vassede01
82,Josh Giddey,22,CHI,PG,70,69,2117,371,798,.465,105,278,.378,266,520,.512,.531,175,224,.781,127,439,566,503,84,45,202,122,1022,7,,giddejo01
83,Harrison Barnes,32,SAS,PF,82,82,2230,347,683,.508,156,360,.433,191,323,.591,.622,161,199,.809,97,213,310,136,39,14,50,75,1011,0,,barneha02
84,Klay Thompson,34,DAL,SF,72,72,1965,361,877,.412,216,553,.391,145,324,.448,.535,67,74,.905,44,202,246,145,50,30,88,81,1005,0,,thompkl01
85,Tobias Harris,32,DET,PF,73,73,2305,384,805,.477,91,264,.345,293,541,.542,.534,143,166,.861,65,367,432,162,74,57,85,138,1002,0,,harrito02
86,Jaden McDaniels,24,MIN,PF,82,82,2614,398,834,.477,100,303,.330,298,531,.561,.537,104,128,.813,129,341,470,163,110,74,95,225,1000,0,,mcdanja02
87,Russell Westbrook,36,DEN,PG,75,36,2092,373,831,.449,94,291,.323,279,540,.517,.505,154,233,.661,102,268,370,457,106,37,242,188,994,4,6MOY-7,westbru01
88,Onyeka Okongwu,24,ATL,C,74,40,2064,388,684,.567,48,148,.324,340,536,.634,.602,164,216,.759,220,440,660,168,69,68,90,193,988,0,,okongon01
89,Dennis Schröder,31,3TM,PG,75,49,2105,336,827,.406,127,371,.342,209,456,.458,.483,181,216,.838,27,171,198,404,66,12,142,180,980,0,,schrode01
90,Keldon Johnson,25,SAS,SF,77,0,1838,371,770,.482,87,274,.318,284,496,.573,.538,150,194,.773,112,259,371,125,49,22,77,115,979,0,,johnske04
91,Amen Thompson,22,HOU,SF,69,42,2225,388,697,.557,25,91,.275,363,606,.599,.575,169,247,.684,192,372,564,265,97,89,138,167,970,3,DPOY-5DEF1,thompam01
92,Jimmy Butler,35,2TM,SF,55,55,1746,301,597,.504,32,104,.308,269,493,.546,.531,330,392,.842,125,171,296,298,77,18,74,52,964,3,,butleji01
93,Kyle Kuzma,29,2TM,PF,65,62,1936,370,848,.436,96,313,.307,274,535,.512,.493,128,202,.634,54,316,370,152,36,19,146,119,964,0,,kuzmaky01
94,Keegan Murray,24,SAC,PF,76,76,2610,364,820,.444,154,449,.343,210,371,.566,.538,60,72,.833,146,361,507,109,61,69,60,186,942,0,,murrake02
95,Zaccharie Risacher,19,ATL,SF,75,73,1843,357,779,.458,122,344,.355,235,435,.540,.537,106,149,.711,86,182,268,92,52,37,92,149,942,0,ROY-2,risacza01
96,Jalen Duren,21,DET,C,78,78,2034,378,546,.692,0,0,,378,546,.692,.692,162,242,.669,277,530,807,209,54,89,136,251,918,0,,durenja01
97,Naji Marshall,27,DAL,SF,69,31,1919,362,712,.508,60,218,.275,302,494,.611,.551,130,160,.813,76,252,328,208,70,11,112,109,914,0,,marshna01
98,Aaron Wiggins,26,OKC,SG,76,26,1744,355,728,.488,130,339,.383,225,389,.578,.577,74,89,.831,81,214,295,134,60,18,69,101,914,0,,wiggiaa01
99,Buddy Hield,32,GSW,SG,82,22,1863,328,786,.417,203,549,.370,125,237,.527,.546,53,64,.828,51,213,264,134,69,23,91,132,912,0,,hieldbu01
100,Kelly Oubre Jr.,29,PHI,SF,60,57,2078,348,741,.470,71,242,.293,277,499,.555,.518,139,185,.751,97,271,368,108,92,30,80,180,906,0,,oubreke01
101,Bradley Beal,31,PHO,SG,53,38,1702,345,694,.497,102,264,.386,243,430,.565,.571,110,137,.803,34,143,177,195,58,28,99,136,902,0,,bealbr01
102,Lauri Markkanen,27,UTA,PF,47,47,1476,296,700,.423,138,399,.346,158,301,.525,.521,162,185,.876,72,206,278,70,33,17,66,79,892,0,,markkla01
103,Toumani Camara,24,POR,PF,78,78,2548,328,716,.458,135,360,.375,193,356,.542,.552,91,126,.722,173,277,450,175,116,50,109,230,882,0,DPOY-9DEF2,camarto01
104,Ty Jerome,27,CLE,SG,70,3,1392,319,618,.516,111,253,.439,208,365,.570,.606,129,148,.872,50,123,173,237,78,3,92,102,878,0,6MOY-3,jeromty01
105,Spencer Dinwiddie,31,DAL,PG,79,30,2136,284,682,.416,109,326,.334,175,356,.492,.496,195,243,.802,18,191,209,349,70,17,102,121,872,0,,dinwisp01
106,Alex Sarr,19,WAS,C,67,67,1814,326,828,.394,105,341,.308,221,487,.454,.457,112,165,.679,124,311,435,161,44,101,114,146,869,0,ROY-4,sarral01
107,Rudy Gobert,32,MIN,C,72,72,2388,341,510,.669,0,0,,341,510,.669,.669,184,273,.674,265,520,785,127,56,104,89,182,866,0,DPOY-13DEF2,goberru01
108,Tim Hardaway Jr.,32,DET,SG,77,77,2153,276,680,.406,168,457,.368,108,223,.484,.529,124,145,.855,18,165,183,123,38,7,48,96,844,0,,hardati02
109,Fred VanVleet,30,HOU,PG,60,60,2111,287,759,.378,159,461,.345,128,298,.430,.483,111,137,.810,32,189,221,333,94,25,87,140,844,0,,vanvlfr01
110,Jonas Valančiūnas,32,2TM,C,81,21,1524,345,627,.550,8,37,.216,337,590,.571,.557,145,165,.879,190,437,627,164,37,46,120,181,843,0,,valanjo01
111,Keon Johnson,22,BRK,SG,79,56,1925,303,779,.389,126,401,.314,177,378,.468,.470,107,139,.770,63,234,297,175,82,30,116,209,839,0,,johnske07
112,Scoot Henderson,20,POR,PG,66,10,1759,287,685,.419,105,297,.354,182,388,.469,.496,158,206,.767,52,146,198,335,68,13,177,181,837,0,,hendesc01
113,P.J. Washington,26,DAL,PF,57,56,1835,301,665,.453,91,239,.381,210,426,.493,.521,143,198,.722,82,360,442,131,63,60,118,131,836,0,,washipj01
114,Obi Toppin,26,IND,PF,79,4,1545,317,599,.529,110,301,.365,207,298,.695,.621,89,114,.781,56,262,318,128,46,28,68,108,833,0,,toppiob01
115,Tyus Jones,28,PHO,PG,81,58,2174,306,683,.448,166,401,.414,140,282,.496,.570,51,57,.895,40,156,196,429,69,8,91,63,829,0,,jonesty01
116,Jakob Poeltl,29,TOR,C,57,56,1686,363,579,.627,1,3,.333,362,576,.628,.628,97,144,.674,189,358,547,158,66,71,111,176,824,0,,poeltja01
117,Gary Trent Jr.,26,MIL,SG,74,9,1893,283,657,.431,180,433,.416,103,224,.460,.568,78,92,.848,20,148,168,87,72,4,42,124,824,0,,trentga02
118,Jaylen Wells,21,MEM,SG,79,74,2043,287,676,.425,138,392,.352,149,284,.525,.527,111,135,.822,87,181,268,135,44,8,69,146,823,0,ROY-3,wellsja01
119,Kristaps Porziņģis,29,BOS,C,42,42,1210,277,574,.483,103,250,.412,174,324,.537,.572,161,199,.809,68,216,284,87,31,63,53,116,818,0,,porzikr01
120,Duncan Robinson,30,MIA,SF,74,37,1785,290,663,.437,190,483,.393,100,180,.556,.581,47,53,.887,18,149,167,176,40,6,86,135,817,0,,robindu01
121,Julian Champagnie,23,SAS,SF,82,29,1932,276,665,.415,178,480,.371,98,185,.530,.549,85,94,.904,67,251,318,111,61,35,74,114,815,0,,champju02
122,Santi Aldama,24,MEM,PF,65,16,1660,313,648,.483,120,326,.368,193,322,.599,.576,65,94,.691,94,322,416,188,52,29,71,76,811,0,,aldamsa01
123,Bub Carrington,19,WAS,PG,82,57,2458,300,748,.401,138,407,.339,162,341,.475,.493,69,85,.812,33,308,341,364,54,21,141,190,807,0,,carrica01
124,Kawhi Leonard,33,LAC,SF,37,37,1180,310,623,.498,78,190,.411,232,433,.536,.560,98,121,.810,35,184,219,116,59,17,72,56,796,0,,leonaka01
125,Georges Niang,31,2TM,PF,79,3,1697,286,620,.461,166,409,.406,120,211,.569,.595,46,58,.793,47,225,272,111,28,14,82,201,784,0,,niangge01
126,Derrick Jones Jr.,27,LAC,SF,77,55,1873,310,589,.526,78,219,.356,232,370,.627,.593,83,118,.703,93,170,263,60,79,33,66,153,781,0,,jonesde02
127,Scotty Pippen Jr.,24,MEM,PG,79,21,1683,285,594,.480,87,219,.397,198,375,.528,.553,122,171,.713,65,194,259,347,103,30,138,203,779,1,,pippesc02
128,Gradey Dick,21,TOR,SG,54,54,1587,265,647,.410,114,326,.350,151,321,.470,.498,133,155,.858,44,149,193,98,48,10,83,120,777,0,,dickgr01
129,Caris LeVert,30,2TM,SG,64,3,1596,280,599,.467,106,284,.373,174,315,.552,.556,110,155,.710,41,162,203,215,57,33,76,99,776,0,,leverca01
130,Rui Hachimura,26,LAL,PF,59,57,1869,293,576,.509,102,247,.413,191,329,.581,.597,87,113,.770,79,216,295,83,45,26,49,105,775,0,,hachiru01
131,Nickeil Alexander-Walker,26,MIN,SG,82,10,2073,270,616,.438,141,370,.381,129,246,.524,.553,92,118,.780,54,211,265,223,50,34,99,139,773,0,6MOY-6,alexani01
132,Brice Sensabaugh,21,UTA,SF,71,15,1432,275,599,.459,157,372,.422,118,227,.520,.590,65,73,.890,42,168,210,110,46,8,107,111,772,0,,sensabr01
133,Kevin Porter Jr.,24,2TM,SG,75,4,1482,293,652,.449,55,177,.311,238,475,.501,.492,130,169,.769,42,236,278,256,81,13,136,119,771,1,,porteke02
134,Guerschon Yabusele,29,PHI,C,70,43,1895,282,563,.501,104,274,.380,178,289,.616,.593,100,138,.725,134,261,395,148,58,24,87,164,768,0,,yabusgu01
135,John Collins,27,UTA,PF,40,31,1220,280,531,.527,59,148,.399,221,383,.577,.583,139,164,.848,89,238,327,80,39,40,103,116,758,0,,collijo01
136,Isaiah Joe,25,OKC,SG,74,16,1604,259,588,.440,192,466,.412,67,122,.549,.604,46,56,.821,41,155,196,119,48,9,38,113,756,0,,joeis01
137,Jalen Wilson,24,BRK,PF,79,22,2031,246,620,.397,122,362,.337,124,258,.481,.495,135,165,.818,75,195,270,145,40,5,79,164,749,0,,wilsoja03
138,Max Christie,21,2TM,SG,78,36,2127,252,590,.427,115,314,.366,137,276,.496,.525,130,152,.855,38,220,258,146,64,31,88,115,749,0,,chrisma02
139,Aaron Gordon,29,DEN,PF,51,42,1447,264,497,.531,75,172,.436,189,325,.582,.607,145,179,.810,80,167,247,164,23,14,73,82,748,0,,gordoaa01
140,Brandin Podziemski,21,GSW,SG,64,33,1716,280,629,.445,115,309,.372,165,320,.516,.537,72,95,.758,65,260,325,220,69,13,75,95,747,0,,podzibr01
141,Zion Williamson,24,NOP,PF,30,30,857,288,508,.567,3,13,.231,285,495,.576,.570,158,241,.656,76,140,216,159,37,27,90,82,737,2,,willizi01
142,Anthony Black,21,ORL,PG,78,10,1887,262,620,.423,62,195,.318,200,425,.471,.473,150,197,.761,52,178,230,240,86,48,139,166,736,0,,blackan01
143,D'Angelo Russell,28,2TM,PG,58,36,1480,249,638,.390,113,360,.314,136,278,.489,.479,121,145,.834,20,142,162,297,56,23,108,115,732,0,,russeda01
144,Bilal Coulibaly,20,WAS,SF,59,59,1948,263,624,.421,63,224,.281,200,400,.500,.472,138,185,.746,91,203,294,199,78,41,125,139,727,1,,coulibi01
145,Nic Claxton,25,BRK,C,70,62,1882,320,568,.563,5,21,.238,315,547,.576,.568,79,154,.513,157,358,515,157,62,100,87,150,724,0,,claxtni01
146,Moses Moody,22,GSW,SG,74,34,1649,246,568,.433,126,337,.374,120,231,.519,.544,106,133,.797,52,137,189,96,59,31,54,116,724,0,,moodymo01
147,Donte DiVincenzo,28,MIN,SG,62,10,1606,250,593,.422,174,438,.397,76,155,.490,.568,49,63,.778,32,196,228,225,73,17,99,114,723,0,,divindo01
148,Chris Paul,39,SAS,PG,82,82,2292,249,583,.427,140,371,.377,109,212,.514,.547,85,92,.924,33,263,296,605,103,22,129,151,723,0,,paulch01
149,T.J. McConnell,32,IND,PG,79,1,1415,324,624,.519,15,49,.306,309,575,.537,.531,57,77,.740,44,149,193,351,83,21,109,79,720,0,,mccontj01
150,Luguentz Dort,25,OKC,SF,71,71,2073,258,593,.435,170,413,.412,88,180,.489,.578,33,46,.717,89,204,293,115,79,39,51,208,719,0,DPOY-4DEF1,dortlu01
151,Jonathan Kuminga,22,GSW,PF,47,10,1144,258,568,.454,46,151,.305,212,417,.508,.495,157,235,.668,56,161,217,104,38,21,71,90,719,0,,kuminjo01
152,Dalton Knecht,23,LAL,SF,78,16,1494,257,557,.461,128,340,.376,129,217,.594,.576,64,84,.762,37,179,216,66,24,8,37,93,706,0,,knechda01
153,Corey Kispert,25,WAS,SF,61,0,1602,255,565,.451,120,330,.364,135,235,.574,.558,75,88,.852,36,145,181,103,26,14,64,98,705,0,,kispeco01
154,Daniel Gafford,26,DAL,C,57,31,1226,283,403,.702,0,0,,283,403,.702,.702,135,196,.689,155,233,388,80,23,102,66,152,701,0,,gaffoda01
155,Jabari Smith Jr.,21,HOU,PF,57,39,1716,248,566,.438,98,277,.354,150,289,.519,.525,104,126,.825,105,294,399,60,25,41,61,123,698,0,,smithja05
156,Amir Coffey,27,LAC,SG,72,13,1748,240,510,.471,101,247,.409,139,263,.529,.570,115,129,.891,32,129,161,77,40,7,45,120,696,0,,coffeam01
157,Kyle Filipowski,21,UTA,C,72,27,1522,260,518,.502,77,220,.350,183,298,.614,.576,93,143,.650,112,328,440,140,48,22,102,171,690,0,,filipky01
158,Matas Buzelis,20,CHI,SF,80,31,1511,252,555,.454,96,266,.361,156,289,.540,.541,88,108,.815,55,223,278,79,29,75,74,128,688,0,ROY-7,buzelma01
159,Tari Eason,23,HOU,PF,57,16,1420,272,559,.487,63,184,.342,209,375,.557,.543,79,104,.760,128,234,362,83,97,50,65,136,686,0,,easonta01
160,Jrue Holiday,34,BOS,PG,62,62,1896,254,573,.443,108,306,.353,146,267,.547,.538,70,77,.909,76,189,265,239,66,27,77,101,686,0,,holidjr01
161,Kevin Huerter,26,2TM,SG,69,31,1679,257,604,.425,132,391,.338,125,213,.587,.535,35,49,.714,30,175,205,156,66,23,67,121,681,0,,huertke01
162,Grayson Allen,29,PHO,SG,64,7,1544,219,489,.448,149,350,.426,70,139,.504,.600,93,114,.816,34,160,194,137,54,19,75,95,680,0,,allengr01
163,Jalen Johnson,23,ATL,SF,36,36,1284,271,542,.500,44,141,.312,227,401,.566,.541,94,126,.746,62,297,359,181,56,36,106,67,680,1,,johnsja05
164,Royce O'Neale,31,PHO,SF,75,22,1837,241,570,.423,179,441,.406,62,129,.481,.580,19,26,.731,53,296,349,163,67,34,65,151,680,0,,onealro01
165,Bobby Portis,29,MIL,PF,49,7,1244,277,595,.466,65,178,.365,212,417,.508,.520,61,73,.836,90,321,411,104,35,26,57,94,680,0,,portibo01
166,Terry Rozier,30,MIA,PG,64,23,1658,248,635,.391,91,308,.295,157,327,.480,.462,92,108,.852,44,194,238,167,37,14,78,73,679,0,,roziete01
167,Jerami Grant,30,POR,PF,47,47,1524,214,574,.373,108,296,.365,106,278,.381,.467,141,166,.849,26,137,163,101,41,46,65,109,677,0,,grantje01
168,Kentavious Caldwell-Pope,31,ORL,SG,77,77,2279,239,544,.439,113,330,.342,126,214,.589,.543,82,95,.863,33,136,169,136,99,34,62,136,673,0,,caldwke01
169,Mark Williams,23,CHO,C,44,41,1171,270,447,.604,0,4,.000,270,443,.609,.604,131,163,.804,132,315,447,109,32,54,71,105,671,0,,willima07
170,Ochai Agbaji,24,TOR,SG,64,45,1739,266,534,.498,101,253,.399,165,281,.587,.593,34,48,.708,61,181,242,98,58,30,54,125,667,0,,agbajoc01
171,Keon Ellis,25,SAC,SG,80,28,1948,227,464,.489,139,321,.433,88,143,.615,.639,73,86,.849,60,152,212,120,121,63,71,176,666,0,,elliske01
172,Paul George,34,PHI,PF,41,41,1334,245,570,.430,96,268,.358,149,302,.493,.514,79,97,.814,24,195,219,178,75,20,106,101,665,0,,georgpa01
173,Yves Missi,20,NOP,C,73,67,1956,269,492,.547,0,1,.000,269,491,.548,.547,127,204,.623,255,346,601,99,37,98,82,145,665,0,,missiyv01
174,Taurean Prince,30,MIL,SF,80,73,2166,235,514,.457,147,335,.439,88,179,.492,.600,39,48,.813,34,253,287,155,76,15,82,165,656,0,,princta02
175,Andrew Nembhard,25,IND,SG,65,65,1881,247,539,.458,51,175,.291,196,364,.538,.506,108,136,.794,34,182,216,326,79,11,112,149,653,0,,nembhan01
176,Walker Kessler,23,UTA,C,58,58,1740,278,419,.663,6,34,.176,272,385,.706,.671,79,152,.520,266,441,707,97,36,138,86,130,641,0,,kesslwa01
177,Isaiah Hartenstein,26,OKC,C,57,53,1590,279,480,.581,0,19,.000,279,461,.605,.581,79,117,.675,163,448,611,219,47,62,96,171,637,0,,harteis01
178,Ziaire Williams,23,BRK,SF,63,45,1541,214,520,.412,103,302,.341,111,218,.509,.511,101,123,.821,61,226,287,84,62,28,67,149,632,0,,willizi02
179,Cole Anthony,24,ORL,PG,67,22,1234,230,543,.424,77,218,.353,153,325,.471,.494,93,113,.823,46,158,204,191,45,32,103,151,630,0,,anthoco01
180,Wendell Carter Jr.,25,ORL,C,68,51,1758,226,491,.460,37,158,.234,189,333,.568,.498,129,175,.737,151,341,492,134,52,41,77,199,618,0,,cartewe01
181,Jeremy Sochan,21,SAS,PF,54,23,1364,251,469,.535,28,91,.308,223,378,.590,.565,87,125,.696,127,225,352,128,45,27,84,131,617,0,,sochaje01
182,Isaiah Collier,20,UTA,PG,71,46,1839,234,555,.422,42,169,.249,192,386,.497,.459,105,154,.682,32,203,235,446,66,16,208,149,615,0,,colliis01
183,Draymond Green,34,GSW,PF,68,66,1983,216,509,.424,80,246,.325,136,263,.517,.503,101,147,.687,74,340,414,383,99,70,174,219,613,1,DPOY-3DEF1,greendr01
184,Miles McBride,24,NYK,SG,64,10,1593,222,547,.406,115,312,.369,107,235,.455,.511,52,64,.813,47,114,161,187,67,17,41,108,611,0,,mcbrimi01
185,Zach Edey,22,MEM,C,66,55,1416,251,433,.580,18,52,.346,233,381,.612,.600,90,127,.709,232,316,548,65,36,85,88,182,610,0,ROY-5,edeyza01
186,Sam Hauser,27,BOS,PF,71,19,1541,214,474,.451,166,399,.416,48,75,.640,.627,11,11,1.000,44,180,224,64,41,13,23,87,605,0,,hausesa01
187,Jordan Hawkins,22,NOP,SG,56,9,1321,207,556,.372,110,332,.331,97,224,.433,.471,80,98,.816,25,133,158,66,30,23,58,51,604,0,,hawkijo01
188,Jordan Clarkson,32,UTA,SG,37,9,962,201,493,.408,84,232,.362,117,261,.448,.493,114,143,.797,25,93,118,138,31,9,86,52,600,0,,clarkjo01
189,Cam Thomas,23,BRK,SG,25,23,781,199,454,.438,68,195,.349,131,259,.506,.513,133,151,.881,15,68,83,94,15,2,62,44,599,0,,thomaca02
190,Kel'el Ware,20,MIA,C,64,36,1422,257,464,.554,35,111,.315,222,353,.629,.592,46,67,.687,116,357,473,60,39,71,57,111,595,0,ROY-6,wareke01
191,Ausar Thompson,22,DET,SF,59,48,1328,246,460,.535,11,49,.224,235,411,.572,.547,91,142,.641,111,192,303,134,98,40,80,164,594,0,,thompau01
192,Nick Smith Jr.,20,CHO,SG,60,27,1369,222,568,.391,104,306,.340,118,262,.450,.482,43,46,.935,13,115,128,145,17,6,82,79,591,0,,smithni01
193,Kyshawn George,21,WAS,SG,68,38,1802,203,546,.372,114,354,.322,89,192,.464,.476,70,93,.753,49,236,285,169,68,50,97,201,590,0,,georgky01
194,Julian Strawther,22,DEN,SG,65,4,1384,210,486,.432,94,269,.349,116,217,.535,.529,74,90,.822,17,125,142,83,39,16,57,151,588,0,,strawju01
195,Davion Mitchell,26,2TM,PG,74,37,2027,223,476,.468,84,211,.398,139,265,.525,.557,58,84,.690,35,132,167,363,72,16,128,185,588,0,,mitchda01
196,Bogdan Bogdanović,32,2TM,SG,54,4,1348,210,492,.427,105,289,.363,105,203,.517,.534,58,66,.879,24,135,159,146,41,11,74,127,583,0,,bogdabo01
197,Mike Conley,37,MIN,PG,71,64,1756,187,468,.400,127,310,.410,60,158,.380,.535,81,90,.900,32,150,182,319,79,14,75,111,582,0,,conlemi01
198,Jose Alvarado,26,NOP,PG,56,23,1366,204,521,.392,111,309,.359,93,212,.439,.498,60,74,.811,27,109,136,259,74,14,86,91,579,0,,alvarjo01
199,Deandre Ayton,26,POR,C,40,40,1206,265,468,.566,6,32,.188,259,436,.594,.573,40,60,.667,124,282,406,64,31,39,69,88,576,0,,aytonde01
200,Luke Kennard,28,MEM,SG,65,11,1472,206,431,.478,113,261,.433,93,170,.547,.609,51,57,.895,37,146,183,215,50,5,72,59,576,0,,kennalu01
201,Johnny Juzang,23,UTA,SG,64,18,1270,204,475,.429,118,314,.376,86,161,.534,.554,45,53,.849,42,142,184,68,39,8,36,126,571,0,,juzanjo01
202,Jaime Jaquez Jr.,23,MIA,SF,66,17,1368,213,462,.461,37,119,.311,176,343,.513,.501,107,142,.754,84,206,290,166,61,14,98,81,570,1,,jaqueja01
203,Brandon Miller,22,CHO,SF,27,27,924,198,491,.403,104,293,.355,94,198,.475,.509,68,79,.861,25,106,131,98,29,20,76,74,568,0,,millebr02
204,Cason Wallace,21,OKC,SG,68,43,1876,232,489,.474,74,208,.356,158,281,.562,.550,30,37,.811,71,158,229,173,120,35,59,145,568,0,,wallaca01
205,Jalen Suggs,23,ORL,PG,35,35,1002,197,481,.410,76,242,.314,121,239,.506,.489,97,110,.882,23,118,141,129,51,33,102,98,567,0,,suggsja01
206,Ayo Dosunmu,25,CHI,SG,46,26,1394,221,449,.492,62,189,.328,159,260,.612,.561,62,79,.785,26,135,161,208,43,18,69,105,566,1,,dosunay01
207,Patrick Williams,23,CHI,PF,63,36,1576,205,516,.397,96,272,.353,109,244,.447,.490,60,83,.723,43,194,237,124,48,32,86,88,566,0,,willipa01
208,Immanuel Quickley,25,TOR,PG,33,33,918,184,438,.420,85,225,.378,99,213,.465,.517,111,128,.867,16,101,117,191,23,4,58,61,564,0,,quickim01
209,Dalano Banton,25,POR,PG,67,7,1120,198,507,.391,72,222,.324,126,285,.442,.462,91,125,.728,30,105,135,160,43,34,86,58,559,0,,bantoda01
210,Peyton Watson,22,DEN,SF,68,18,1656,204,428,.477,48,136,.353,156,292,.534,.533,95,137,.693,47,186,233,94,48,93,56,123,551,0,,watsope01
211,Dorian Finney-Smith,31,2TM,PF,63,40,1818,195,435,.448,129,314,.411,66,121,.545,.597,30,45,.667,80,167,247,90,58,23,56,136,549,0,,finnedo01
212,Justin Champagnie,23,WAS,SF,62,31,1340,210,411,.511,74,193,.383,136,218,.624,.601,50,73,.685,112,239,351,60,65,39,54,110,544,0,,champju01
213,Dejounte Murray,28,NOP,PG,31,31,1012,194,494,.393,52,174,.299,142,320,.444,.445,102,124,.823,17,183,200,228,63,12,106,61,542,1,,murrade01
214,A.J. Green,25,MIL,SG,73,7,1659,182,424,.429,155,363,.427,27,61,.443,.612,22,27,.815,18,156,174,108,37,7,40,157,541,0,,greenaj01
215,Aaron Nesmith,25,IND,SF,45,37,1123,192,379,.507,84,195,.431,108,184,.587,.617,73,80,.913,37,141,178,54,35,17,37,114,541,0,,nesmiaa01
216,Jared Butler,24,2TM,SG,60,17,1044,203,453,.448,60,169,.355,143,284,.504,.514,75,91,.824,25,85,110,220,42,13,80,97,541,0,,butleja02
217,Al Horford,38,BOS,C,60,42,1659,195,461,.423,114,314,.363,81,147,.551,.547,34,38,.895,79,290,369,128,36,51,46,81,538,0,,horfoal01
218,Brandon Clarke,28,MEM,PF,64,18,1207,236,380,.621,1,17,.059,235,363,.647,.622,61,87,.701,127,199,326,66,52,36,41,145,534,0,,clarkbr01
219,Tristan Da Silva,23,ORL,SF,74,38,1629,199,483,.412,80,239,.335,119,244,.488,.495,55,63,.873,73,172,245,113,33,18,56,94,533,0,,dasiltr01
220,Jamal Shead,22,TOR,PG,75,11,1467,204,504,.405,72,223,.323,132,281,.470,.476,53,69,.768,30,85,115,316,58,10,117,158,533,0,,sheadja01
221,Ricky Council IV,23,PHI,SF,73,12,1250,177,463,.382,55,213,.258,122,250,.488,.442,123,153,.804,51,163,214,97,32,13,52,67,532,0,,councri01
222,Nick Richards,27,2TM,C,57,43,1256,205,347,.591,0,2,.000,205,345,.594,.591,119,160,.744,148,318,466,49,14,55,81,141,529,0,,richani01
223,Jaden Ivey,22,DET,SG,30,30,898,190,413,.460,63,154,.409,127,259,.490,.536,85,116,.733,40,84,124,119,28,11,89,67,528,0,,iveyja01
224,Jalen Smith,24,CHI,C,64,2,962,190,408,.466,72,222,.324,118,186,.634,.554,72,89,.809,89,268,357,65,17,44,37,95,524,0,,smithja04
225,Tyrese Martin,25,BRK,SG,60,11,1315,189,465,.406,99,282,.351,90,183,.492,.513,46,58,.793,58,161,219,122,34,9,74,77,523,0,,martity01
226,Ron Holland,19,DET,SF,81,2,1266,197,416,.474,36,151,.238,161,265,.608,.517,92,122,.754,40,178,218,82,49,17,72,141,522,0,,hollaro01
227,Terance Mann,28,2TM,SG,67,13,1414,205,413,.496,60,163,.368,145,250,.580,.569,47,68,.691,68,131,199,121,47,15,47,128,517,0,,mannte01
228,Ryan Dunn,22,PHO,SF,74,44,1410,205,477,.430,82,264,.311,123,213,.577,.516,19,39,.487,92,175,267,57,44,40,40,162,511,0,,dunnry01
229,Sam Merrill,28,CLE,SG,71,4,1401,172,424,.406,137,368,.372,35,56,.625,.567,28,29,.966,38,119,157,108,53,14,35,124,509,0,,merrisa01
230,Josh Green,24,CHO,SG,68,67,1887,180,421,.428,97,248,.391,83,173,.480,.543,49,72,.681,56,116,172,108,74,15,70,165,506,0,,greenjo02
231,Goga Bitadze,25,ORL,C,70,42,1430,207,339,.611,3,28,.107,204,311,.656,.615,85,133,.639,167,296,463,137,49,98,72,150,502,0,,bitadgo01
232,Chris Boucher,32,TOR,PF,50,0,862,182,370,.492,70,193,.363,112,177,.633,.586,68,87,.782,70,154,224,33,24,25,29,68,502,0,,bouchch01
233,Cameron Payne,30,NYK,PG,72,5,1090,179,446,.401,93,256,.363,86,190,.453,.506,49,54,.907,14,90,104,203,39,16,52,111,500,0,,payneca01
234,Jaden Hardy,22,DAL,SG,57,3,907,180,414,.435,76,197,.386,104,217,.479,.527,60,86,.698,9,80,89,81,28,5,82,90,496,0,,hardyja02
235,Nikola Jović,21,MIA,PF,46,10,1156,172,377,.456,78,210,.371,94,167,.563,.560,72,87,.828,26,154,180,131,38,13,60,82,494,0,,jovicni01
236,Clint Capela,30,ATL,C,55,41,1176,218,390,.559,0,1,.000,218,389,.560,.559,52,97,.536,174,295,469,62,34,53,47,106,488,0,,capelca01
237,Chet Holmgren,22,OKC,C,32,32,877,167,341,.490,44,116,.379,123,225,.547,.554,101,134,.754,48,209,257,63,23,71,56,72,479,0,,holmgch01
238,Haywood Highsmith,28,MIA,SF,74,42,1818,179,391,.458,89,233,.382,90,158,.570,.572,31,43,.721,72,180,252,112,68,37,54,164,478,0,,highsha01
239,Cam Whitmore,20,HOU,SF,51,3,827,179,403,.444,65,183,.355,114,220,.518,.525,54,72,.750,36,115,151,49,31,13,46,44,477,0,,whitmca01
240,Kris Dunn,30,LAC,PG,74,58,1783,192,437,.439,75,224,.335,117,213,.549,.525,15,22,.682,53,198,251,210,128,27,74,197,474,0,,dunnkr01
241,Max Strus,28,CLE,SF,50,37,1273,165,373,.442,113,293,.386,52,80,.650,.594,28,34,.824,53,164,217,158,26,12,54,104,471,0,,strusma01
242,Jarace Walker,21,IND,PF,75,5,1187,170,360,.472,75,185,.405,95,175,.543,.576,46,69,.667,25,204,229,110,54,25,78,115,461,0,,walkeja02
243,Gabe Vincent,28,LAL,PG,72,11,1527,168,420,.400,109,309,.353,59,111,.532,.530,15,21,.714,20,72,92,98,51,13,41,152,460,0,,vincega01
244,Jake LaRavia,23,2TM,PF,66,0,1349,160,337,.475,60,142,.423,100,195,.513,.564,78,115,.678,90,169,259,158,62,23,86,132,458,0,,laravja01
245,Jusuf Nurkić,30,2TM,C,51,32,1063,168,352,.477,32,105,.305,136,247,.551,.523,85,128,.664,85,313,398,115,40,34,97,130,453,0,,nurkiju01
246,Joel Embiid,30,PHI,C,19,19,574,140,315,.444,23,77,.299,117,238,.492,.481,149,169,.882,36,119,155,85,14,18,62,42,452,1,,embiijo01
247,Trey Lyles,29,SAC,PF,69,5,1349,157,374,.420,81,238,.340,76,136,.559,.528,56,80,.700,80,236,316,82,41,23,39,86,451,0,,lylestr01
248,Trendon Watford,24,BRK,PF,44,6,913,164,350,.469,29,88,.330,135,262,.515,.510,93,122,.762,37,123,160,115,27,12,83,95,450,0,,watfotr01
249,Ja'Kobe Walter,20,TOR,SG,52,18,1103,159,393,.405,65,186,.349,94,207,.454,.487,66,83,.795,59,101,160,81,43,10,50,95,449,0,,walteja01
250,Brandon Boston Jr.,23,NOP,SG,42,10,993,166,381,.436,49,140,.350,117,241,.485,.500,67,85,.788,28,106,134,92,53,9,52,73,448,0,,bostobr01
251,Simone Fontecchio,29,DET,SF,75,0,1237,150,373,.402,76,227,.335,74,146,.507,.504,70,84,.833,52,163,215,65,31,12,54,95,446,0,,fontesi01
252,Justin Edwards,21,PHI,SF,44,26,1155,172,378,.455,69,190,.363,103,188,.548,.546,32,46,.696,46,102,148,69,45,16,49,98,445,0,,edwarju01
253,Seth Curry,34,CHO,SG,68,14,1062,164,343,.478,83,182,.456,81,161,.503,.599,33,39,.846,24,89,113,60,27,7,32,59,444,0,,curryse01
254,Luke Kornet,29,BOS,C,73,16,1361,187,280,.668,0,3,.000,187,277,.675,.668,67,97,.691,190,198,388,117,36,71,31,119,441,0,,kornelu01
255,Khris Middleton,33,2TM,SF,37,21,843,160,337,.475,48,133,.361,112,204,.549,.546,72,84,.857,13,124,137,150,35,8,56,75,440,0,,middlkh01
256,Jay Huff,26,MEM,C,64,2,748,157,305,.515,81,200,.405,76,105,.724,.648,44,56,.786,30,99,129,38,16,56,34,78,439,0,,huffja01
257,Donovan Clingan,20,POR,C,67,37,1324,180,334,.539,14,49,.286,166,285,.582,.560,62,104,.596,217,310,527,77,34,110,72,189,436,0,,clingdo01
258,Kenrich Williams,30,OKC,PF,69,7,1132,171,354,.483,66,171,.386,105,183,.574,.576,28,39,.718,65,176,241,97,43,10,39,110,436,0,,willike04
259,Isaiah Stewart,23,DET,C,72,4,1434,176,315,.559,17,53,.321,159,262,.607,.586,66,87,.759,130,269,399,123,28,101,68,183,435,0,,stewais01
260,Thomas Bryant,27,2TM,C,66,8,963,163,321,.508,48,148,.324,115,173,.665,.583,55,64,.859,83,168,251,53,28,41,30,76,429,0,,bryanth01
261,Noah Clowney,20,BRK,PF,46,20,1042,133,372,.358,87,261,.333,46,111,.414,.474,67,80,.838,43,138,181,40,24,21,46,105,420,0,,clownno01
262,Jamison Battle,23,TOR,SF,59,10,1042,149,347,.429,105,259,.405,44,88,.500,.581,16,18,.889,37,121,158,53,17,10,27,92,419,0,,battlja01
263,Jeremiah Robinson-Earl,24,NOP,PF,66,9,1239,158,347,.455,56,164,.341,102,183,.557,.536,46,55,.836,110,205,315,88,39,7,51,79,418,0,,robinje02
264,Vít Krejčí,24,ATL,PG,57,16,1153,145,292,.497,90,206,.437,55,86,.640,.651,32,45,.711,22,134,156,147,36,26,50,105,412,0,,krejcvi01
265,Trayce Jackson-Davis,24,GSW,C,62,37,967,174,302,.576,0,3,.000,174,299,.582,.576,59,102,.578,122,189,311,104,23,38,45,73,407,0,,jackstr02
266,Zach Collins,27,2TM,PF,64,12,977,153,302,.507,32,106,.302,121,196,.617,.560,69,78,.885,102,186,288,111,29,29,60,132,407,0,,colliza01
267,Moussa Diabaté,23,CHO,C,71,8,1241,167,280,.596,0,6,.000,167,274,.609,.596,69,116,.595,187,251,438,56,46,40,61,109,403,0,,diabamo01
268,Brandon Ingram,27,NOP,SF,18,18,595,155,333,.465,43,115,.374,112,218,.514,.530,47,55,.855,17,83,100,93,16,11,69,45,400,0,,ingrabr01
269,Gary Payton II,32,GSW,SG,62,11,927,171,298,.574,31,95,.326,140,203,.690,.626,27,38,.711,53,132,185,83,52,17,39,108,400,0,,paytoga02
270,Day'Ron Sharpe,23,BRK,C,50,2,907,165,317,.521,11,45,.244,154,272,.566,.538,56,74,.757,149,181,330,91,41,42,63,113,397,0,,sharpda01
271,Jonathan Mogbo,23,TOR,PF,63,18,1286,156,356,.438,17,70,.243,139,286,.486,.462,60,82,.732,109,202,311,146,55,34,70,136,389,1,,mogbojo01
272,Moritz Wagner,27,ORL,C,30,1,564,140,249,.562,27,75,.360,113,174,.649,.616,79,110,.718,40,108,148,42,24,12,49,55,386,0,,wagnemo01
273,Sandro Mamukelashvili,25,SAS,PF,61,0,681,141,281,.502,60,161,.373,81,120,.675,.609,43,58,.741,62,125,187,48,22,17,26,60,385,0,,mamuksa01
274,Kelly Olynyk,33,2TM,C,44,22,891,134,268,.500,33,79,.418,101,189,.534,.562,83,108,.769,62,144,206,128,33,19,76,123,384,0,,olynyke01
275,Jaxson Hayes,24,LAL,C,56,35,1093,161,223,.722,0,3,.000,161,220,.732,.722,61,98,.622,78,191,269,58,31,51,43,136,383,0,,hayesja02
276,Alex Caruso,30,OKC,SG,54,3,1041,140,314,.446,60,170,.353,80,144,.556,.541,42,51,.824,38,121,159,137,87,30,37,102,382,0,6MOY-8,carusal01
277,Jonathan Isaac,27,ORL,PF,71,1,1090,134,324,.414,39,151,.258,95,173,.549,.474,73,107,.682,120,194,314,40,61,80,33,90,380,0,,isaacjo01
278,Precious Achiuwa,25,NYK,C,57,10,1170,164,327,.502,10,36,.278,154,291,.529,.517,41,69,.594,101,216,317,55,47,42,45,81,379,0,,achiupr01
279,Talen Horton-Tucker,24,CHI,SG,58,0,724,133,291,.457,41,122,.336,92,169,.544,.527,72,98,.735,19,81,100,83,21,11,40,59,379,0,,hortota01
280,Marcus Sasser,24,DET,PG,57,1,811,137,296,.463,58,152,.382,79,144,.549,.561,43,51,.843,18,51,69,133,37,4,54,72,375,0,,sassema01
281,Julian Phillips,21,CHI,SF,79,5,1123,128,287,.446,50,153,.327,78,134,.582,.533,60,76,.789,67,102,169,39,38,20,27,108,366,0,,phillju01
282,Cody Martin,29,2TM,SF,53,8,1173,136,325,.418,43,151,.285,93,174,.534,.485,43,61,.705,53,171,224,105,56,32,51,95,358,0,,martico01
283,Kyle Anderson,31,2TM,PF,61,4,1002,142,303,.469,25,70,.357,117,233,.502,.510,48,65,.738,53,153,206,145,40,33,37,81,357,0,,anderky01
284,Alec Burks,33,MIA,SG,49,14,863,115,271,.424,88,207,.425,27,64,.422,.587,38,49,.776,15,109,124,55,28,7,29,37,356,0,,burksal01
285,Caleb Martin,29,2TM,SF,45,24,1218,129,304,.424,37,103,.359,92,201,.458,.485,61,98,.622,53,124,177,95,46,23,56,87,356,0,,martica02
286,Garrison Mathews,28,ATL,SG,47,2,830,102,257,.397,85,218,.390,17,39,.436,.562,64,78,.821,13,74,87,60,26,15,31,81,353,0,,mathega01
287,Tidjane Salaün,19,CHO,PF,60,10,1244,114,345,.330,58,205,.283,56,140,.400,.414,67,94,.713,70,210,280,74,29,14,58,84,353,0,,salauti01
288,Jared McCain,20,PHI,SG,23,8,592,126,274,.460,51,133,.383,75,141,.532,.553,49,56,.875,13,43,56,60,15,0,37,37,352,0,ROY-7,mccaija01
289,Ryan Rollins,22,MIL,PG,56,19,820,132,271,.487,49,120,.408,83,151,.550,.577,36,45,.800,21,87,108,104,42,17,53,88,349,0,,rolliry01
290,Javonte Green,31,2TM,SG,68,19,1258,123,287,.429,46,141,.326,77,146,.527,.509,55,76,.724,59,159,218,56,65,31,32,98,347,0,,greenja02
291,Kevon Looney,28,GSW,C,76,6,1142,143,278,.514,2,5,.400,141,273,.516,.518,56,99,.566,185,277,462,118,46,37,39,154,344,0,,looneke01
292,Aaron Holiday,28,HOU,PG,62,3,792,117,268,.437,72,181,.398,45,87,.517,.571,34,41,.829,13,65,78,83,19,11,37,64,340,0,,holidaa01
293,Quinten Post,24,GSW,PF,42,14,686,123,274,.449,73,179,.408,50,95,.526,.582,21,27,.778,35,113,148,56,16,18,33,83,340,0,,postqu01
294,Bruce Brown,28,2TM,PG,41,12,922,130,309,.421,27,81,.333,103,228,.452,.464,53,65,.815,40,124,164,84,34,10,39,71,340,0,,brownbr01
295,Adem Bona,21,PHI,C,58,11,905,135,192,.703,0,1,.000,135,191,.707,.703,67,100,.670,92,153,245,27,26,69,61,125,337,0,,bonaad01
296,Isaac Okoro,24,CLE,SG,55,22,1053,124,267,.464,56,151,.371,68,116,.586,.569,33,46,.717,49,81,130,68,32,16,23,104,337,0,,okorois01
297,Svi Mykhailiuk,27,UTA,SF,38,13,760,118,302,.391,70,203,.345,48,99,.485,.507,28,35,.800,22,68,90,76,19,7,52,43,334,0,,mykhasv01
298,Mason Plumlee,34,PHO,C,74,21,1300,125,202,.619,0,4,.000,125,198,.631,.619,83,128,.648,116,339,455,134,33,47,59,154,333,0,,plumlma01
299,Ben Sheppard,23,IND,SG,63,9,1228,120,287,.418,68,199,.342,52,88,.591,.537,24,27,.889,44,133,177,85,38,14,22,125,332,0,,sheppbe01
300,Tristan Vukcevic,21,WAS,C,35,1,513,120,242,.496,38,102,.373,82,140,.586,.574,52,67,.776,26,104,130,39,11,23,42,57,330,0,,vukcetr01
301,Tre Jones,25,2TM,PG,46,9,905,128,238,.538,19,48,.396,109,190,.574,.578,55,67,.821,31,85,116,192,37,10,35,55,330,0,,jonestr01
302,Dalen Terry,22,CHI,SG,73,5,987,120,268,.448,37,104,.356,83,164,.506,.517,49,69,.710,38,86,124,97,44,15,53,114,326,0,,terryda01
303,Karlo Matković,23,NOP,PF,42,7,791,135,235,.574,21,66,.318,114,169,.675,.619,34,44,.773,64,145,209,46,22,41,43,106,325,0,,matkoka01
304,Dean Wade,28,CLE,PF,59,30,1252,112,271,.413,80,222,.360,32,49,.653,.561,16,30,.533,51,198,249,76,42,20,22,101,320,0,,wadede01
305,DaQuan Jeffries,27,CHO,SG,47,20,1071,118,291,.405,55,164,.335,63,127,.496,.500,24,30,.800,37,98,135,53,26,25,35,99,315,0,,jeffrda01
306,Shake Milton,28,2TM,SG,57,2,837,115,254,.453,38,106,.358,77,148,.520,.528,47,59,.797,31,73,104,102,25,4,40,67,315,0,,miltosh01
307,Dereck Lively II,20,DAL,C,36,29,833,134,191,.702,0,0,,134,191,.702,.702,46,73,.630,104,166,270,85,20,56,41,100,314,0,,livelde01
308,Nicolas Batum,36,LAC,PF,78,8,1367,104,238,.437,88,203,.433,16,35,.457,.622,17,21,.810,47,171,218,84,52,36,34,111,313,0,,batumni01
309,Jabari Walker,22,POR,PF,60,1,749,118,229,.515,28,72,.389,90,157,.573,.576,49,71,.690,59,152,211,37,33,6,34,87,313,0,,walkeja01
310,Neemias Queta,25,BOS,C,62,6,863,132,203,.650,0,3,.000,132,200,.660,.650,46,61,.754,89,147,236,45,18,42,40,106,310,0,,quetane01
311,Malcolm Brogdon,32,WAS,PG,24,13,564,104,240,.433,16,56,.286,88,184,.478,.467,81,92,.880,21,70,91,98,13,5,38,30,305,0,,brogdma01
312,Antonio Reeves,24,NOP,SG,44,6,660,113,248,.456,51,129,.395,62,119,.521,.558,28,35,.800,18,45,63,39,21,4,30,40,305,0,,reevean01
313,Marcus Smart,30,2TM,PG,34,7,680,101,257,.393,49,141,.348,52,116,.448,.488,54,71,.761,18,54,72,109,39,9,54,53,305,0,,smartma01
314,Orlando Robinson,24,2TM,C,44,8,770,116,261,.444,17,52,.327,99,209,.474,.477,54,70,.771,89,131,220,77,17,16,49,100,303,0,,robinor01
315,Andre Drummond,31,PHI,C,40,23,751,117,234,.500,3,20,.150,114,214,.533,.506,56,90,.622,109,201,310,34,39,18,55,94,293,0,,drumman01
316,Kris Murray,24,POR,SF,69,6,1040,117,279,.419,27,120,.225,90,159,.566,.468,26,57,.456,76,106,182,68,35,17,43,66,287,0,,murrakr01
317,Landry Shamet,27,NYK,SG,50,0,762,106,230,.461,62,156,.397,44,74,.595,.596,12,18,.667,11,50,61,27,23,2,22,52,286,0,,shamela01
318,Jeff Dowtin Jr.,27,PHI,PG,41,3,621,112,230,.487,28,70,.400,84,160,.525,.548,33,45,.733,12,48,60,78,24,12,15,29,285,0,,dowtije01
319,Josh Okogie,26,2TM,SG,40,7,625,94,212,.443,32,92,.348,62,120,.517,.519,63,85,.741,45,68,113,33,48,18,31,47,283,0,,okogijo01
320,KJ Simpson,22,CHO,PG,36,15,842,104,301,.346,33,130,.254,71,171,.415,.400,41,50,.820,39,70,109,112,34,6,56,56,282,0,,simpskj01
321,Drew Eubanks,27,2TM,C,61,4,746,115,194,.593,3,6,.500,112,188,.596,.601,47,71,.662,60,166,226,54,12,39,41,63,280,0,,eubandr01
322,Jaylin Williams,22,OKC,PF,47,9,784,97,221,.439,61,153,.399,36,68,.529,.577,23,30,.767,48,214,262,120,22,29,35,79,278,3,,willija07
323,Brandon Williams,25,DAL,PG,33,3,487,98,188,.521,24,60,.400,74,128,.578,.585,55,66,.833,12,46,58,76,24,5,39,33,275,0,,willibr03
324,KJ Martin,24,2TM,PF,43,16,912,111,201,.552,15,58,.259,96,143,.671,.590,37,47,.787,30,95,125,48,17,22,24,101,274,0,,martike04
325,Vasilije Micić,31,2TM,PG,41,16,785,95,273,.348,45,125,.360,50,148,.338,.430,34,41,.829,20,69,89,128,15,0,77,45,269,0,,micicva01
326,Lonzo Ball,27,CHI,PG,35,14,777,89,243,.366,67,195,.344,22,48,.458,.504,22,27,.815,25,93,118,115,47,17,41,55,267,0,,balllo01
327,Tosan Evbuomwan,23,BRK,SF,28,0,665,94,220,.427,24,77,.312,70,143,.490,.482,55,73,.753,32,88,120,55,24,10,39,55,267,0,,evbuoto01
328,Jett Howard,21,ORL,SF,60,0,701,98,262,.374,55,186,.296,43,76,.566,.479,16,23,.696,20,50,70,44,13,11,36,68,267,0,,howarje01
329,Eric Gordon,36,PHI,SG,39,13,768,87,204,.426,56,137,.409,31,67,.463,.564,36,48,.750,8,38,46,65,26,12,28,32,266,0,,gordoer01
330,Lindy Waters III,27,2TM,SG,52,9,778,92,249,.369,64,186,.344,28,63,.444,.498,8,11,.727,20,90,110,52,27,11,20,62,256,0,,waterli01
331,Ben Simmons,28,2TM,PG,51,24,1120,116,223,.520,0,0,,116,223,.520,.520,24,33,.727,47,194,241,285,38,23,102,107,256,0,,simmobe01
332,Oso Ighodaro,22,PHO,PF,61,6,1045,113,187,.604,0,2,.000,113,185,.611,.604,29,50,.580,66,156,222,71,28,29,39,102,255,0,,ighodos01
333,Pelle Larsson,23,MIA,SG,55,8,782,89,203,.438,32,95,.337,57,108,.528,.517,41,61,.672,28,64,92,65,32,7,24,91,251,0,,larsspe01
334,Lonnie Walker IV,26,PHI,SG,20,7,477,89,212,.420,45,127,.354,44,85,.518,.526,24,30,.800,6,57,63,50,10,5,25,27,247,0,,walkelo01
335,Bol Bol,25,PHO,PF,36,10,448,96,183,.525,32,93,.344,64,90,.711,.612,20,26,.769,20,84,104,22,9,25,20,20,244,0,,bolbo01
336,Caleb Houstan,22,ORL,SF,58,6,788,80,190,.421,64,160,.400,16,30,.533,.589,15,17,.882,19,56,75,35,22,6,13,62,239,0,,houstca01
337,A.J. Lawson,24,TOR,SG,26,2,486,80,190,.421,33,101,.327,47,89,.528,.508,43,63,.683,20,66,86,31,13,6,15,44,236,0,,lawsoaj01
338,Malaki Branham,21,SAS,SG,47,0,427,87,190,.458,34,84,.405,53,106,.500,.547,27,33,.818,7,44,51,38,11,2,34,29,235,0,,branhma01
339,Ajay Mitchell,22,OKC,SG,36,1,597,91,184,.495,23,60,.383,68,124,.548,.557,29,35,.829,18,50,68,64,25,4,29,68,234,0,,mitchaj01
340,Monte Morris,29,PHO,PG,45,0,571,83,195,.426,31,86,.360,52,109,.477,.505,36,42,.857,12,55,67,73,20,3,21,23,233,0,,morrimo01
341,Richaun Holmes,31,WAS,PF,31,7,534,90,139,.647,0,3,.000,90,136,.662,.647,50,60,.833,62,115,177,42,9,23,21,49,230,0,,holmeri01
342,Andre Jackson Jr.,23,MIL,SG,67,43,980,94,197,.477,30,76,.395,64,121,.529,.553,12,24,.500,65,117,182,83,34,14,58,114,230,0,,jacksan01
343,Cody Williams,20,UTA,SG,50,21,1060,83,257,.323,35,135,.259,48,122,.393,.391,29,40,.725,27,86,113,59,23,16,44,95,230,0,,willico04
344,Reed Sheppard,20,HOU,PG,52,3,654,84,239,.351,48,142,.338,36,97,.371,.452,13,16,.813,16,62,78,75,35,17,37,53,229,0,,sheppre01
345,Gui Santos,22,GSW,PF,56,2,762,82,179,.458,34,103,.330,48,76,.632,.553,29,42,.690,72,100,172,80,25,10,42,91,227,0,,santogu01
346,Steven Adams,31,HOU,C,58,3,794,91,167,.545,0,2,.000,91,165,.552,.545,43,93,.462,166,161,327,66,22,28,54,60,225,0,,adamsst01
347,AJ Johnson,20,2TM,SG,29,11,639,82,213,.385,24,90,.267,58,123,.472,.441,32,37,.865,8,51,59,76,12,3,35,50,220,0,,johnsaj01
348,Rob Dillingham,20,MIN,PG,49,1,516,93,211,.441,25,74,.338,68,137,.496,.500,8,15,.533,12,38,50,98,20,1,53,37,219,0,,dilliro01
349,Blake Wesley,21,SAS,SG,58,0,683,81,186,.435,17,58,.293,64,128,.500,.481,38,61,.623,17,44,61,114,37,6,54,46,217,0,,weslebl01
350,Pat Connaughton,32,MIL,SG,41,1,603,83,177,.469,26,81,.321,57,96,.594,.542,24,31,.774,19,90,109,70,9,11,24,45,216,0,,connapa01
351,GG Jackson II,20,MEM,PF,29,3,459,74,199,.372,32,95,.337,42,104,.404,.452,29,40,.725,27,65,92,29,12,5,31,30,209,0,,jacksgg01
352,DeAndre Jordan,36,DEN,C,56,5,691,91,140,.650,0,0,,91,140,.650,.650,27,64,.422,84,200,284,53,16,27,40,74,209,0,,jordade01
353,Herbert Jones,26,NOP,SF,20,20,648,75,172,.436,22,72,.306,53,100,.530,.500,33,40,.825,22,56,78,65,37,9,35,66,205,0,,joneshe01
354,Larry Nance Jr.,32,ATL,PF,24,3,463,80,155,.516,34,76,.447,46,79,.582,.626,9,13,.692,23,80,103,38,20,13,16,37,203,0,,nancela02
355,Olivier-Maxence Prosper,22,DAL,PF,52,4,584,70,174,.402,12,51,.235,58,123,.472,.437,49,76,.645,44,82,126,40,26,6,14,28,201,0,,prospol01
356,Jock Landale,29,HOU,C,42,3,500,81,152,.533,11,26,.423,70,126,.556,.569,27,40,.675,56,81,137,37,13,10,21,49,200,0,,landajo01
357,Jalen Pickett,25,DEN,SG,49,4,666,77,180,.428,40,101,.396,37,79,.468,.539,6,8,.750,15,56,71,107,19,5,24,38,200,1,,pickeja02
358,Kai Jones,24,2TM,C,40,6,468,87,109,.798,1,5,.200,86,104,.827,.803,23,32,.719,40,85,125,25,15,23,18,50,198,0,,joneska01
359,Mouhamed Gueye,22,ATL,PF,33,28,533,72,171,.421,21,81,.259,51,90,.567,.482,32,42,.762,44,95,139,27,28,33,15,55,197,0,,gueyemo02
360,Jamal Cain,25,NOP,SF,37,0,502,68,158,.430,26,80,.325,42,78,.538,.513,34,50,.680,27,58,85,22,23,9,22,46,196,0,,cainja01
361,Collin Gillespie,25,PHO,PG,33,9,461,68,158,.430,39,90,.433,29,68,.426,.554,19,22,.864,22,56,78,78,21,5,17,30,194,0,,gilleco01
362,Duop Reath,28,POR,C,46,0,469,70,166,.422,34,106,.321,36,60,.600,.524,20,22,.909,44,48,92,26,12,14,16,41,194,0,,reathdu01
363,Craig Porter Jr.,24,CLE,PG,51,1,513,72,140,.514,21,48,.438,51,92,.554,.589,23,32,.719,19,48,67,71,17,15,38,25,188,0,,portecr01
364,Jae'Sean Tate,29,HOU,SF,52,2,588,70,148,.473,16,46,.348,54,102,.529,.527,32,47,.681,50,67,117,47,26,7,22,82,188,0,,tateja01
365,Zeke Nnaji,24,DEN,PF,57,4,608,70,141,.496,17,52,.327,53,89,.596,.557,27,44,.614,33,57,90,23,25,38,14,62,184,0,,nnajize01
366,Paul Reed,25,DET,C,45,0,438,72,142,.507,8,28,.286,64,114,.561,.535,32,42,.762,40,83,123,44,39,25,26,75,184,0,,reedpa01
367,Tre Mann,23,CHO,PG,13,0,319,70,161,.435,24,60,.400,46,101,.455,.509,19,21,.905,12,26,38,39,7,4,25,24,183,0,,manntr01
368,Vince Williams Jr.,24,MEM,SG,27,5,499,67,167,.401,26,95,.274,41,72,.569,.479,19,24,.792,22,76,98,55,12,7,33,45,179,0,,willivi01
369,Cory Joseph,33,ORL,PG,50,16,612,62,154,.403,39,107,.364,23,47,.489,.529,14,18,.778,17,57,74,72,26,4,18,50,177,0,,josepco01
370,Danté Exum,29,DAL,PG,20,13,372,64,134,.478,23,53,.434,41,81,.506,.563,23,31,.742,4,29,33,56,12,3,22,34,174,0,,exumda01
371,Jeff Green,38,HOU,PF,32,3,396,61,121,.504,29,79,.367,32,42,.762,.624,21,26,.808,11,47,58,20,6,4,9,32,172,0,,greenje02
372,Kessler Edwards,24,DAL,SF,40,18,608,67,135,.496,22,54,.407,45,81,.556,.578,12,13,.923,22,93,115,42,19,20,16,62,168,0,,edwarke02
373,Keaton Wallace,25,ATL,PG,31,5,501,65,162,.401,27,82,.329,38,80,.475,.485,11,11,1.000,7,43,50,81,28,9,33,39,168,1,,wallake01
374,Jaylon Tyson,22,CLE,SG,47,3,453,64,149,.430,20,58,.345,44,91,.484,.497,19,24,.792,37,59,96,44,13,3,26,50,167,0,,tysonja01
375,Grant Williams,26,CHO,PF,16,7,479,54,123,.439,27,74,.365,27,49,.551,.549,31,37,.838,18,64,82,37,18,13,28,46,166,0,,willigr01
376,Jaylen Clark,23,MIN,SG,40,4,522,56,120,.467,22,51,.431,34,69,.493,.558,29,37,.784,26,27,53,26,36,2,8,61,163,0,,clarkja02
377,Quenton Jackson,26,IND,PG,28,7,381,58,122,.475,15,40,.375,43,82,.524,.537,31,40,.775,14,30,44,53,21,5,16,43,162,0,,jacksqu01
378,Micah Potter,26,UTA,C,38,10,705,57,135,.422,31,98,.316,26,37,.703,.537,17,20,.850,43,121,164,31,14,14,31,50,162,0,,pottemi01
379,Daniel Theis,32,NOP,C,38,9,621,61,129,.473,9,37,.243,52,92,.565,.508,31,37,.838,44,120,164,60,18,20,25,70,162,0,,theisda01
380,Jordan Goodwin,26,LAL,PG,29,5,543,63,144,.438,26,68,.382,37,76,.487,.528,9,11,.818,38,74,112,42,30,11,26,43,161,0,,goodwjo01
381,Charles Bassey,24,SAS,C,36,1,376,68,117,.581,0,0,,68,117,.581,.581,21,33,.636,56,96,152,17,14,30,23,50,157,0,,bassech01
382,Colby Jones,22,2TM,SG,39,0,515,59,129,.457,16,49,.327,43,80,.538,.519,23,35,.657,21,66,87,44,26,13,23,37,157,0,,jonesco02
383,Rayan Rupert,20,POR,SG,52,0,460,58,142,.408,16,59,.271,42,83,.506,.465,23,30,.767,26,44,70,25,16,4,30,37,155,0,,ruperra01
384,Jevon Carter,29,CHI,PG,36,1,321,55,146,.377,35,105,.333,20,41,.488,.497,8,10,.800,4,35,39,40,13,3,11,15,153,0,,carteje01
385,David Roddy,23,3TM,PF,33,3,410,57,125,.456,19,61,.311,38,64,.594,.532,20,26,.769,13,71,84,35,14,9,22,20,153,0,,roddyda01
386,Jordan Miller,25,LAC,SF,37,0,420,58,134,.433,8,38,.211,50,96,.521,.463,28,35,.800,23,35,58,34,17,5,26,26,152,0,,millejo02
387,Trevelin Queen,27,ORL,SG,31,2,430,56,147,.381,22,77,.286,34,70,.486,.456,18,21,.857,26,28,54,38,31,10,22,38,152,0,,queentr01
388,Wendell Moore Jr.,23,2TM,SG,36,1,499,59,126,.468,14,41,.341,45,85,.529,.524,18,22,.818,30,65,95,42,20,5,27,31,150,0,,moorewe01
389,Bones Hyland,24,2TM,PG,24,0,239,47,118,.398,32,82,.390,15,36,.417,.534,23,26,.885,5,20,25,32,18,4,25,29,149,0,,hylanbo01
390,Dominick Barlow,21,ATL,PF,35,4,375,60,113,.531,7,27,.259,53,86,.616,.562,21,33,.636,35,50,85,19,9,16,5,47,148,0,,barlodo01
391,Doug McDermott,33,SAC,SF,42,3,342,50,117,.427,44,101,.436,6,16,.375,.615,3,5,.600,3,19,22,7,4,2,6,30,147,0,,mcderdo01
392,Jarred Vanderbilt,25,LAL,PF,36,2,581,59,121,.488,9,32,.281,50,89,.562,.525,20,36,.556,68,114,182,41,35,10,29,67,147,0,,vandeja01
393,Gary Harris,30,ORL,SG,48,3,711,51,133,.383,36,101,.356,15,32,.469,.519,7,12,.583,20,44,64,30,26,12,17,45,145,0,,harriga01
394,Bismack Biyombo,32,SAS,C,28,26,528,67,114,.588,0,0,,67,114,.588,.588,10,25,.400,43,115,158,31,16,23,27,52,144,0,,biyombi01
395,Keion Brooks Jr.,24,NOP,SF,14,6,332,53,109,.486,14,43,.326,39,66,.591,.550,22,30,.733,12,46,58,13,10,10,12,30,142,0,,brookke02
396,Ousmane Dieng,21,OKC,C,37,1,405,54,125,.432,23,71,.324,31,54,.574,.524,11,16,.688,18,63,81,31,17,7,18,33,142,0,,diengou01
397,Devin Carter,22,SAC,PG,36,0,396,47,127,.370,18,61,.295,29,66,.439,.441,26,44,.591,19,57,76,41,21,4,18,39,138,0,,cartede02
398,Luka Garza,26,MIN,C,39,0,219,52,105,.495,10,36,.278,42,69,.609,.543,24,35,.686,31,23,54,11,6,3,12,29,138,0,,garzalu01
399,Kyle Lowry,38,PHI,PG,35,12,659,41,117,.350,29,88,.330,12,29,.414,.474,27,33,.818,11,56,67,96,33,11,21,62,138,0,,lowryky01
400,Terrence Shannon Jr.,24,MIN,SG,32,1,339,55,114,.482,11,31,.355,44,83,.530,.531,17,21,.810,10,37,47,32,7,5,15,27,138,0,,shannte01
401,Mo Bamba,26,2TM,C,32,2,413,52,112,.464,15,54,.278,37,58,.638,.531,19,27,.704,32,113,145,18,9,31,20,56,138,0,,bambamo01
402,Reggie Jackson,34,PHI,PG,31,1,384,52,133,.391,25,74,.338,27,59,.458,.485,7,9,.778,8,34,42,45,16,3,17,34,136,0,,jacksre01
403,Marvin Bagley III,25,2TM,PF,31,2,265,55,106,.519,3,19,.158,52,87,.598,.533,23,35,.657,38,46,84,11,9,8,12,18,136,0,,baglema01
404,Dillon Jones,23,OKC,SF,54,3,551,51,133,.383,16,63,.254,35,70,.500,.444,17,28,.607,30,91,121,58,16,4,28,54,135,0,,jonesdi01
405,Isaac Jones,24,SAC,PF,40,0,304,54,83,.651,3,8,.375,51,75,.680,.669,23,36,.639,22,35,57,12,5,10,16,30,134,0,,jonesis01
406,Hunter Tyson,24,DEN,PF,51,2,400,45,120,.375,23,74,.311,22,46,.478,.471,21,28,.750,25,53,78,20,10,6,14,44,134,0,,tysonhu01
407,Anthony Gill,32,WAS,PF,51,0,397,43,88,.489,10,31,.323,33,57,.579,.545,33,50,.660,18,48,66,16,9,2,10,30,129,0,,gillan01
408,Delon Wright,32,2TM,PG,40,7,635,45,131,.344,20,73,.274,25,58,.431,.420,15,25,.600,27,39,66,77,35,12,22,25,125,0,,wrighde01
409,Colin Castleton,24,3TM,C,26,4,432,46,98,.469,2,16,.125,44,82,.537,.480,29,38,.763,53,69,122,28,8,10,23,51,123,0,,castlco01
410,Branden Carlson,25,OKC,C,32,0,246,43,97,.443,22,66,.333,21,31,.677,.557,14,18,.778,17,37,54,14,5,21,7,22,122,0,,carlsbr01
411,Kevin Love,36,MIA,PF,23,9,251,41,115,.357,24,67,.358,17,48,.354,.461,16,23,.696,22,72,94,22,15,4,14,21,122,0,,loveke01
412,Isaiah Wong,24,CHO,SG,20,0,265,41,105,.390,13,33,.394,28,72,.389,.452,25,34,.735,14,18,32,28,11,0,18,21,120,0,,wongis01
413,Josh Minott,22,MIN,SF,46,0,276,44,90,.489,14,43,.326,30,47,.638,.567,17,19,.895,12,35,47,18,15,12,11,34,119,0,,minotjo01
414,Jared Rhoden,25,2TM,SG,14,2,227,42,87,.483,12,39,.308,30,48,.625,.552,22,25,.880,14,28,42,16,10,2,9,20,118,0,,rhodeja01
415,Robert Williams,27,POR,C,20,3,351,50,78,.641,1,3,.333,49,75,.653,.647,15,17,.882,35,83,118,21,13,33,17,31,116,0,,williro04
416,Maxwell Lewis,22,2TM,SF,28,1,327,45,108,.417,19,50,.380,26,58,.448,.505,7,10,.700,18,37,55,19,9,7,14,29,116,0,,lewisma05
417,Dariq Whitehead,20,BRK,SF,20,0,246,39,96,.406,33,74,.446,6,22,.273,.578,3,5,.600,4,25,29,12,6,1,15,22,114,0,,whiteda01
418,Dwight Powell,33,DAL,C,55,3,551,42,61,.689,2,5,.400,40,56,.714,.705,28,43,.651,47,71,118,55,18,21,18,75,114,0,,poweldw01
419,Baylor Scheierman,24,BOS,SG,31,2,384,39,110,.355,26,82,.317,13,28,.464,.473,9,12,.750,19,46,65,33,17,2,12,22,113,0,,scheiba01
420,John Konchar,28,MEM,SG,46,4,558,41,91,.451,23,62,.371,18,29,.621,.577,7,8,.875,37,114,151,42,30,14,16,32,112,0,,konchjo01
421,Matisse Thybulle,27,POR,SG,15,5,312,42,88,.477,21,48,.438,21,40,.525,.597,7,15,.467,14,38,52,28,33,9,13,14,112,0,,thybuma01
422,Patty Mills,36,2TM,PG,29,0,321,36,96,.375,26,75,.347,10,21,.476,.510,13,14,.929,4,18,22,26,13,3,17,24,111,0,,millspa02
423,Damion Baugh,24,CHO,SG,15,2,370,42,130,.323,12,56,.214,30,74,.405,.369,13,15,.867,14,36,50,56,15,2,31,22,109,0,,baughda01
424,Drew Timme,24,BRK,PF,9,2,254,45,102,.441,9,35,.257,36,67,.537,.485,10,16,.625,17,48,65,20,4,1,15,21,109,0,,timmedr01
425,Jaden Springer,22,2TM,PG,43,2,365,35,90,.389,12,48,.250,23,42,.548,.456,27,38,.711,17,41,58,33,24,4,16,42,109,0,,sprinja01
426,Torrey Craig,34,2TM,SF,26,4,314,38,90,.422,24,66,.364,14,24,.583,.556,8,12,.667,27,46,73,17,8,12,8,34,108,0,,craigto01
427,Taj Gibson,39,CHO,C,37,11,409,47,95,.495,1,2,.500,46,93,.495,.500,12,20,.600,51,69,120,21,9,18,25,54,107,0,,gibsota01
428,Oscar Tshiebwe,25,UTA,C,14,1,255,42,70,.600,0,0,,42,70,.600,.600,23,31,.742,46,76,122,9,13,1,10,24,107,0,,tshieos01
429,Cam Spencer,24,MEM,SG,25,1,252,34,82,.415,19,52,.365,15,30,.500,.530,19,19,1.000,12,18,30,34,9,1,6,23,106,0,,spencca01
430,Jalen Hood-Schifino,21,2TM,SG,15,0,315,37,98,.378,14,46,.304,23,52,.442,.449,18,21,.857,3,24,27,37,5,7,18,25,106,0,,hoodsja01
431,Cam Reddish,25,LAL,SF,33,8,589,38,94,.404,13,47,.277,25,47,.532,.473,16,26,.615,17,49,66,22,33,10,12,43,105,0,,reddica01
432,Johnny Furphy,20,IND,SG,50,0,379,35,92,.380,15,50,.300,20,42,.476,.462,18,22,.818,23,48,71,19,18,11,12,41,103,0,,furphjo01
433,Maxi Kleber,33,DAL,PF,34,4,637,37,96,.385,13,49,.265,24,47,.511,.453,16,21,.762,25,70,95,43,9,17,23,66,103,0,,klebima01
434,Pat Spencer,28,GSW,PG,39,0,250,41,101,.406,5,22,.227,36,79,.456,.431,11,15,.733,15,31,46,48,14,3,18,20,98,0,,spencpa01
435,Jericho Sims,26,2TM,C,53,5,632,45,71,.634,0,0,,45,71,.634,.634,8,13,.615,71,126,197,33,10,19,33,65,98,0,,simsje01
436,Jordan McLaughlin,28,2TM,PG,46,0,314,31,72,.431,19,46,.413,12,26,.462,.563,17,22,.773,6,24,30,51,16,1,16,18,98,0,,mclaujo01
437,Trey Jemison,25,2TM,C,38,0,392,41,74,.554,0,0,,41,74,.554,.554,13,33,.394,44,61,105,16,9,15,24,69,95,0,,jemistr01
438,Reece Beekman,23,2TM,PG,36,4,469,35,107,.327,7,40,.175,28,67,.418,.360,16,21,.762,13,26,39,63,33,2,21,36,93,0,,beekmre01
439,Christian Koloko,24,LAL,C,37,0,342,40,66,.606,0,4,.000,40,62,.645,.606,10,14,.714,35,57,92,16,8,16,12,44,90,0,,kolokch01
440,Mitchell Robinson,26,NYK,C,17,3,290,37,56,.661,0,0,,37,56,.661,.661,13,19,.684,52,49,101,13,16,18,10,26,87,0,,robinmi01
441,Dru Smith,27,MIA,SG,14,1,268,31,61,.508,16,30,.533,15,31,.484,.639,9,12,.750,12,24,36,23,21,6,17,30,87,0,,smithdr01
442,Lester Quiñones,24,2TM,SG,13,0,183,31,78,.397,13,44,.295,18,34,.529,.481,11,13,.846,4,15,19,24,3,2,14,18,86,0,,quinole01
443,Elfrid Payton,30,2TM,PG,24,9,511,40,122,.328,1,6,.167,39,116,.336,.332,4,7,.571,15,64,79,166,24,11,59,36,85,0,,paytoel01
444,Damion Lee,32,PHO,SG,25,0,144,27,74,.365,9,37,.243,18,37,.486,.426,20,21,.952,3,17,20,11,6,0,10,6,83,0,,leeda03
445,Jordan Walsh,20,BOS,PF,52,1,403,30,83,.361,15,55,.273,15,28,.536,.452,7,12,.583,23,46,69,19,12,11,17,30,82,0,,walshjo01
446,Tyler Kolek,23,NYK,PG,41,0,296,27,82,.329,14,47,.298,13,35,.371,.415,13,17,.765,8,19,27,70,12,4,18,26,81,0,,kolekty01
447,Johnny Davis,22,WAS,SG,34,0,242,32,78,.410,7,29,.241,25,49,.510,.455,9,15,.600,10,28,38,11,15,6,7,18,80,0,,davisjo06
448,MarJon Beauchamp,24,3TM,SF,35,0,156,27,65,.415,10,29,.345,17,36,.472,.492,15,20,.750,11,33,44,11,4,1,15,14,79,0,,beaucma01
449,Jaylen Martin,21,2TM,SF,16,0,239,31,74,.419,7,23,.304,24,51,.471,.466,9,10,.900,11,33,44,17,9,0,12,14,78,0,,martija02
450,Kobe Brown,25,LAC,PF,40,0,272,33,72,.458,6,26,.231,27,46,.587,.500,5,7,.714,19,46,65,24,7,4,12,23,77,0,,brownko01
451,Alex Reese,25,2TM,PF,15,0,216,26,54,.481,15,41,.366,11,13,.846,.620,9,12,.750,9,38,47,4,10,10,6,21,76,0,,reeseal01
452,Moses Brown,25,2TM,C,13,2,119,34,49,.694,0,0,,34,49,.694,.694,8,11,.727,12,32,44,2,6,4,11,17,76,0,,brownmo01
453,Lamar Stevens,27,MEM,PF,17,1,155,29,63,.460,8,27,.296,21,36,.583,.524,8,11,.727,4,34,38,8,5,3,10,15,74,0,,stevela01
454,Alex Len,31,2TM,C,46,7,380,32,63,.508,2,9,.222,30,54,.556,.524,8,17,.471,38,57,95,38,9,21,20,56,74,0,,lenal01
455,JT Thor,22,2TM,PF,20,0,249,25,59,.424,6,21,.286,19,38,.500,.475,15,22,.682,20,28,48,6,8,9,9,17,71,0,,thorjt01
456,Tristan Thompson,33,CLE,C,40,0,328,31,71,.437,0,3,.000,31,68,.456,.437,7,30,.233,32,102,134,24,2,11,14,36,69,0,,thomptr01
457,Marcus Bagley,23,PHI,SF,10,4,253,27,69,.391,5,32,.156,22,37,.595,.428,8,10,.800,23,47,70,10,9,12,7,16,67,0,,baglema02
458,Jaylen Nowell,25,NOP,SG,8,0,168,26,73,.356,8,27,.296,18,46,.391,.411,7,11,.636,6,14,20,18,1,4,8,9,67,0,,nowelja01
459,Tyler Smith,20,MIL,PF,23,0,122,24,50,.480,13,30,.433,11,20,.550,.610,6,8,.750,6,19,25,4,3,4,8,11,67,0,,smithty02
460,Adam Flagler,25,OKC,SG,37,0,203,25,96,.260,14,72,.194,11,24,.458,.333,1,2,.500,7,20,27,12,8,3,4,15,65,0,,flaglad01
461,Nate Williams,25,HOU,SG,20,0,147,27,62,.435,6,26,.231,21,36,.583,.484,5,8,.625,5,8,13,9,8,4,14,16,65,0,,willije02
462,Bronny James,20,LAL,SG,27,1,181,21,67,.313,9,32,.281,12,35,.343,.381,11,14,.786,4,14,18,22,9,3,13,13,62,0,,jamesbr02
463,De'Anthony Melton,26,GSW,SG,6,2,121,22,54,.407,13,35,.371,9,19,.474,.528,5,8,.625,6,14,20,17,7,2,10,18,62,0,,meltode01
464,Tony Bradley,27,IND,C,14,0,113,29,45,.644,1,3,.333,28,42,.667,.656,2,6,.333,18,24,42,6,2,9,5,11,61,0,,bradlto01
465,Markelle Fultz,26,SAC,PG,21,0,184,28,67,.418,4,8,.500,24,59,.407,.448,1,1,1.000,6,14,20,27,10,2,15,12,61,0,,fultzma01
466,Cole Swider,25,2TM,SF,10,0,169,22,63,.349,15,47,.319,7,16,.438,.468,0,1,.000,5,22,27,3,4,2,4,12,59,0,,swideco01
467,Bruno Fernando,26,TOR,C,17,2,147,26,49,.531,0,0,,26,49,.531,.531,6,8,.750,21,30,51,18,4,9,14,27,58,0,,fernabr01
468,Dario Šarić,30,DEN,C,16,4,210,21,58,.362,7,26,.269,14,32,.438,.422,7,10,.700,14,36,50,23,7,1,15,19,56,0,,saricda01
469,Markieff Morris,35,2TM,PF,15,2,165,21,70,.300,9,36,.250,12,34,.353,.364,5,6,.833,3,20,23,21,2,3,5,16,56,0,,morrima02
470,Tyson Etienne,25,BRK,PG,7,0,151,17,52,.327,13,44,.295,4,8,.500,.452,8,10,.800,3,6,9,12,3,1,8,17,55,0,,etienty01
471,Killian Hayes,23,BRK,PG,6,5,162,18,43,.419,8,21,.381,10,22,.455,.512,10,12,.833,5,13,18,31,4,4,9,13,54,0,,hayeski01
472,Drew Peterson,25,BOS,PF,25,1,186,17,41,.415,13,33,.394,4,8,.500,.573,7,9,.778,9,31,40,13,5,2,8,18,54,0,,peterdr01
473,Kobe Bufkin,21,ATL,SG,10,0,124,18,47,.383,4,19,.211,14,28,.500,.426,13,18,.722,5,16,21,17,3,2,8,9,53,0,,bufkiko01
474,Garrett Temple,38,TOR,SG,28,0,227,18,60,.300,6,28,.214,12,32,.375,.350,11,12,.917,9,20,29,31,17,2,10,23,53,0,,templga01
475,Chuma Okeke,26,2TM,PF,9,3,196,20,40,.500,11,28,.393,9,12,.750,.638,2,3,.667,21,26,47,15,5,4,3,5,53,0,,okekech01
476,Patrick Baldwin Jr.,22,2TM,SF,24,0,107,19,35,.543,13,23,.565,6,12,.500,.729,2,4,.500,5,20,25,3,3,2,5,7,53,0,,baldwpa01
477,Oshae Brissett,26,PHI,SF,6,2,142,19,39,.487,6,18,.333,13,21,.619,.564,8,14,.571,7,15,22,4,4,3,8,14,52,0,,brissos01
478,Ariel Hukporti,22,NYK,C,25,1,217,21,31,.677,0,0,,21,31,.677,.677,6,13,.462,14,37,51,11,1,15,21,32,48,0,,hukpoar01
479,Enrique Freeman,24,IND,PF,22,1,181,16,37,.432,1,10,.100,15,27,.556,.446,13,19,.684,11,19,30,9,3,3,6,21,46,0,,freemen01
480,Kevin Knox,25,GSW,SF,14,0,84,18,36,.500,4,15,.267,14,21,.667,.556,6,8,.750,7,10,17,5,2,4,4,6,46,0,,knoxke01
481,Keshad Johnson,23,MIA,SF,16,0,98,18,26,.692,3,7,.429,15,19,.789,.750,4,9,.444,6,22,28,4,5,4,4,11,43,0,,johnske10
482,Daeqwon Plowden,26,ATL,SG,6,0,72,16,25,.640,9,17,.529,7,8,.875,.820,2,2,1.000,4,7,11,2,0,0,4,10,43,0,,plowdda01
483,Jaylen Sims,26,CHO,SG,6,0,112,12,28,.429,6,15,.400,6,13,.462,.536,12,15,.800,3,3,6,12,3,1,8,10,42,0,,simsja01
484,Pete Nance,24,2TM,C,13,1,138,14,32,.438,9,24,.375,5,8,.625,.578,1,2,.500,5,16,21,10,2,2,4,17,38,0,,nancepe01
485,Emoni Bates,21,CLE,SF,10,0,75,13,38,.342,11,30,.367,2,8,.250,.487,0,0,,0,7,7,8,1,1,2,4,37,0,,batesem01
486,Chris Duarte,27,CHI,SG,17,0,74,12,26,.462,6,15,.400,6,11,.545,.577,6,8,.750,5,15,20,9,0,0,1,7,36,0,,duartch01
487,Alex Ducas,24,OKC,SG,21,0,125,12,30,.400,10,21,.476,2,9,.222,.567,2,2,1.000,9,17,26,5,5,0,4,12,36,0,,ducasal01
488,Yuki Kawamura,23,MEM,PG,22,0,93,11,30,.367,7,23,.304,4,7,.571,.483,7,9,.778,0,12,12,19,2,0,5,8,36,0,,kawamyu01
489,Nae'Qwan Tomlin,24,CLE,PF,5,1,63,13,32,.406,2,10,.200,11,22,.500,.438,8,11,.727,9,12,21,2,0,1,2,9,36,0,,tomlina01
490,Isaiah Jackson,23,IND,C,5,1,84,14,23,.609,0,0,,14,23,.609,.609,7,14,.500,11,17,28,5,3,8,5,14,35,0,,jacksis01
491,TyTy Washington Jr.,23,PHO,PG,16,0,118,14,45,.311,4,21,.190,10,24,.417,.356,3,6,.500,4,9,13,16,3,0,3,4,35,0,,washity02
492,Xavier Tillman Sr.,26,BOS,C,33,2,231,13,53,.245,5,32,.156,8,21,.381,.292,3,4,.750,10,33,43,7,11,5,14,18,34,0,,tillmxa01
493,Kylor Kelley,27,2TM,C,11,2,126,14,22,.636,0,0,,14,22,.636,.636,6,10,.600,12,27,39,5,1,3,4,15,34,0,,kelleky01
494,JD Davison,22,BOS,PG,16,0,93,12,34,.353,4,18,.222,8,16,.500,.412,5,7,.714,2,11,13,13,5,1,13,2,33,0,,davisjd01
495,PJ Hall,22,DEN,C,19,0,66,14,24,.583,2,8,.250,12,16,.750,.625,3,4,.750,6,16,22,4,0,4,2,11,33,0,,hallpj01
496,Trey Alexander,21,DEN,SG,24,0,117,13,41,.317,3,17,.176,10,24,.417,.354,3,4,.750,1,11,12,11,2,1,5,10,32,0,,alexatr01
497,Elijah Harkless,24,UTA,SG,10,0,138,11,35,.314,7,25,.280,4,10,.400,.414,3,6,.500,9,12,21,8,10,1,3,18,32,0,,harklej01
498,Josh Richardson,31,MIA,SG,8,0,150,11,38,.289,6,22,.273,5,16,.313,.368,4,4,1.000,6,6,12,12,8,1,8,17,32,0,,richajo01
499,Sidy Cissoko,20,2TM,SF,22,0,114,13,30,.433,3,13,.231,10,17,.588,.483,3,9,.333,8,13,21,15,2,1,11,10,32,0,,cissosi01
500,Pacôme Dadiet,19,NYK,SG,18,0,111,10,31,.323,6,19,.316,4,12,.333,.419,4,6,.667,3,15,18,5,3,2,4,7,30,0,,dadiepa01
501,RayJ Dennis,23,IND,PG,11,0,70,11,33,.333,6,21,.286,5,12,.417,.424,2,2,1.000,2,10,12,14,7,2,5,7,30,0,,dennira01
502,Chris Livingston,21,MIL,SF,21,1,106,9,27,.333,0,8,.000,9,19,.474,.333,12,16,.750,10,25,35,5,5,0,6,8,30,0,,livinch01
503,Josh Christopher,23,MIA,SG,14,0,69,11,31,.355,2,11,.182,9,20,.450,.387,4,6,.667,0,9,9,8,5,3,6,2,28,0,,chrisjo01
504,Marcus Garrett,26,CHO,SG,4,0,79,11,27,.407,3,8,.375,8,19,.421,.463,3,4,.750,1,5,6,13,3,2,6,10,28,0,,garrema01
505,Matt Ryan,27,NYK,SF,19,0,68,10,31,.323,6,19,.316,4,12,.333,.419,2,2,1.000,0,8,8,3,2,0,3,1,28,0,,ryanma01
506,Spencer Jones,23,DEN,SF,20,0,125,11,34,.324,1,17,.059,10,17,.588,.338,3,3,1.000,8,9,17,5,5,5,5,17,26,0,,jonessp01
507,Vlatko Čančar,27,DEN,PF,13,0,136,10,26,.385,4,15,.267,6,11,.545,.462,0,0,,6,26,32,9,3,2,11,10,24,0,,cancavl01
508,N'Faly Dante,23,HOU,C,4,0,51,10,13,.769,0,0,,10,13,.769,.769,4,5,.800,6,15,21,2,1,5,2,9,24,0,,nfalyda01
509,Jazian Gortman,21,DAL,PG,16,0,57,9,23,.391,4,11,.364,5,12,.417,.478,2,4,.500,1,4,5,6,2,1,5,9,24,0,,gortmja01
510,Jae Crowder,34,SAC,PF,9,2,103,7,22,.318,4,15,.267,3,7,.429,.409,5,6,.833,6,14,20,6,3,0,4,10,23,0,,crowdja01
511,Mason Jones,26,SAC,SG,10,0,45,9,18,.500,1,8,.125,8,10,.800,.528,4,5,.800,2,7,9,11,0,1,1,3,23,0,,jonesma05
512,Jacob Toppin,24,2TM,SF,17,0,76,9,22,.409,5,10,.500,4,12,.333,.523,0,0,,3,12,15,6,2,0,3,3,23,0,,toppija01
513,Jackson Rowe,28,GSW,PF,6,0,52,8,17,.471,3,10,.300,5,7,.714,.559,3,6,.500,3,8,11,4,4,0,1,4,22,0,,roweja01
514,E.J. Liddell,24,CHI,PF,12,0,53,8,15,.533,3,10,.300,5,5,1.000,.633,2,2,1.000,3,6,9,3,1,1,2,11,21,0,,liddeej01
515,Leonard Miller,21,MIN,SF,13,0,32,6,15,.400,0,5,.000,6,10,.600,.400,8,8,1.000,3,8,11,0,2,1,2,2,20,0,,millele01
516,Cam Christie,19,LAC,SG,13,0,59,7,24,.292,2,13,.154,5,11,.455,.333,2,4,.500,3,9,12,6,5,1,2,4,18,0,,chrisca02
517,Justin Minaya,25,POR,SF,19,0,101,8,21,.381,2,10,.200,6,11,.545,.429,0,2,.000,5,5,10,7,6,1,5,12,18,0,,minayju01
518,Jamaree Bouyea,25,MIL,PG,5,1,62,6,12,.500,1,5,.200,5,7,.714,.542,4,6,.667,1,4,5,10,4,2,8,2,17,0,,bouyeja01
519,David Duke Jr.,25,SAS,SG,6,0,34,6,14,.429,3,6,.500,3,8,.375,.536,1,2,.500,1,4,5,4,1,0,2,1,16,0,,dukeda01
520,Malachi Flynn,26,CHO,PG,4,0,44,5,13,.385,1,4,.250,4,9,.444,.423,5,6,.833,3,4,7,7,3,0,4,4,16,0,,flynnma01
521,Joe Ingles,37,MIN,SF,19,1,114,6,23,.261,3,15,.200,3,8,.375,.326,0,0,,2,9,11,23,2,0,9,12,15,0,,inglejo01
522,Bobi Klintman,21,DET,SF,8,0,42,6,10,.600,2,5,.400,4,5,.800,.700,1,2,.500,1,6,7,7,2,1,1,8,15,0,,klintbo01
523,Stanley Umude,25,MIL,SG,22,0,86,5,26,.192,3,15,.200,2,11,.182,.250,2,4,.500,4,13,17,4,3,6,3,8,15,0,,umudest01
524,Taylor Hendricks,21,UTA,PF,3,3,75,4,18,.222,3,12,.250,1,6,.167,.306,3,4,.750,5,10,15,2,5,4,2,8,14,0,,hendrta01
525,Jack McVeigh,28,HOU,PF,9,0,43,5,17,.294,4,13,.308,1,4,.250,.412,0,0,,2,3,5,1,0,2,2,3,14,0,,mcveija01
526,Tolu Smith,24,DET,PF,1,0,22,6,9,.667,0,0,,6,9,.667,.667,2,3,.667,4,4,8,0,0,0,2,3,14,0,,smithto05
527,Armel Traoré,22,LAL,SF,9,0,67,6,19,.316,0,7,.000,6,12,.500,.316,2,7,.286,2,13,15,1,4,2,3,6,14,0,,armeltr01
528,Isaiah Crawford,23,SAC,SF,15,0,46,5,11,.455,1,5,.200,4,6,.667,.500,2,4,.500,1,7,8,1,1,2,1,2,13,0,,crawfis01
529,Bryce McGowens,22,POR,SG,13,0,32,4,14,.286,0,4,.000,4,10,.400,.286,5,6,.833,2,1,3,2,1,0,4,3,13,0,,mcgowbr01
530,Luke Travers,23,CLE,SG,12,0,88,5,20,.250,0,9,.000,5,11,.455,.250,2,2,1.000,8,12,20,8,1,1,8,6,12,0,,travelu01
531,Trentyn Flowers,19,LAC,SF,6,0,27,4,11,.364,0,2,.000,4,9,.444,.364,3,3,1.000,1,3,4,0,0,0,1,4,11,0,,flowetr01
532,Jahmir Young,24,CHI,PG,6,0,30,4,5,.800,1,2,.500,3,3,1.000,.900,2,2,1.000,1,2,3,6,0,0,1,2,11,0,,youngja05
533,Emanuel Miller,24,CHI,PF,6,0,25,4,8,.500,0,1,.000,4,7,.571,.500,2,2,1.000,4,4,8,2,1,0,0,3,10,0,,milleem01
534,Jalen Bridges,23,PHO,SF,8,0,30,2,7,.286,2,7,.286,0,0,,.429,3,4,.750,0,4,4,0,0,0,4,0,9,0,,bridgja01
535,Liam Robbins,25,MIL,C,13,0,57,2,8,.250,0,2,.000,2,6,.333,.250,5,10,.500,7,5,12,2,2,2,6,9,9,0,,robbili01
536,P.J. Tucker,39,NYK,SF,3,1,58,3,7,.429,3,6,.500,0,1,.000,.643,0,0,,4,4,8,0,1,1,1,8,9,0,,tuckepj01
537,James Johnson,37,IND,PF,12,0,37,4,11,.364,0,3,.000,4,8,.500,.364,0,1,.000,0,6,6,4,0,2,4,5,8,0,,johnsja01
538,Adama Sanogo,22,CHI,C,4,0,21,4,7,.571,0,0,,4,7,.571,.571,0,0,,5,1,6,1,0,0,1,1,8,0,,sanogad01
539,Anton Watson,24,NYK,SF,9,0,22,4,9,.444,0,1,.000,4,8,.500,.444,0,0,,1,2,3,2,1,0,2,3,8,0,,watsoan02
540,Phillip Wheeler,22,PHI,PF,5,0,44,3,21,.143,0,10,.000,3,11,.273,.143,2,2,1.000,2,6,8,2,1,2,1,1,8,0,,wheelph02
541,PJ Dozier,28,MIN,SG,9,0,35,2,3,.667,2,3,.667,0,0,,1.000,1,6,.167,1,4,5,5,1,0,1,3,7,0,,doziepj01
542,Daniss Jenkins,23,DET,PG,7,0,23,3,10,.300,1,7,.143,2,3,.667,.350,0,2,.000,0,2,2,3,0,0,1,2,7,0,,jenkida01
543,Miles Norris,24,BOS,PF,3,0,35,2,9,.222,2,7,.286,0,2,.000,.333,1,2,.500,2,7,9,0,2,1,0,0,7,0,,norrimi01
544,Kevin McCullar Jr.,23,NYK,SF,4,0,29,2,7,.286,0,1,.000,2,6,.333,.286,2,2,1.000,0,8,8,2,1,1,0,6,6,0,,mcculke01
545,Isaiah Mobley,25,PHI,PF,1,0,17,2,7,.286,1,3,.333,1,4,.250,.357,1,2,.500,1,3,4,5,1,1,0,3,6,0,,mobleis01
546,Taze Moore,26,POR,SG,2,0,20,2,10,.200,1,4,.250,1,6,.167,.250,1,2,.500,4,4,8,1,2,0,2,0,6,0,,mooreta02
547,James Wiseman,23,IND,C,1,0,5,2,4,.500,0,1,.000,2,3,.667,.500,2,2,1.000,0,1,1,0,0,0,0,0,6,0,,wisemja01
548,Ulrich Chomche,19,TOR,PF,7,0,32,2,5,.400,0,0,,2,5,.400,.400,1,2,.500,4,4,8,2,0,1,2,5,5,0,,chomcul01
549,Skal Labissière,28,SAC,PF,4,0,12,2,4,.500,1,1,1.000,1,3,.333,.625,0,0,,1,2,3,1,0,0,0,1,5,0,,labissk01
550,Alondes Williams,25,DET,SG,1,0,4,2,2,1.000,1,1,1.000,1,1,1.000,1.250,0,0,,0,0,0,1,0,0,0,0,5,0,,willial06
551,Ron Harper Jr.,24,DET,SF,1,0,17,1,8,.125,0,6,.000,1,2,.500,.125,2,2,1.000,4,3,7,2,0,0,0,0,4,0,,harpero02
552,Harrison Ingram,22,SAS,SF,5,0,35,2,4,.500,0,1,.000,2,3,.667,.500,0,0,,2,7,9,3,3,0,1,2,4,0,,ingraha01
553,D.J. Carton,24,TOR,SG,4,0,33,1,7,.143,0,3,.000,1,4,.250,.143,1,1,1.000,0,4,4,3,2,0,4,1,3,0,,cartodj01
554,Cui Yongxi,21,BRK,SG,5,0,10,1,7,.143,0,3,.000,1,4,.250,.143,1,2,.500,0,2,2,0,0,0,0,0,3,0,,cuiyo01
555,Braxton Key,27,GSW,SF,3,0,11,0,4,.000,0,1,.000,0,3,.000,.000,3,6,.500,1,1,2,0,2,0,1,0,3,0,,keybr01
556,Tristen Newton,23,2TM,SG,8,0,16,1,8,.125,0,3,.000,1,5,.200,.125,1,1,1.000,2,2,4,2,1,0,2,4,3,0,,newtotr01
557,Quincy Olivari,23,LAL,PG,2,0,10,1,5,.200,1,5,.200,0,0,,.300,0,0,,0,0,0,1,0,0,1,0,3,0,,olivaqu01
558,Yuri Collins,23,GSW,PG,2,0,16,1,3,.333,0,0,,1,3,.333,.333,0,0,,2,1,3,4,2,0,0,5,2,0,,colliyu01
559,Malevy Leons,25,OKC,SF,6,0,21,0,2,.000,0,1,.000,0,1,.000,.000,2,4,.500,1,2,3,1,0,0,1,4,2,0,,leonsma01
560,Daishen Nix,22,MIN,PG,3,0,13,0,1,.000,0,1,.000,0,0,,.000,1,2,.500,0,4,4,3,0,0,4,1,1,0,,nixda01
561,Terence Davis,27,SAC,SG,1,0,8,0,2,.000,0,1,.000,0,1,.000,.000,0,0,,0,1,1,1,0,0,0,0,0,0,,daviste02
562,Jesse Edwards,24,MIN,C,2,0,5,0,0,,0,0,,0,0,,,0,0,,0,0,0,1,0,0,0,2,0,0,,edwarje01
563,Mac McClung,26,ORL,SG,2,0,10,0,2,.000,0,1,.000,0,1,.000,.000,0,0,,0,1,1,3,0,0,0,2,0,0,,mccluma01
564,Jalen McDaniels,27,WAS,SF,4,0,7,0,0,,0,0,,0,0,,,0,0,,0,0,0,1,1,0,0,0,0,0,,mcdanja01
565,Riley Minix,24,SAS,SF,1,0,7,0,1,.000,0,1,.000,0,0,,.000,0,0,,0,2,2,0,0,0,0,0,0,0,,minixri01
566,Jahlil Okafor,29,IND,C,1,0,3,0,0,,0,0,,0,0,,,0,0,,0,1,1,1,0,0,0,0,0,0,,okafoja01
567,Zyon Pullin,23,MEM,SG,3,0,3,0,1,.000,0,0,,0,1,.000,.000,0,0,,0,0,0,0,0,0,0,0,0,0,,pullizy01
568,Isaiah Stevens,24,MIA,PG,3,0,6,0,2,.000,0,1,.000,0,1,.000,.000,0,0,,0,2,2,0,1,0,0,0,0,0,,steveis01
569,Terry Taylor,25,SAC,PF,3,0,6,0,1,.000,0,0,,0,1,.000,.000,0,0,,1,0,1,2,0,0,0,0,0,0,,taylote01
