Player,Age,Team,Pos,G,GS,MP,FG%,%of FGA from 2P,%of FGA from 0-3,%of FGA from 3-10,%of FGA from 10-16,%of FGA from 16-3P,%of FGA from 3P,FG% on 2P,FG% on  0-3,FG% on  3-10,FG% on  10-16,FG% on  16-3P,FG% on  3P,% of 2PFG assisted,% of 3PFG assited,%FGA that are dunks,# of made dunks,%3PA from the corner,3P% from the corner,playerID
Mikal Bridges,26,TOT,SG,83,83,2963,0.468,0.651,0.17,0.176,0.227,0.078,0.349,0.514,0.693,0.466,0.469,0.364,0.382,0.538,0.923,0.028,31,0.434,0.448,bridgmi01
Anthony Edwards,21,MIN,SG,79,79,2842,0.459,0.625,0.295,0.154,0.075,0.102,0.375,0.513,0.674,0.376,0.383,0.35,0.369,0.348,0.516,0.044,59,0.097,0.446,edwaran01
Zach LaVine,27,CHI,SG,77,77,2768,0.485,0.608,0.284,0.112,0.067,0.145,0.392,0.556,0.693,0.442,0.441,0.428,0.375,0.335,0.647,0.042,56,0.138,0.467,lavinza01
Nikola Vučević,32,CHI,C,82,82,2746,0.52,0.698,0.235,0.258,0.126,0.078,0.302,0.594,0.704,0.601,0.462,0.456,0.349,0.735,1,0.039,37,0.124,0.465,vucevni01
Julius Randle,28,NYK,PF,77,77,2737,0.459,0.556,0.22,0.149,0.123,0.064,0.444,0.553,0.679,0.519,0.443,0.407,0.343,0.382,0.752,0.051,62,0.142,0.333,randlju01
Domantas Sabonis,26,SAC,C,79,79,2736,0.615,0.912,0.483,0.314,0.044,0.058,0.088,0.639,0.764,0.502,0.512,0.444,0.373,0.57,0.968,0.092,79,0.12,0.2,sabondo01
Jayson Tatum,24,BOS,SF,74,74,2732,0.466,0.56,0.235,0.208,0.058,0.06,0.44,0.558,0.738,0.457,0.389,0.366,0.35,0.515,0.646,0.065,91,0.08,0.455,tatumja01
Spencer Dinwiddie,29,TOT,SG,79,79,2725,0.438,0.533,0.186,0.206,0.092,0.05,0.467,0.498,0.646,0.417,0.423,0.423,0.369,0.118,0.602,0.021,17,0.182,0.506,dinwisp01
Evan Mobley,21,CLE,PF,79,79,2715,0.554,0.892,0.404,0.32,0.122,0.035,0.108,0.595,0.817,0.409,0.362,0.455,0.216,0.724,0.955,0.237,214,0.392,0.2,mobleev01
Dejounte Murray,26,ATL,SG,74,74,2693,0.464,0.707,0.158,0.155,0.227,0.158,0.293,0.514,0.697,0.431,0.455,0.486,0.344,0.192,0.722,0.016,21,0.222,0.442,murrade01
DeMar DeRozan,33,CHI,SF,74,74,2682,0.504,0.891,0.165,0.125,0.263,0.338,0.109,0.526,0.735,0.491,0.499,0.459,0.324,0.244,0.848,0.023,29,0.31,0.318,derozde01
Scottie Barnes,21,TOR,SF,77,76,2678,0.456,0.78,0.275,0.317,0.096,0.082,0.22,0.505,0.685,0.45,0.296,0.361,0.281,0.485,0.841,0.086,82,0.339,0.316,barnesc01
Harrison Barnes,30,SAC,PF,82,82,2662,0.473,0.554,0.255,0.23,0.053,0.008,0.446,0.553,0.713,0.407,0.429,0.333,0.374,0.57,0.924,0.062,46,0.365,0.395,barneha02
Pascal Siakam,28,TOR,PF,71,71,2652,0.48,0.781,0.192,0.292,0.159,0.126,0.219,0.523,0.75,0.474,0.469,0.37,0.324,0.311,0.849,0.025,32,0.199,0.351,siakapa01
CJ McCollum,31,NOP,PG,75,75,2649,0.437,0.596,0.108,0.208,0.148,0.125,0.404,0.469,0.621,0.443,0.513,0.327,0.389,0.295,0.754,0.004,3,0.107,0.328,mccolcj01
Franz Wagner,21,ORL,SF,80,80,2609,0.485,0.678,0.27,0.311,0.063,0.034,0.322,0.544,0.728,0.42,0.414,0.447,0.361,0.464,0.8,0.03,29,0.172,0.435,wagnefr01
Jalen Green,20,HOU,SG,76,76,2602,0.416,0.592,0.202,0.212,0.079,0.1,0.408,0.471,0.591,0.406,0.467,0.368,0.338,0.351,0.572,0.046,53,0.128,0.324,greenja05
Bam Adebayo,25,MIA,C,75,75,2598,0.54,0.989,0.295,0.379,0.26,0.047,0.011,0.545,0.714,0.479,0.497,0.288,0.083,0.594,1,0.136,139,0,0,adebaba01
Trae Young,24,ATL,PG,73,73,2541,0.429,0.669,0.155,0.243,0.147,0.114,0.331,0.476,0.546,0.426,0.527,0.409,0.335,0.167,0.318,0,0,0.05,0.304,youngtr01
Fred VanVleet,28,TOR,PG,69,69,2535,0.393,0.455,0.12,0.144,0.088,0.101,0.545,0.455,0.586,0.375,0.398,0.455,0.342,0.187,0.585,0,0,0.119,0.431,vanvlfr01
Buddy Hield,30,IND,SF,80,73,2482,0.458,0.348,0.151,0.084,0.044,0.066,0.652,0.518,0.688,0.345,0.413,0.42,0.425,0.556,0.878,0.012,12,0.167,0.478,hieldbu01
RJ Barrett,22,NYK,SG,73,73,2475,0.434,0.668,0.299,0.287,0.06,0.023,0.332,0.495,0.642,0.401,0.3,0.259,0.31,0.424,0.926,0.029,29,0.29,0.319,barrerj01
Jordan Poole,23,GSW,PG,82,43,2458,0.43,0.502,0.134,0.21,0.081,0.077,0.498,0.524,0.696,0.517,0.379,0.398,0.336,0.446,0.701,0.024,27,0.118,0.333,poolejo01
Josh Hart,27,TOT,SF,76,52,2454,0.529,0.685,0.444,0.15,0.065,0.025,0.315,0.601,0.736,0.41,0.265,0.231,0.372,0.444,1,0.019,10,0.415,0.412,hartjo01
Jabari Smith Jr.,19,HOU,PF,79,79,2451,0.408,0.562,0.155,0.178,0.12,0.109,0.438,0.487,0.725,0.39,0.458,0.34,0.307,0.648,0.883,0.054,42,0.176,0.348,smithja05
Trey Murphy III,22,NOP,SF,79,65,2448,0.484,0.379,0.201,0.129,0.02,0.026,0.621,0.611,0.758,0.495,0.188,0.333,0.406,0.659,0.946,0.124,85,0.266,0.424,murphtr02
Darius Garland,23,CLE,PG,69,69,2447,0.462,0.635,0.17,0.226,0.128,0.102,0.365,0.492,0.615,0.451,0.521,0.357,0.41,0.286,0.568,0.004,4,0.087,0.389,garlada01
Tobias Harris,30,PHI,SF,74,74,2436,0.501,0.617,0.26,0.22,0.102,0.034,0.383,0.57,0.709,0.473,0.453,0.483,0.389,0.495,0.937,0.07,51,0.389,0.405,harrito02
De'Aaron Fox,25,SAC,PG,73,73,2435,0.512,0.724,0.171,0.251,0.194,0.108,0.276,0.584,0.803,0.569,0.488,0.444,0.324,0.16,0.613,0.033,41,0.128,0.255,foxde01
Donovan Mitchell,26,CLE,SG,68,68,2432,0.484,0.547,0.207,0.148,0.078,0.098,0.453,0.566,0.7,0.524,0.486,0.431,0.386,0.258,0.469,0.029,36,0.054,0.382,mitchdo01
Paolo Banchero,20,ORL,PF,72,72,2430,0.427,0.746,0.242,0.253,0.124,0.127,0.254,0.471,0.658,0.38,0.41,0.352,0.298,0.404,0.706,0.054,52,0.123,0.343,banchpa01
Jaden McDaniels,22,MIN,SF,79,79,2416,0.517,0.624,0.288,0.215,0.088,0.034,0.376,0.588,0.752,0.461,0.444,0.375,0.398,0.658,0.991,0.115,72,0.506,0.419,mcdanja02
Shai Gilgeous-Alexander,24,OKC,PG,68,68,2416,0.51,0.878,0.283,0.276,0.246,0.073,0.122,0.533,0.678,0.438,0.512,0.396,0.345,0.201,0.31,0.039,50,0.101,0.235,gilgesh01
Royce O'Neale,29,BKN,SF,76,53,2409,0.386,0.293,0.155,0.118,0.015,0.005,0.707,0.379,0.489,0.271,0.222,0,0.389,0.394,0.975,0.01,5,0.15,0.349,onealro01
Jaylen Brown,26,BOS,SF,67,67,2405,0.491,0.648,0.237,0.203,0.101,0.093,0.352,0.576,0.741,0.477,0.543,0.406,0.335,0.467,0.687,0.052,63,0.125,0.279,brownja02
Luka Dončić,23,DAL,PG,66,66,2391,0.496,0.627,0.176,0.252,0.145,0.054,0.373,0.588,0.745,0.578,0.51,0.333,0.342,0.131,0.216,0.01,12,0.041,0.273,doncilu01
OG Anunoby,25,TOR,SF,67,67,2386,0.476,0.585,0.293,0.173,0.062,0.056,0.415,0.539,0.695,0.366,0.364,0.46,0.387,0.566,0.937,0.13,103,0.392,0.458,anunoog01
Keegan Murray,22,SAC,SF,80,78,2382,0.453,0.359,0.179,0.106,0.042,0.027,0.641,0.527,0.671,0.349,0.455,0.333,0.411,0.689,0.966,0.058,39,0.277,0.439,murrake02
Kentavious Caldwell-Pope,29,DEN,SG,76,76,2381,0.462,0.495,0.136,0.114,0.081,0.155,0.505,0.502,0.686,0.403,0.431,0.449,0.423,0.828,0.926,0.024,12,0.411,0.405,caldwke01
P.J. Washington,24,CHA,PF,73,73,2380,0.444,0.562,0.198,0.242,0.06,0.061,0.438,0.518,0.691,0.451,0.424,0.317,0.348,0.74,0.919,0.05,45,0.22,0.351,washipj01
Jalen Brunson,26,NYK,PG,68,68,2379,0.491,0.731,0.149,0.331,0.172,0.079,0.269,0.519,0.612,0.504,0.471,0.511,0.416,0.166,0.575,0.002,2,0.205,0.424,brunsja01
Brook Lopez,34,MIL,C,78,78,2373,0.531,0.595,0.281,0.17,0.108,0.036,0.405,0.637,0.771,0.569,0.485,0.375,0.374,0.745,0.971,0.087,71,0.198,0.403,lopezbr01
Josh Giddey,20,OKC,PF,76,76,2367,0.482,0.791,0.301,0.381,0.089,0.021,0.209,0.524,0.646,0.455,0.455,0.304,0.325,0.363,0.934,0.011,12,0.128,0.4,giddejo01
Reggie Bullock,31,DAL,SF,78,55,2364,0.409,0.155,0.077,0.04,0.019,0.019,0.845,0.562,0.75,0.421,0.444,0.222,0.38,0.854,0.98,0.002,1,0.491,0.451,bullore01
Immanuel Quickley,23,NYK,SG,81,21,2344,0.448,0.515,0.127,0.205,0.127,0.056,0.485,0.521,0.681,0.5,0.471,0.346,0.37,0.263,0.72,0.009,8,0.271,0.366,quickim01
Tyler Herro,23,MIA,SG,67,67,2337,0.439,0.516,0.093,0.189,0.152,0.076,0.484,0.497,0.699,0.486,0.462,0.357,0.378,0.387,0.69,0.012,13,0.168,0.444,herroty01
Patrick Williams,21,CHI,PF,82,65,2323,0.464,0.591,0.258,0.112,0.12,0.1,0.409,0.498,0.64,0.316,0.432,0.412,0.415,0.633,0.983,0.118,59,0.39,0.463,willipa01
Nikola Jokić,27,DEN,C,69,69,2323,0.632,0.854,0.303,0.414,0.092,0.038,0.146,0.675,0.784,0.643,0.5,0.59,0.383,0.603,0.825,0.022,21,0.027,0.25,jokicni01
Derrick White,28,BOS,SG,82,70,2319,0.462,0.484,0.156,0.214,0.079,0.024,0.516,0.548,0.72,0.469,0.517,0.333,0.381,0.502,0.886,0.018,11,0.284,0.387,whitede01
Jaden Ivey,20,DET,SG,74,73,2304,0.416,0.644,0.242,0.211,0.097,0.087,0.356,0.457,0.584,0.333,0.411,0.442,0.343,0.239,0.733,0.033,28,0.117,0.366,iveyja01
D'Angelo Russell,26,TOT,PG,71,71,2304,0.469,0.483,0.129,0.137,0.133,0.084,0.517,0.548,0.721,0.492,0.484,0.475,0.396,0.315,0.68,0,0,0.102,0.4,russeda01
Draymond Green,32,GSW,PF,73,73,2297,0.527,0.724,0.297,0.363,0.04,0.023,0.276,0.612,0.709,0.57,0.474,0.273,0.305,0.852,1,0.051,21,0.298,0.308,greendr01
KJ Martin,22,HOU,SF,82,49,2292,0.569,0.7,0.417,0.281,0.003,0,0.3,0.679,0.807,0.49,0.5,0,0.315,0.772,1,0.275,173,0.236,0.353,martike04
Joel Embiid,28,PHI,C,66,66,2284,0.548,0.849,0.269,0.196,0.242,0.133,0.151,0.587,0.807,0.435,0.514,0.489,0.33,0.589,0.879,0.065,74,0.04,0.25,embiijo01
Bruce Brown,26,DEN,SF,80,31,2280,0.483,0.657,0.262,0.266,0.086,0.032,0.343,0.548,0.809,0.391,0.391,0.25,0.358,0.551,0.923,0.076,50,0.382,0.392,brownbr01
Klay Thompson,32,GSW,SF,69,69,2279,0.436,0.416,0.058,0.123,0.114,0.121,0.584,0.47,0.694,0.513,0.378,0.408,0.412,0.727,0.89,0.011,11,0.17,0.403,thompkl01
Jalen Williams,21,OKC,SG,75,62,2276,0.521,0.742,0.377,0.246,0.073,0.047,0.258,0.579,0.726,0.436,0.448,0.351,0.356,0.416,0.904,0.106,77,0.146,0.367,willija06
Lauri Markkanen,25,UTA,PF,66,66,2273,0.499,0.554,0.213,0.251,0.053,0.037,0.446,0.585,0.717,0.505,0.525,0.452,0.391,0.65,0.935,0.112,111,0.184,0.489,markkla01
Max Strus,26,MIA,SF,80,33,2272,0.41,0.287,0.138,0.114,0.023,0.011,0.713,0.559,0.679,0.478,0.444,0.111,0.35,0.701,0.939,0.025,17,0.274,0.461,strusma01
Luguentz Dort,23,OKC,SF,74,73,2272,0.388,0.532,0.301,0.174,0.032,0.024,0.468,0.44,0.521,0.309,0.357,0.476,0.33,0.51,0.889,0.04,29,0.232,0.411,dortlu01
Nic Claxton,23,BKN,C,76,76,2271,0.705,0.997,0.671,0.303,0.022,0,0.003,0.708,0.805,0.511,0.462,0,0,0.763,0,0.346,191,1,0,claxtni01
Jerami Grant,28,POR,PF,63,63,2246,0.475,0.607,0.264,0.141,0.085,0.103,0.393,0.523,0.68,0.419,0.397,0.383,0.401,0.569,0.944,0.083,70,0.357,0.375,grantje01
Kyrie Irving,30,TOT,SG,60,60,2241,0.494,0.588,0.16,0.182,0.155,0.091,0.412,0.574,0.724,0.507,0.538,0.509,0.379,0.291,0.511,0.002,1,0.107,0.34,irvinky01
Kyle Kuzma,27,WAS,PF,64,64,2239,0.448,0.579,0.186,0.266,0.082,0.045,0.421,0.533,0.722,0.487,0.383,0.294,0.333,0.466,0.781,0.036,38,0.243,0.41,kuzmaky01
Caris LeVert,28,CLE,SG,74,30,2237,0.431,0.563,0.235,0.181,0.115,0.028,0.437,0.462,0.638,0.373,0.306,0.238,0.392,0.368,0.701,0.042,29,0.228,0.405,leverca01
Bennedict Mathurin,20,IND,SG,78,17,2222,0.434,0.674,0.286,0.26,0.075,0.044,0.326,0.488,0.625,0.397,0.366,0.333,0.323,0.591,0.74,0.035,28,0.194,0.333,mathube01
Terry Rozier,28,CHA,SG,63,63,2221,0.415,0.575,0.194,0.199,0.101,0.081,0.425,0.48,0.622,0.376,0.467,0.417,0.327,0.326,0.655,0.003,3,0.289,0.301,roziete01
Jarrett Allen,24,CLE,C,68,68,2220,0.644,0.984,0.57,0.304,0.075,0.027,0.016,0.653,0.765,0.516,0.511,0.294,0.1,0.769,1,0.316,177,0.6,0,allenja01
Dillon Brooks,27,MEM,SF,73,73,2214,0.396,0.557,0.157,0.19,0.138,0.072,0.443,0.451,0.635,0.362,0.453,0.282,0.326,0.438,0.797,0.012,12,0.164,0.361,brookdi01
Kevin Huerter,24,SAC,SG,75,75,2203,0.485,0.411,0.135,0.141,0.087,0.042,0.589,0.604,0.778,0.607,0.413,0.444,0.402,0.656,0.868,0.014,11,0.149,0.395,huertke01
Jrue Holiday,32,MIL,PG,67,65,2183,0.479,0.598,0.194,0.216,0.096,0.093,0.402,0.542,0.727,0.452,0.459,0.453,0.384,0.247,0.43,0.007,6,0.117,0.458,holidjr01
Alperen Şengün,20,HOU,C,75,72,2171,0.553,0.929,0.395,0.464,0.053,0.016,0.071,0.57,0.677,0.499,0.476,0.308,0.333,0.499,1,0.109,77,0.035,0,sengual01
Anfernee Simons,23,POR,SG,62,62,2171,0.447,0.462,0.166,0.124,0.092,0.08,0.538,0.528,0.647,0.431,0.542,0.417,0.377,0.29,0.684,0.029,26,0.107,0.4,simonan01
Ivica Zubac,25,LAC,C,76,76,2170,0.634,0.996,0.593,0.377,0.021,0.004,0.004,0.637,0.702,0.546,0.455,0.5,0,0.733,0,0.286,130,0,0,zubaciv01
Killian Hayes,21,DET,PG,76,56,2154,0.377,0.649,0.086,0.216,0.236,0.112,0.351,0.429,0.586,0.403,0.401,0.418,0.28,0.141,0.763,0.017,13,0.259,0.243,hayeski01
Tim Hardaway Jr.,30,DAL,SF,71,45,2152,0.401,0.351,0.109,0.093,0.09,0.059,0.649,0.431,0.543,0.367,0.434,0.32,0.385,0.641,0.896,0.014,9,0.271,0.389,hardati02
De'Anthony Melton,24,PHI,SG,77,58,2150,0.425,0.381,0.183,0.131,0.037,0.026,0.619,0.484,0.622,0.329,0.292,0.529,0.39,0.467,0.873,0.011,6,0.241,0.371,meltode01
Rudy Gobert,30,MIN,C,70,70,2148,0.659,0.995,0.778,0.19,0.022,0.004,0.005,0.663,0.748,0.365,0.333,0,0,0.744,0,0.388,200,0,0,goberru01
Jimmy Butler,33,MIA,PF,64,64,2138,0.539,0.884,0.314,0.341,0.158,0.055,0.116,0.564,0.703,0.492,0.5,0.408,0.35,0.377,0.694,0.068,54,0.534,0.345,butleji01
James Harden,33,PHI,PG,58,58,2135,0.441,0.504,0.162,0.188,0.106,0.043,0.496,0.495,0.618,0.418,0.438,0.528,0.385,0.129,0.416,0.001,1,0.05,0.429,hardeja01
Jamal Murray,25,DEN,PG,65,65,2133,0.454,0.585,0.144,0.161,0.134,0.142,0.415,0.494,0.667,0.44,0.46,0.399,0.398,0.326,0.587,0.018,17,0.12,0.5,murraja01
John Collins,25,ATL,PF,71,71,2130,0.508,0.661,0.29,0.207,0.109,0.045,0.339,0.619,0.795,0.459,0.481,0.5,0.292,0.775,0.943,0.113,73,0.4,0.302,collijo01
Saddiq Bey,23,TOT,SF,77,37,2129,0.422,0.5,0.218,0.177,0.05,0.049,0.5,0.483,0.643,0.399,0.286,0.268,0.361,0.381,0.894,0.036,30,0.347,0.407,beysa01
De'Andre Hunter,25,ATL,SF,67,67,2126,0.461,0.652,0.157,0.176,0.193,0.114,0.348,0.521,0.651,0.421,0.522,0.489,0.35,0.584,0.9,0.044,32,0.406,0.397,huntede01
Russell Westbrook,34,TOT,PG,73,24,2126,0.436,0.711,0.305,0.229,0.103,0.075,0.289,0.487,0.632,0.379,0.461,0.257,0.311,0.23,0.663,0.023,19,0.227,0.231,westbru01
Quentin Grimes,22,NYK,SG,71,66,2121,0.468,0.324,0.248,0.047,0.018,0.012,0.676,0.641,0.745,0.321,0.182,0.429,0.386,0.776,0.994,0.043,24,0.327,0.474,grimequ01
Kristaps Porziņģis,27,WAS,C,65,65,2120,0.498,0.65,0.166,0.229,0.163,0.092,0.35,0.559,0.74,0.536,0.494,0.404,0.385,0.622,0.949,0.095,83,0.053,0.526,porzikr01
Gary Trent Jr.,24,TOR,SG,66,44,2118,0.433,0.519,0.116,0.128,0.118,0.15,0.481,0.493,0.704,0.475,0.455,0.364,0.369,0.494,0.855,0.024,20,0.176,0.291,trentga02
Damian Lillard,32,POR,PG,58,58,2107,0.463,0.453,0.231,0.103,0.049,0.057,0.547,0.574,0.673,0.452,0.525,0.493,0.371,0.157,0.5,0.012,10,0.058,0.395,lillada01
Ayo Dosunmu,23,CHI,SG,80,51,2098,0.493,0.668,0.411,0.147,0.07,0.04,0.332,0.583,0.679,0.429,0.5,0.304,0.312,0.55,1,0.018,9,0.466,0.33,dosunay01
Corey Kispert,23,WAS,SF,74,45,2093,0.497,0.344,0.179,0.126,0.029,0.009,0.656,0.637,0.762,0.541,0.412,0.2,0.424,0.766,0.982,0.029,15,0.224,0.488,kispeco01
Malik Beasley,26,TOT,SG,81,27,2093,0.395,0.298,0.036,0.131,0.073,0.058,0.702,0.484,0.706,0.528,0.353,0.407,0.357,0.511,0.855,0.006,4,0.167,0.373,beaslma01
Caleb Martin,27,MIA,SF,71,49,2077,0.464,0.569,0.235,0.155,0.049,0.117,0.431,0.545,0.674,0.424,0.481,0.469,0.356,0.588,0.833,0.051,21,0.407,0.302,martica02
Andrew Nembhard,23,IND,SG,75,63,2073,0.441,0.592,0.169,0.182,0.169,0.068,0.408,0.504,0.716,0.436,0.376,0.455,0.35,0.406,0.902,0.002,1,0.266,0.357,nembhan01
Keldon Johnson,23,SAS,SF,63,63,2063,0.452,0.634,0.27,0.27,0.08,0.014,0.366,0.523,0.657,0.455,0.337,0.313,0.329,0.509,0.903,0.022,22,0.226,0.348,johnske04
Aaron Gordon,27,DEN,PF,68,68,2055,0.564,0.773,0.481,0.18,0.063,0.035,0.227,0.628,0.779,0.394,0.292,0.333,0.347,0.618,0.733,0.26,178,0.312,0.259,gordoaa01
Mason Plumlee,32,TOT,C,79,60,2054,0.68,1,0.707,0.25,0.033,0.01,0,0.68,0.766,0.463,0.5,0.6,0,0.657,0,0.26,115,0,0,plumlma01
Grant Williams,24,BOS,PF,79,23,2045,0.454,0.389,0.137,0.197,0.046,0.006,0.611,0.546,0.738,0.468,0.364,0.333,0.395,0.594,0.922,0.032,15,0.416,0.421,willigr01
Deandre Ayton,24,PHX,C,67,67,2035,0.589,0.973,0.313,0.352,0.223,0.085,0.027,0.597,0.806,0.532,0.455,0.467,0.292,0.792,0.857,0.131,110,0,0,aytonde01
Mike Conley,35,TOT,PG,67,66,2029,0.428,0.425,0.084,0.203,0.108,0.03,0.575,0.486,0.608,0.427,0.5,0.5,0.385,0.381,0.696,0,0,0.157,0.545,conlemi01
Giannis Antetokounmpo,28,MIL,PF,63,63,2024,0.553,0.866,0.48,0.212,0.091,0.084,0.134,0.596,0.791,0.354,0.353,0.355,0.275,0.415,0.617,0.166,198,0.023,0.25,antetgi01
Kevin Porter Jr.,22,HOU,PG,59,59,2024,0.442,0.564,0.153,0.221,0.115,0.076,0.436,0.501,0.711,0.385,0.461,0.478,0.366,0.18,0.525,0.054,41,0.117,0.489,porteke02
Deni Avdija,22,WAS,SF,76,40,2020,0.437,0.599,0.283,0.263,0.038,0.016,0.401,0.53,0.72,0.395,0.227,0.111,0.297,0.538,0.942,0.057,29,0.241,0.339,avdijde01
Tyrese Maxey,22,PHI,SG,60,41,2016,0.481,0.596,0.222,0.208,0.101,0.06,0.404,0.513,0.626,0.447,0.467,0.4,0.434,0.444,0.688,0.014,13,0.195,0.514,maxeyty01
Dorian Finney-Smith,29,TOT,PF,66,66,2009,0.391,0.325,0.218,0.088,0.012,0.008,0.675,0.503,0.642,0.227,0,0.5,0.337,0.671,0.974,0.084,33,0.382,0.38,finnedo01
Jordan Clarkson,30,UTA,SG,61,61,1988,0.444,0.555,0.109,0.302,0.13,0.015,0.445,0.53,0.688,0.508,0.47,0.333,0.338,0.215,0.748,0.016,12,0.12,0.4,clarkjo01
Dennis Schröder,29,LAL,PG,66,50,1986,0.415,0.654,0.168,0.208,0.18,0.098,0.346,0.461,0.55,0.422,0.462,0.391,0.329,0.245,0.905,0,0,0.258,0.345,schrode01
Tre Jones,23,SAS,PG,68,65,1984,0.459,0.787,0.276,0.262,0.21,0.039,0.213,0.506,0.673,0.385,0.442,0.483,0.285,0.26,0.867,0.004,1,0.323,0.255,jonestr01
Grayson Allen,27,MIL,SG,72,70,1972,0.44,0.343,0.18,0.104,0.054,0.005,0.657,0.518,0.67,0.345,0.4,0,0.399,0.606,0.884,0.027,12,0.213,0.474,allengr01
Jonas Valančiūnas,30,NOP,C,79,79,1968,0.547,0.866,0.357,0.325,0.134,0.039,0.134,0.577,0.725,0.494,0.44,0.313,0.349,0.569,0.974,0.086,67,0.046,0.2,valanjo01
Eric Gordon,34,TOT,SG,69,58,1965,0.446,0.455,0.164,0.243,0.041,0.006,0.545,0.535,0.71,0.453,0.37,0.25,0.371,0.39,0.811,0.002,1,0.084,0.467,gordoer01
Kevon Looney,26,GSW,C,82,70,1958,0.63,0.997,0.557,0.365,0.044,0.031,0.003,0.632,0.734,0.521,0.412,0.417,0,0.669,0,0.177,68,0,0,looneke01
Kyle Anderson,29,MIN,PF,69,46,1957,0.509,0.788,0.246,0.426,0.087,0.028,0.212,0.536,0.648,0.512,0.465,0.143,0.41,0.512,0.93,0.02,10,0.448,0.468,anderky01
Marcus Smart,28,BOS,PG,61,61,1957,0.415,0.432,0.14,0.204,0.053,0.025,0.568,0.519,0.75,0.431,0.438,0.267,0.336,0.274,0.826,0.008,4,0.193,0.333,smartma01
LeBron James,38,LAL,PF,55,54,1954,0.5,0.691,0.302,0.197,0.084,0.107,0.309,0.58,0.788,0.463,0.34,0.397,0.321,0.395,0.628,0.062,74,0.08,0.267,jamesle01
Herbert Jones,24,NOP,PF,66,66,1951,0.469,0.667,0.381,0.22,0.018,0.038,0.333,0.536,0.66,0.391,0.444,0.211,0.335,0.659,0.911,0.084,37,0.503,0.321,joneshe01
Torrey Craig,32,PHX,PF,79,60,1948,0.456,0.494,0.266,0.138,0.062,0.028,0.506,0.518,0.699,0.319,0.258,0.357,0.395,0.57,0.99,0.044,17,0.474,0.45,craigto01
Ja Morant,23,MEM,PG,61,59,1948,0.466,0.753,0.289,0.295,0.144,0.025,0.247,0.519,0.652,0.419,0.463,0.467,0.307,0.181,0.533,0.058,55,0.1,0.433,moranja01
Kelly Olynyk,31,UTA,C,68,68,1942,0.499,0.576,0.223,0.269,0.048,0.036,0.424,0.576,0.702,0.54,0.296,0.45,0.394,0.643,0.968,0.025,13,0.203,0.438,olynyke01
Stephen Curry,34,GSW,PG,56,56,1941,0.493,0.436,0.107,0.191,0.063,0.076,0.564,0.579,0.76,0.551,0.493,0.465,0.427,0.371,0.593,0,0,0.097,0.597,curryst01
Tyus Jones,26,MEM,PG,80,22,1940,0.438,0.541,0.085,0.182,0.235,0.039,0.459,0.495,0.6,0.488,0.473,0.429,0.371,0.284,0.793,0,0,0.202,0.53,jonesty01
Paul George,32,LAC,SF,56,56,1939,0.457,0.576,0.145,0.14,0.132,0.157,0.424,0.521,0.699,0.553,0.421,0.411,0.371,0.322,0.614,0.042,36,0.134,0.491,georgpa01
Al Horford,36,BOS,C,63,63,1922,0.476,0.322,0.14,0.123,0.038,0.021,0.678,0.539,0.672,0.525,0.278,0.2,0.446,0.675,0.993,0.023,11,0.378,0.488,horfoal01
P.J. Tucker,37,PHI,PF,75,75,1920,0.427,0.378,0.173,0.151,0.036,0.018,0.622,0.482,0.487,0.441,0.5,0.75,0.393,0.732,0.982,0,0,0.914,0.398,tuckepj01
Jalen McDaniels,25,TOT,SF,80,24,1913,0.455,0.624,0.305,0.207,0.078,0.016,0.376,0.53,0.649,0.398,0.396,0.4,0.332,0.549,0.974,0.073,36,0.384,0.337,mcdanja01
Jakob Poeltl,27,TOT,C,72,71,1906,0.629,0.998,0.487,0.351,0.138,0.002,0.002,0.63,0.757,0.516,0.471,0,0,0.632,0,0.045,27,0,0,poeltja01
Anthony Davis,29,LAL,C,56,54,1904,0.563,0.923,0.348,0.323,0.134,0.117,0.077,0.589,0.788,0.514,0.442,0.372,0.257,0.625,1,0.156,138,0.149,0.364,davisan02
Donte DiVincenzo,26,GSW,SG,72,36,1894,0.435,0.3,0.124,0.131,0.026,0.019,0.7,0.525,0.567,0.563,0.286,0.3,0.397,0.612,0.927,0.017,9,0.228,0.419,divindo01
Bojan Bogdanović,33,DET,PF,59,59,1893,0.488,0.6,0.144,0.214,0.169,0.073,0.4,0.539,0.685,0.487,0.537,0.406,0.411,0.537,0.828,0.012,10,0.297,0.419,bogdabo02
Chris Paul,37,PHX,PG,59,59,1889,0.44,0.609,0.025,0.127,0.302,0.154,0.391,0.482,0.588,0.447,0.485,0.485,0.375,0.163,0.551,0,0,0.073,0.421,paulch01
Tyrese Haliburton,22,IND,PG,56,56,1883,0.49,0.522,0.209,0.163,0.092,0.048,0.478,0.572,0.733,0.453,0.403,0.55,0.4,0.243,0.435,0.02,17,0.092,0.514,halibty01
Jarred Vanderbilt,23,TOT,PF,78,65,1879,0.548,0.8,0.483,0.282,0.031,0.004,0.2,0.604,0.72,0.449,0.214,0.5,0.322,0.679,1,0.213,90,0.878,0.354,vandeja01
Terance Mann,26,LAC,SG,81,36,1872,0.519,0.622,0.33,0.191,0.061,0.04,0.378,0.598,0.769,0.4,0.375,0.476,0.389,0.554,0.883,0.107,47,0.495,0.337,mannte01
Troy Brown Jr.,23,LAL,SF,76,45,1860,0.43,0.396,0.166,0.148,0.032,0.049,0.604,0.505,0.688,0.377,0.4,0.348,0.381,0.667,0.953,0.03,10,0.395,0.405,browntr01
Onyeka Okongwu,22,ATL,C,80,18,1849,0.638,0.974,0.606,0.233,0.05,0.074,0.026,0.647,0.764,0.448,0.56,0.405,0.308,0.706,1,0.207,95,0.769,0.4,okongon01
Austin Reaves,24,LAL,SG,64,22,1843,0.529,0.559,0.184,0.194,0.129,0.053,0.441,0.631,0.833,0.558,0.54,0.423,0.398,0.405,0.86,0.016,8,0.264,0.368,reaveau01
Desmond Bane,24,MEM,SG,58,58,1841,0.479,0.567,0.229,0.21,0.071,0.056,0.433,0.534,0.642,0.447,0.478,0.491,0.408,0.521,0.729,0.007,6,0.15,0.508,banede01
Devin Booker,26,PHX,SG,53,53,1835,0.494,0.704,0.156,0.202,0.204,0.142,0.296,0.554,0.717,0.491,0.555,0.464,0.351,0.387,0.685,0.02,20,0.149,0.362,bookede01
Marcus Morris,33,LAC,PF,65,65,1825,0.426,0.521,0.07,0.118,0.199,0.134,0.479,0.484,0.711,0.5,0.414,0.453,0.364,0.414,0.955,0.008,5,0.231,0.31,morrima03
Myles Turner,26,IND,C,62,62,1825,0.548,0.66,0.302,0.251,0.071,0.029,0.34,0.638,0.778,0.516,0.615,0.286,0.373,0.767,0.968,0.095,67,0.096,0.458,turnemy01
Bobby Portis,27,MIL,PF,70,22,1818,0.496,0.68,0.23,0.202,0.172,0.076,0.32,0.555,0.643,0.549,0.471,0.492,0.37,0.597,1,0.025,17,0.35,0.278,portibo01
Aaron Nesmith,23,IND,SF,73,60,1816,0.427,0.468,0.249,0.136,0.063,0.02,0.532,0.496,0.639,0.263,0.486,0.333,0.366,0.701,0.965,0.042,22,0.424,0.383,nesmiaa01
Patrick Beverley,34,TOT,SG,67,67,1816,0.4,0.336,0.122,0.181,0.022,0.011,0.664,0.529,0.636,0.446,0.5,0.75,0.335,0.359,0.875,0.003,1,0.335,0.35,beverpa01
Jevon Carter,27,MIL,PG,81,39,1810,0.423,0.404,0.092,0.067,0.09,0.154,0.596,0.425,0.538,0.237,0.431,0.437,0.421,0.34,0.789,0.004,1,0.231,0.436,carteje01
Michael Porter Jr.,24,DEN,SF,62,62,1798,0.487,0.444,0.165,0.103,0.061,0.109,0.556,0.579,0.807,0.429,0.44,0.449,0.414,0.752,0.904,0.051,39,0.185,0.524,portemi01
Naji Marshall,25,NOP,SF,77,21,1792,0.433,0.618,0.228,0.291,0.082,0.012,0.382,0.513,0.662,0.386,0.532,0.429,0.303,0.53,0.985,0.026,14,0.381,0.325,marshna01
Jaren Jackson Jr.,23,MEM,C,63,63,1787,0.506,0.657,0.304,0.319,0.028,0.006,0.343,0.585,0.704,0.496,0.348,0.4,0.355,0.595,0.96,0.112,83,0.209,0.322,jacksja02
Shaedon Sharpe,19,POR,SG,80,15,1779,0.472,0.563,0.285,0.114,0.049,0.111,0.437,0.559,0.708,0.392,0.313,0.444,0.36,0.549,0.882,0.108,62,0.322,0.407,sharpsh01
Markelle Fultz,24,ORL,PG,60,60,1778,0.514,0.872,0.299,0.28,0.178,0.115,0.128,0.544,0.685,0.5,0.438,0.449,0.31,0.323,0.963,0.054,30,0.368,0.375,fultzma01
Tari Eason,21,HOU,PF,82,5,1767,0.448,0.739,0.433,0.262,0.029,0.015,0.261,0.486,0.619,0.318,0.211,0.1,0.343,0.473,0.983,0.126,64,0.285,0.367,easonta01
Gabe Vincent,26,MIA,PG,68,34,1759,0.402,0.383,0.093,0.138,0.088,0.062,0.617,0.512,0.547,0.462,0.44,0.657,0.334,0.423,0.718,0.002,1,0.323,0.381,vincega01
Kawhi Leonard,31,LAC,SF,52,50,1748,0.512,0.713,0.141,0.178,0.225,0.169,0.287,0.551,0.724,0.523,0.531,0.463,0.416,0.333,0.644,0.049,42,0.192,0.521,leonaka01
Malcolm Brogdon,30,BOS,PG,67,0,1744,0.484,0.594,0.187,0.239,0.082,0.075,0.406,0.51,0.613,0.434,0.483,0.509,0.444,0.342,0.636,0.007,5,0.155,0.435,brogdma01
Christian Wood,27,DAL,C,67,17,1738,0.515,0.637,0.304,0.208,0.062,0.062,0.363,0.594,0.697,0.569,0.417,0.354,0.376,0.615,0.971,0.124,86,0.168,0.319,woodch01
Coby White,22,CHI,SG,74,2,1730,0.443,0.421,0.2,0.096,0.072,0.052,0.579,0.54,0.672,0.386,0.465,0.419,0.372,0.348,0.961,0.008,4,0.148,0.412,whiteco01
Clint Capela,28,ATL,C,65,63,1730,0.653,0.998,0.761,0.218,0.004,0.004,0.002,0.654,0.725,0.402,0,0.5,0,0.717,0,0.287,144,0,0,capelca01
Malik Monk,24,SAC,SG,77,0,1719,0.448,0.5,0.216,0.183,0.064,0.034,0.5,0.538,0.698,0.418,0.333,0.519,0.359,0.523,0.825,0.049,33,0.168,0.433,monkma01
Kyle Lowry,36,MIA,PG,55,44,1718,0.404,0.361,0.14,0.093,0.082,0.045,0.639,0.509,0.588,0.444,0.475,0.455,0.345,0.292,0.757,0,0,0.177,0.455,lowryky01
Nicolas Batum,34,LAC,PF,78,19,1709,0.42,0.168,0.094,0.039,0.016,0.018,0.832,0.563,0.694,0.533,0.333,0.143,0.391,0.611,0.992,0.024,8,0.391,0.435,batumni01
Walker Kessler,21,UTA,C,74,40,1703,0.72,0.993,0.671,0.304,0.002,0.014,0.007,0.723,0.813,0.54,1,0.333,0.333,0.67,1,0.343,130,0.333,0,kesslwa01
Monte Morris,27,WAS,PG,62,61,1695,0.48,0.604,0.118,0.21,0.144,0.132,0.396,0.543,0.754,0.509,0.5,0.456,0.382,0.29,0.769,0,0,0.245,0.4,morrimo01
Wendell Carter Jr.,23,ORL,C,57,54,1690,0.525,0.633,0.282,0.179,0.101,0.07,0.367,0.624,0.85,0.473,0.452,0.349,0.356,0.649,0.988,0.145,84,0.218,0.449,cartewe01
Santi Aldama,22,MEM,PF,77,20,1682,0.47,0.493,0.28,0.166,0.03,0.017,0.507,0.591,0.707,0.471,0.25,0.444,0.353,0.68,0.968,0.118,54,0.391,0.365,aldamsa01
Bradley Beal,29,WAS,SG,50,50,1673,0.506,0.751,0.197,0.256,0.164,0.133,0.249,0.552,0.786,0.462,0.472,0.479,0.365,0.401,0.713,0.016,14,0.201,0.364,bealbr01
Kevin Durant,34,TOT,PF,47,47,1672,0.56,0.733,0.11,0.162,0.292,0.168,0.267,0.617,0.821,0.607,0.591,0.538,0.404,0.464,0.656,0.044,37,0.078,0.556,duranke01
Jalen Duren,19,DET,C,67,31,1670,0.648,0.995,0.606,0.339,0.048,0.003,0.005,0.652,0.747,0.511,0.474,0,0,0.667,0,0.412,153,0.5,0,durenja01
Reggie Jackson,32,TOT,PG,68,40,1657,0.411,0.55,0.13,0.209,0.1,0.1,0.45,0.474,0.639,0.44,0.422,0.406,0.333,0.257,0.823,0.008,5,0.253,0.384,jacksre01
Isaac Okoro,22,CLE,SF,76,46,1652,0.494,0.517,0.37,0.13,0.006,0.003,0.483,0.617,0.687,0.413,1,0,0.363,0.735,0.935,0.096,30,0.83,0.38,okorois01
Isaiah Hartenstein,24,NYK,C,82,8,1626,0.535,0.887,0.56,0.202,0.122,0.003,0.113,0.576,0.623,0.576,0.375,0,0.216,0.611,1,0.144,42,0.649,0.292,harteis01
Daniel Gafford,24,WAS,C,78,47,1604,0.732,1,0.592,0.367,0.025,0.015,0,0.732,0.846,0.566,0.8,0.167,0,0.668,0,0.362,135,0,0,gaffoda01
Mitchell Robinson,24,NYK,C,59,58,1591,0.671,1,0.918,0.075,0.004,0.004,0,0.671,0.7,0.333,1,0,0,0.574,0,0.521,130,0,0,robinmi01
Drew Eubanks,25,POR,C,78,28,1584,0.641,0.946,0.491,0.314,0.108,0.024,0.054,0.655,0.756,0.562,0.5,0.375,0.389,0.773,1,0.263,74,0.167,0,eubandr01
Gordon Hayward,32,CHA,SF,50,50,1577,0.475,0.725,0.16,0.201,0.191,0.172,0.275,0.532,0.763,0.487,0.486,0.42,0.325,0.554,0.904,0.028,16,0.231,0.432,haywago01
Alex Caruso,28,CHI,PG,67,36,1575,0.455,0.472,0.29,0.112,0.052,0.017,0.528,0.556,0.699,0.281,0.4,0.4,0.364,0.533,0.945,0.028,6,0.49,0.405,carusal01
Shake Milton,26,PHI,SG,76,11,1567,0.479,0.706,0.296,0.243,0.119,0.04,0.294,0.521,0.685,0.393,0.4,0.5,0.378,0.416,0.839,0.008,4,0.25,0.297,miltosh01
Norman Powell,29,LAC,SG,60,8,1567,0.479,0.596,0.241,0.207,0.087,0.061,0.404,0.534,0.684,0.456,0.419,0.372,0.397,0.527,0.877,0.025,16,0.317,0.484,powelno01
Cole Anthony,22,ORL,PG,60,4,1552,0.454,0.662,0.143,0.249,0.151,0.12,0.338,0.5,0.632,0.447,0.522,0.425,0.364,0.248,0.733,0.023,11,0.083,0.353,anthoco01
Malaki Branham,19,SAS,SG,66,32,1550,0.44,0.583,0.149,0.203,0.146,0.085,0.417,0.539,0.637,0.524,0.517,0.442,0.302,0.495,0.922,0.02,9,0.208,0.358,branhma01
Cedi Osman,27,CLE,SF,77,2,1548,0.451,0.411,0.268,0.1,0.025,0.015,0.589,0.564,0.732,0.226,0.538,0,0.372,0.764,0.862,0.013,7,0.253,0.43,osmande01
Kelly Oubre Jr.,27,CHA,SF,48,40,1548,0.431,0.586,0.252,0.206,0.093,0.035,0.414,0.51,0.66,0.361,0.447,0.483,0.319,0.539,0.917,0.067,47,0.295,0.41,oubreke01
Josh Green,22,DAL,SG,60,21,1539,0.537,0.558,0.285,0.199,0.06,0.013,0.442,0.643,0.78,0.513,0.435,0.6,0.402,0.664,1,0.068,25,0.698,0.39,greenjo02
Brandon Ingram,25,NOP,SF,45,45,1538,0.484,0.804,0.135,0.189,0.273,0.192,0.196,0.507,0.735,0.456,0.518,0.375,0.39,0.371,0.781,0.03,22,0.067,0.455,ingrabr01
Josh Richardson,29,TOT,SG,65,10,1530,0.431,0.471,0.09,0.108,0.164,0.108,0.529,0.506,0.66,0.467,0.429,0.533,0.365,0.432,0.916,0.011,5,0.16,0.447,richajo01
Joe Harris,31,BKN,SF,74,33,1527,0.457,0.243,0.127,0.064,0.011,0.041,0.757,0.551,0.714,0.357,0,0.5,0.426,0.797,1,0,0,0.273,0.462,harrijo01
T.J. McConnell,30,IND,PG,75,6,1526,0.543,0.887,0.311,0.361,0.167,0.035,0.113,0.556,0.642,0.516,0.483,0.5,0.441,0.233,0.692,0,0,0.288,0.588,mccontj01
Chris Boucher,30,TOR,PF,76,0,1523,0.493,0.643,0.412,0.164,0.036,0.023,0.357,0.585,0.651,0.46,0.421,0.583,0.328,0.568,0.984,0.146,67,0.487,0.359,bouchch01
Georges Niang,29,PHI,PF,78,1,1512,0.442,0.235,0.094,0.112,0.024,0.004,0.765,0.576,0.681,0.536,0.333,0.5,0.401,0.735,0.994,0,0,0.19,0.534,niangge01
Bogdan Bogdanović,30,ATL,SG,54,9,1508,0.447,0.411,0.087,0.098,0.131,0.09,0.589,0.506,0.642,0.567,0.475,0.345,0.406,0.449,0.801,0.003,2,0.206,0.392,bogdabo01
Damion Lee,30,PHX,SG,74,5,1506,0.442,0.454,0.122,0.144,0.126,0.062,0.546,0.439,0.6,0.385,0.456,0.214,0.445,0.7,0.991,0.004,2,0.393,0.495,leeda03
Bol Bol,23,ORL,PF,70,33,1505,0.546,0.764,0.324,0.264,0.107,0.069,0.236,0.633,0.871,0.492,0.471,0.303,0.265,0.537,0.767,0.157,73,0.239,0.185,bolbo01
John Konchar,26,MEM,SF,72,23,1494,0.431,0.447,0.294,0.109,0.028,0.016,0.553,0.545,0.702,0.229,0.333,0.2,0.339,0.769,0.95,0.028,7,0.525,0.355,konchjo01
Rui Hachimura,24,TOT,PF,63,9,1466,0.486,0.726,0.247,0.176,0.171,0.132,0.274,0.55,0.736,0.369,0.49,0.519,0.319,0.618,1,0.074,38,0.319,0.333,hachiru01
Dwight Powell,31,DAL,C,76,64,1458,0.732,0.981,0.799,0.167,0.004,0.011,0.019,0.746,0.791,0.578,0,0.333,0,0.787,0,0.316,76,0.4,0,poweldw01
Jeremy Sochan,19,SAS,PF,56,53,1458,0.453,0.757,0.341,0.279,0.085,0.053,0.243,0.519,0.665,0.39,0.447,0.379,0.246,0.59,1,0.127,60,0.254,0.147,sochaje01
Keita Bates-Diop,27,SAS,PF,67,42,1452,0.508,0.695,0.34,0.303,0.047,0.004,0.305,0.557,0.696,0.44,0.364,0,0.394,0.65,0.982,0.039,15,0.43,0.377,bateske01
Davion Mitchell,24,SAC,PG,80,9,1447,0.454,0.506,0.208,0.128,0.055,0.105,0.494,0.584,0.699,0.569,0.318,0.5,0.32,0.449,0.825,0.005,1,0.193,0.316,mitchda01
Pat Connaughton,30,MIL,SF,61,33,1443,0.392,0.235,0.152,0.071,0.005,0.007,0.765,0.566,0.672,0.333,0.5,0.667,0.339,0.75,0.982,0.019,8,0.339,0.358,connapa01
Zach Collins,25,SAS,C,63,26,1441,0.518,0.732,0.301,0.297,0.082,0.051,0.268,0.571,0.679,0.54,0.378,0.429,0.374,0.581,1,0.044,21,0.061,0.222,colliza01
Isaiah Stewart,21,DET,C,50,47,1414,0.442,0.535,0.302,0.209,0.009,0.016,0.465,0.542,0.571,0.478,0.5,0.857,0.327,0.688,1,0.075,29,0.327,0.328,stewais01
AJ Griffin,19,ATL,SF,72,12,1401,0.465,0.514,0.101,0.165,0.173,0.075,0.486,0.536,0.63,0.568,0.522,0.375,0.39,0.558,0.891,0.017,9,0.293,0.408,griffaj01
Isaiah Joe,23,OKC,SG,73,10,1395,0.441,0.224,0.067,0.037,0.045,0.075,0.776,0.553,0.706,0.421,0.565,0.474,0.409,0.714,0.95,0.016,8,0.132,0.519,joeis01
Jonathan Kuminga,20,GSW,PF,67,16,1394,0.525,0.706,0.332,0.28,0.058,0.036,0.294,0.59,0.673,0.54,0.483,0.389,0.37,0.643,0.944,0.189,90,0.425,0.419,kuminjo01
Jusuf Nurkić,28,POR,C,52,52,1391,0.519,0.764,0.451,0.279,0.018,0.016,0.236,0.567,0.645,0.447,0.556,0.5,0.361,0.594,1,0.044,21,0.126,0.333,nurkiju01
Dennis Smith Jr.,25,CHA,PG,54,15,1390,0.412,0.754,0.33,0.232,0.093,0.1,0.246,0.475,0.664,0.343,0.357,0.267,0.216,0.42,0.958,0.053,22,0.225,0.28,smithde03
Larry Nance Jr.,30,NOP,C,65,1,1381,0.61,0.862,0.482,0.292,0.059,0.03,0.138,0.654,0.769,0.551,0.389,0.333,0.333,0.762,1,0.223,66,0.571,0.417,nancela02
Josh Okogie,24,PHX,SG,72,26,1350,0.391,0.524,0.28,0.155,0.051,0.039,0.476,0.442,0.56,0.297,0.286,0.375,0.335,0.448,0.939,0.087,25,0.462,0.319,okogijo01
Devonte' Graham,27,TOT,PG,73,8,1338,0.374,0.216,0.058,0.072,0.035,0.051,0.784,0.452,0.6,0.355,0.533,0.364,0.352,0.31,0.798,0,0,0.104,0.429,grahade01
Terrence Ross,31,TOT,SG,63,9,1330,0.43,0.445,0.037,0.08,0.178,0.151,0.555,0.507,0.706,0.514,0.398,0.586,0.368,0.629,0.937,0.019,6,0.264,0.441,rosste01
Luke Kennard,26,TOT,SG,59,14,1315,0.492,0.296,0.058,0.084,0.089,0.065,0.704,0.487,0.545,0.5,0.441,0.48,0.494,0.6,0.94,0,0,0.201,0.481,kennalu01
Doug McDermott,31,SAS,SF,64,0,1314,0.457,0.43,0.176,0.163,0.054,0.038,0.57,0.516,0.707,0.412,0.393,0.25,0.413,0.845,0.984,0.027,14,0.198,0.407,mcderdo01
Talen Horton-Tucker,22,UTA,SG,65,20,1313,0.419,0.669,0.232,0.321,0.083,0.033,0.331,0.485,0.627,0.437,0.314,0.4,0.286,0.206,0.776,0.038,19,0.148,0.367,hortota01
Jose Alvarado,24,NOP,PG,61,10,1310,0.411,0.495,0.186,0.243,0.051,0.014,0.505,0.488,0.67,0.395,0.36,0.143,0.336,0.381,0.94,0,0,0.287,0.38,alvarjo01
Aaron Wiggins,24,OKC,SG,70,14,1297,0.512,0.664,0.383,0.264,0.014,0.003,0.336,0.573,0.705,0.396,0.4,0,0.393,0.696,0.958,0.055,18,0.459,0.286,wiggiaa01
Lonnie Walker IV,24,LAL,SG,56,32,1297,0.448,0.528,0.195,0.188,0.055,0.089,0.472,0.522,0.699,0.404,0.345,0.489,0.365,0.572,0.923,0.055,24,0.273,0.412,walkelo01
Sam Hauser,25,BOS,SF,80,8,1290,0.455,0.154,0.078,0.048,0.013,0.015,0.846,0.656,0.839,0.526,0.6,0.167,0.418,0.775,0.971,0.013,3,0.307,0.437,hausesa01
Jalen Smith,22,IND,C,68,31,1279,0.476,0.624,0.346,0.185,0.037,0.049,0.376,0.593,0.761,0.404,0.158,0.4,0.283,0.718,0.963,0.085,42,0.298,0.281,smithja04
LaMelo Ball,21,CHA,PG,36,36,1268,0.411,0.469,0.169,0.162,0.085,0.053,0.531,0.45,0.598,0.316,0.443,0.395,0.376,0.25,0.653,0.004,3,0.136,0.385,ballla01
David Roddy,21,MEM,PF,70,4,1258,0.429,0.495,0.271,0.183,0.026,0.014,0.505,0.553,0.711,0.351,0.545,0.167,0.307,0.609,0.969,0.057,22,0.415,0.341,roddyda01
Jaylen Nowell,23,MIN,SG,65,2,1252,0.448,0.629,0.251,0.213,0.134,0.03,0.371,0.542,0.662,0.429,0.536,0.368,0.289,0.469,0.716,0.024,11,0.155,0.222,nowelja01
Naz Reid,23,MIN,C,68,11,1251,0.537,0.624,0.341,0.256,0.023,0.003,0.376,0.653,0.812,0.466,0.385,0.5,0.346,0.655,1,0.066,33,0.175,0.263,reidna01
Trey Lyles,27,SAC,PF,74,0,1247,0.458,0.412,0.27,0.12,0.007,0.002,0.588,0.595,0.682,0.388,0.333,0,0.363,0.65,0.977,0.083,28,0.346,0.446,lylestr01
Jalen Suggs,21,ORL,SG,53,19,1246,0.419,0.545,0.23,0.162,0.077,0.077,0.455,0.496,0.588,0.472,0.324,0.441,0.327,0.317,0.712,0.016,5,0.134,0.407,suggsja01
Kevin Love,34,TOT,PF,62,20,1240,0.389,0.302,0.106,0.104,0.052,0.04,0.698,0.516,0.622,0.5,0.364,0.471,0.334,0.576,0.939,0.012,2,0.149,0.341,loveke01
Cory Joseph,31,DET,PG,62,2,1227,0.427,0.487,0.088,0.214,0.097,0.074,0.513,0.468,0.645,0.427,0.441,0.346,0.389,0.213,0.743,0,0,0.172,0.387,josepco01
Delon Wright,30,WAS,PG,50,14,1221,0.474,0.591,0.196,0.299,0.062,0.034,0.409,0.564,0.842,0.391,0.444,0.7,0.345,0.268,0.854,0.014,4,0.244,0.345,wrighde01
Nick Richards,25,CHA,C,65,9,1217,0.629,0.997,0.741,0.227,0.019,0.01,0.003,0.628,0.741,0.282,0.5,0.333,1,0.638,1,0.3,82,0,0,richani01
Seth Curry,32,BKN,SG,61,7,1211,0.463,0.483,0.058,0.067,0.114,0.245,0.517,0.525,0.615,0.467,0.588,0.491,0.405,0.526,0.809,0,0,0.254,0.424,curryse01
Ochai Agbaji,22,UTA,SG,59,22,1209,0.427,0.409,0.15,0.21,0.026,0.023,0.591,0.532,0.621,0.494,0.4,0.444,0.355,0.762,0.988,0.054,17,0.412,0.457,agbajoc01
Kenrich Williams,28,OKC,PF,53,10,1206,0.517,0.613,0.318,0.142,0.09,0.064,0.387,0.608,0.718,0.51,0.452,0.5,0.373,0.659,1,0.066,21,0.343,0.413,willike04
Matisse Thybulle,25,TOT,SG,71,28,1200,0.435,0.415,0.265,0.138,0.012,0,0.585,0.533,0.642,0.343,0.333,0,0.365,0.768,0.963,0.091,21,0.486,0.375,thybuma01
Isaiah Livers,24,DET,PF,52,22,1199,0.417,0.295,0.066,0.073,0.066,0.076,0.705,0.541,0.842,0.381,0.368,0.5,0.365,0.609,0.892,0.028,8,0.305,0.435,liveris01
Cameron Johnson,26,TOT,PF,42,41,1199,0.47,0.462,0.198,0.097,0.089,0.078,0.538,0.548,0.691,0.435,0.429,0.459,0.404,0.6,0.971,0.049,20,0.361,0.424,johnsca02
Anthony Lamb,25,GSW,SF,62,4,1195,0.471,0.366,0.15,0.188,0.006,0.022,0.634,0.652,0.809,0.576,0,0.429,0.367,0.68,0.986,0.045,13,0.342,0.353,lamban01
Taurean Prince,28,MIN,PF,54,4,1192,0.467,0.488,0.216,0.172,0.047,0.053,0.512,0.557,0.671,0.462,0.667,0.3,0.381,0.748,0.946,0.013,4,0.418,0.432,princta02
Andrew Wiggins,27,GSW,SF,37,37,1190,0.473,0.575,0.157,0.244,0.07,0.104,0.425,0.53,0.711,0.504,0.378,0.418,0.396,0.621,0.955,0.055,25,0.2,0.356,wiggian01
Jordan Nwora,24,TOT,SF,62,14,1188,0.436,0.526,0.227,0.142,0.074,0.067,0.474,0.462,0.574,0.413,0.364,0.233,0.408,0.546,0.907,0.04,15,0.28,0.39,nworajo01
Gary Harris,28,ORL,SG,48,42,1184,0.45,0.29,0.143,0.091,0.016,0.039,0.71,0.494,0.614,0.429,0,0.417,0.431,0.523,0.915,0.01,2,0.417,0.462,harriga01
Tre Mann,21,OKC,PG,67,5,1183,0.393,0.487,0.126,0.204,0.108,0.05,0.513,0.475,0.667,0.373,0.407,0.56,0.315,0.267,0.605,0.012,4,0.121,0.452,manntr01
Trendon Watford,22,POR,PF,62,12,1182,0.56,0.802,0.344,0.347,0.08,0.012,0.198,0.602,0.676,0.545,0.462,0.5,0.391,0.609,1,0.019,5,0.125,0.25,watfotr01
Christian Braun,21,DEN,SG,76,6,1181,0.495,0.668,0.36,0.239,0.028,0.042,0.332,0.565,0.721,0.42,0.375,0.167,0.354,0.67,0.941,0.114,30,0.417,0.4,braunch01
Xavier Tillman Sr.,24,MEM,C,61,29,1180,0.614,0.951,0.516,0.31,0.111,0.013,0.049,0.632,0.753,0.516,0.441,0.25,0.267,0.712,1,0.095,24,0.533,0.125,tillmxa01
Devin Vassell,22,SAS,SG,38,32,1178,0.439,0.553,0.141,0.081,0.176,0.155,0.447,0.48,0.643,0.333,0.41,0.489,0.387,0.456,0.883,0.035,17,0.165,0.477,vassede01
Collin Sexton,24,UTA,PG,48,15,1145,0.506,0.739,0.256,0.355,0.092,0.036,0.261,0.546,0.608,0.506,0.581,0.412,0.393,0.328,0.729,0.021,7,0.205,0.44,sextoco01
Precious Achiuwa,23,TOR,C,55,12,1140,0.485,0.733,0.381,0.262,0.069,0.012,0.267,0.564,0.734,0.406,0.286,0.2,0.269,0.623,0.966,0.141,49,0.444,0.25,achiupr01
Steven Adams,29,MEM,C,42,42,1133,0.597,0.996,0.696,0.281,0.019,0,0.004,0.599,0.645,0.5,0.4,0,0,0.503,0,0.163,41,1,0,adamsst01
Alec Burks,31,DET,SG,51,8,1122,0.436,0.479,0.087,0.144,0.122,0.12,0.521,0.459,0.65,0.409,0.464,0.4,0.414,0.307,0.657,0.002,1,0.213,0.49,burksal01
Lamar Stevens,25,CLE,SF,62,25,1120,0.448,0.67,0.33,0.16,0.139,0.031,0.33,0.513,0.653,0.326,0.45,0.222,0.316,0.778,0.967,0.104,24,0.621,0.254,stevela01
Moritz Wagner,25,ORL,C,57,18,1109,0.5,0.588,0.379,0.189,0.008,0.013,0.412,0.631,0.733,0.453,0.333,0.4,0.313,0.782,0.98,0.134,42,0.178,0.31,wagnemo01
Jordan Goodwin,24,WAS,PG,62,7,1106,0.448,0.666,0.187,0.258,0.127,0.093,0.334,0.511,0.712,0.44,0.444,0.394,0.322,0.242,0.868,0.025,5,0.212,0.52,goodwjo01
Victor Oladipo,30,MIA,SG,42,2,1106,0.397,0.474,0.144,0.156,0.107,0.055,0.526,0.471,0.534,0.492,0.326,0.545,0.33,0.278,0.586,0.01,3,0.179,0.158,oladivi01
Ben Simmons,26,BKN,PG,42,33,1105,0.566,0.991,0.43,0.464,0.094,0.004,0.009,0.571,0.713,0.468,0.455,0,0,0.617,0,0.157,32,0,0,simmobe01
Jeff Green,36,DEN,PF,56,4,1091,0.488,0.683,0.302,0.271,0.067,0.034,0.317,0.58,0.768,0.427,0.409,0.364,0.288,0.785,0.9,0.146,43,0.365,0.421,greenje02
Brandon Clarke,26,MEM,PF,56,8,1090,0.656,0.983,0.496,0.318,0.146,0.023,0.017,0.665,0.792,0.568,0.451,0.625,0.167,0.768,1,0.158,52,1,0.167,clarkbr01
Bones Hyland,22,TOT,PG,56,1,1085,0.399,0.448,0.156,0.175,0.082,0.035,0.552,0.434,0.618,0.31,0.319,0.5,0.371,0.279,0.607,0.007,3,0.137,0.442,hylanbo01
Oshae Brissett,24,IND,PF,65,2,1083,0.386,0.514,0.326,0.147,0.016,0.019,0.486,0.457,0.558,0.277,0.4,0,0.31,0.707,0.938,0.05,14,0.258,0.225,brissos01
Thomas Bryant,25,TOT,C,59,26,1081,0.623,0.84,0.412,0.257,0.1,0.062,0.16,0.658,0.803,0.537,0.486,0.478,0.441,0.775,0.962,0.244,81,0.22,0.462,bryanth01
Obi Toppin,24,NYK,PF,67,5,1050,0.446,0.411,0.289,0.095,0.019,0.007,0.589,0.593,0.736,0.25,0.125,0.667,0.344,0.863,0.965,0.148,52,0.47,0.353,toppiob01
Joe Ingles,35,MIL,SF,46,0,1044,0.435,0.181,0.081,0.073,0.008,0.02,0.819,0.556,0.65,0.5,0.5,0.4,0.409,0.32,0.711,0,0,0.261,0.453,inglejo01
Jalen Johnson,21,ATL,SF,70,6,1042,0.491,0.677,0.391,0.189,0.04,0.047,0.323,0.587,0.722,0.41,0.462,0.333,0.288,0.625,1,0.152,42,0.442,0.283,johnsja05
Isaiah Jackson,21,IND,C,63,12,1042,0.563,0.956,0.616,0.261,0.044,0.025,0.044,0.582,0.684,0.373,0.286,0.75,0.143,0.729,1,0.296,82,0.214,0.333,jacksis01
Dyson Daniels,19,NOP,PG,59,11,1042,0.418,0.587,0.303,0.221,0.048,0.01,0.413,0.492,0.635,0.348,0.3,0,0.314,0.55,0.889,0.029,6,0.291,0.36,daniedy01
Wenyen Gabriel,25,LAL,C,68,2,1024,0.596,0.862,0.523,0.312,0.019,0.008,0.138,0.647,0.713,0.568,0.2,0.5,0.278,0.676,0.9,0.092,21,0.528,0.263,gabriwe01
Austin Rivers,30,MIN,SG,52,10,1016,0.435,0.411,0.201,0.191,0.019,0,0.589,0.558,0.786,0.35,0.25,0,0.35,0.354,0.907,0.019,3,0.659,0.42,riverau01
Hamidou Diallo,24,DET,SF,56,0,996,0.573,0.944,0.432,0.291,0.125,0.069,0.056,0.593,0.765,0.459,0.426,0.462,0.238,0.624,1,0.139,48,0.524,0.273,diallha01
Will Barton,32,TOT,SG,56,2,993,0.379,0.505,0.121,0.195,0.093,0.091,0.495,0.391,0.591,0.31,0.324,0.364,0.367,0.444,0.727,0.022,7,0.183,0.515,bartowi01
Marvin Bagley III,23,DET,C,42,25,990,0.529,0.827,0.296,0.366,0.11,0.029,0.173,0.579,0.779,0.479,0.452,0.364,0.288,0.612,0.947,0.071,27,0.288,0.316,baglema01
Cam Reddish,23,TOT,SF,40,20,990,0.446,0.538,0.266,0.189,0.054,0.016,0.462,0.56,0.675,0.508,0.412,0.2,0.313,0.723,0.8,0.038,12,0.333,0.354,reddica01
Jock Landale,27,PHX,C,69,4,979,0.528,0.751,0.377,0.297,0.053,0.024,0.249,0.621,0.74,0.53,0.333,0.5,0.25,0.771,1,0.139,42,0.036,0.333,landajo01
Nassir Little,22,POR,SF,54,4,976,0.442,0.479,0.185,0.129,0.059,0.092,0.521,0.524,0.696,0.333,0.389,0.5,0.367,0.553,0.931,0.05,12,0.139,0.364,littlna01
Usman Garuba,20,HOU,C,75,1,970,0.486,0.667,0.452,0.209,0.006,0,0.333,0.525,0.625,0.324,0,0,0.407,0.613,1,0.062,11,0.492,0.414,garubus01
JT Thor,20,CHA,PF,69,8,969,0.399,0.483,0.193,0.164,0.088,0.038,0.517,0.487,0.565,0.487,0.381,0.333,0.317,0.679,0.974,0.05,11,0.553,0.382,thorjt01
Haywood Highsmith,26,MIA,PF,54,11,969,0.431,0.495,0.241,0.148,0.069,0.037,0.505,0.523,0.692,0.406,0.267,0.375,0.339,0.625,0.973,0.06,13,0.44,0.313,highsha01
Cameron Payne,28,PHX,PG,48,15,968,0.415,0.592,0.124,0.267,0.146,0.055,0.408,0.448,0.607,0.388,0.439,0.4,0.368,0.3,0.662,0,0,0.097,0.333,payneca01
Kendrick Nunn,27,TOT,SG,70,2,964,0.424,0.504,0.127,0.18,0.127,0.071,0.496,0.493,0.667,0.395,0.474,0.469,0.354,0.366,0.696,0.022,8,0.229,0.333,nunnke01
Karl-Anthony Towns,27,MIN,PF,29,29,957,0.495,0.617,0.201,0.292,0.056,0.068,0.383,0.576,0.791,0.48,0.333,0.552,0.366,0.599,0.967,0.044,17,0.104,0.176,townska01
Zion Williamson,22,NOP,PF,29,29,956,0.608,0.959,0.618,0.307,0.026,0.009,0.041,0.618,0.721,0.438,0.5,0,0.368,0.457,0.857,0.113,42,0,0,willizi01
Kevin Knox,23,TOT,SF,63,5,952,0.458,0.44,0.235,0.102,0.066,0.036,0.56,0.596,0.692,0.5,0.5,0.417,0.349,0.644,1,0.06,18,0.344,0.313,knoxke01
Cam Thomas,21,BKN,SG,57,4,948,0.441,0.708,0.125,0.226,0.228,0.129,0.292,0.464,0.684,0.466,0.346,0.458,0.383,0.327,0.451,0.011,5,0.105,0.5,thomaca02
Mike Muscala,31,TOT,C,63,9,945,0.449,0.291,0.092,0.072,0.082,0.041,0.709,0.588,0.63,0.667,0.5,0.5,0.391,0.86,0.975,0.021,5,0.232,0.417,muscami01
Maxi Kleber,31,DAL,PF,37,5,930,0.456,0.337,0.237,0.047,0.036,0.018,0.663,0.667,0.725,0.5,0.667,0.333,0.348,0.868,0.974,0.077,11,0.277,0.29,klebima01
Yuta Watanabe,28,BKN,SF,58,1,928,0.491,0.418,0.224,0.138,0.017,0.039,0.582,0.557,0.769,0.281,0.25,0.444,0.444,0.722,1,0.06,13,0.533,0.514,watanyu01
Ish Wainright,28,PHX,SF,60,2,915,0.37,0.238,0.15,0.075,0.009,0.004,0.762,0.5,0.529,0.471,0.5,0,0.329,0.519,0.982,0.026,3,0.514,0.337,wainris01
Daishen Nix,20,HOU,PG,57,7,914,0.342,0.409,0.19,0.194,0.004,0.021,0.591,0.423,0.489,0.37,1,0.2,0.286,0.439,0.825,0.013,2,0.15,0.238,nixda01
Jaylin Williams,20,OKC,C,49,36,914,0.436,0.517,0.192,0.15,0.107,0.068,0.483,0.463,0.667,0.2,0.32,0.688,0.407,0.839,0.957,0.047,8,0.159,0.556,willija07
Chris Duarte,25,IND,SF,46,12,897,0.369,0.477,0.183,0.099,0.096,0.09,0.523,0.428,0.541,0.485,0.25,0.3,0.316,0.456,0.782,0.015,4,0.328,0.333,duartch01
Derrick Jones Jr.,25,CHI,PF,64,0,893,0.5,0.652,0.548,0.096,0.009,0,0.348,0.587,0.627,0.364,0.5,0,0.338,0.739,1,0.178,35,0.6,0.375,jonesde02
Dean Wade,26,CLE,PF,44,13,891,0.412,0.282,0.164,0.062,0.045,0.011,0.718,0.56,0.759,0.364,0.25,0,0.354,0.821,1,0.04,6,0.409,0.404,wadede01
Vlatko Čančar,25,DEN,PF,60,9,889,0.476,0.493,0.233,0.22,0.035,0.004,0.507,0.58,0.717,0.48,0.25,1,0.374,0.662,0.977,0.026,4,0.33,0.421,cancavl01
Nickeil Alexander-Walker,24,TOT,SG,59,3,884,0.444,0.461,0.139,0.207,0.044,0.071,0.539,0.515,0.634,0.443,0.385,0.571,0.384,0.329,0.803,0.01,2,0.277,0.386,alexani01
Bismack Biyombo,30,PHX,C,61,14,874,0.578,1,0.417,0.49,0.092,0,0,0.578,0.814,0.406,0.421,0,0,0.824,0,0.214,42,0,0,biyombi01
Goran Dragić,36,TOT,PG,58,0,870,0.421,0.567,0.185,0.128,0.179,0.075,0.433,0.468,0.613,0.372,0.35,0.56,0.359,0.393,0.904,0,0,0.186,0.481,dragigo01
James Wiseman,21,TOT,C,45,22,867,0.558,0.941,0.366,0.407,0.086,0.056,0.059,0.58,0.742,0.536,0.31,0.263,0.2,0.697,1,0.239,72,0.05,0,wisemja01
Théo Maledon,21,CHA,PG,44,7,854,0.402,0.626,0.217,0.256,0.134,0.02,0.374,0.465,0.582,0.354,0.471,0.6,0.295,0.324,0.821,0,0,0.074,0,maledth01
Andre Drummond,29,CHI,C,67,0,849,0.606,0.989,0.763,0.215,0.011,0,0.011,0.613,0.66,0.475,0,0,0,0.614,0,0.277,66,0.333,0,drumman01
Aaron Holiday,26,ATL,PG,63,6,845,0.418,0.6,0.223,0.168,0.132,0.077,0.4,0.424,0.612,0.216,0.31,0.529,0.409,0.214,0.861,0,0,0.17,0.2,holidaa01
Romeo Langford,23,SAS,SG,43,21,844,0.467,0.764,0.29,0.351,0.093,0.031,0.236,0.53,0.68,0.429,0.458,0.5,0.262,0.543,1,0.054,13,0.541,0.333,langfro01
Terence Davis,25,SAC,SG,64,5,841,0.423,0.332,0.148,0.118,0.033,0.03,0.668,0.537,0.685,0.442,0.333,0.455,0.366,0.508,0.91,0.038,12,0.243,0.39,daviste02
George Hill,36,TOT,SG,46,1,834,0.47,0.428,0.205,0.102,0.054,0.066,0.572,0.62,0.706,0.412,0.667,0.636,0.358,0.477,0.853,0.018,3,0.337,0.438,hillge01
Mark Williams,21,CHA,C,43,17,828,0.637,1,0.673,0.267,0.048,0.012,0,0.637,0.751,0.388,0.417,0.667,0,0.681,0,0.303,71,0,0,willima07
Robert Williams,25,BOS,C,35,20,824,0.747,0.994,0.682,0.276,0.024,0.012,0.006,0.751,0.879,0.489,0.5,0,0,0.685,0,0.341,56,1,0,williro04
Wesley Matthews,36,MIL,SF,52,0,820,0.363,0.225,0.106,0.056,0.05,0.013,0.775,0.528,0.706,0.333,0.5,0,0.315,0.842,0.974,0,0,0.339,0.238,matthwe02
Moses Moody,20,GSW,SG,63,3,817,0.476,0.405,0.225,0.132,0.031,0.018,0.595,0.641,0.725,0.5,0.429,1,0.363,0.695,0.98,0.101,19,0.348,0.34,moodymo01
Rudy Gay,36,UTA,PF,56,0,816,0.38,0.547,0.105,0.174,0.157,0.111,0.453,0.484,0.667,0.44,0.422,0.469,0.254,0.526,1,0.045,11,0.338,0.318,gayru01
Ty Jerome,25,GSW,SG,45,2,816,0.488,0.628,0.095,0.306,0.182,0.045,0.372,0.546,0.739,0.527,0.523,0.364,0.389,0.41,0.857,0,0,0.233,0.524,jeromty01
Jeremiah Robinson-Earl,22,OKC,PF,43,20,814,0.444,0.552,0.395,0.101,0.02,0.036,0.448,0.533,0.612,0.32,0.6,0.222,0.333,0.795,1,0.085,18,0.351,0.333,robinje02
Jericho Sims,24,NYK,C,52,16,812,0.776,0.991,0.832,0.103,0.056,0,0.009,0.783,0.831,0.545,0.5,0,0,0.711,0,0.626,61,0,0,simsje01
Caleb Houstan,20,ORL,SF,51,4,812,0.363,0.253,0.159,0.038,0.005,0.049,0.747,0.435,0.483,0.429,0,0.333,0.338,0.65,1,0.005,0,0.338,0.478,houstca01
Danuel House Jr.,29,PHI,SF,56,5,807,0.472,0.442,0.279,0.086,0.03,0.036,0.558,0.644,0.727,0.412,0.833,0.286,0.336,0.714,0.892,0.071,12,0.464,0.333,houseda01
Landry Shamet,25,PHX,SG,40,9,807,0.377,0.337,0.137,0.067,0.077,0.057,0.663,0.376,0.537,0.25,0.261,0.294,0.377,0.605,0.88,0.013,2,0.226,0.467,shamela01
Dario Šarić,28,TOT,C,57,12,806,0.458,0.585,0.242,0.224,0.072,0.047,0.415,0.506,0.731,0.403,0.3,0.154,0.391,0.671,1,0.004,0,0.252,0.448,saricda01
Luke Kornet,27,BOS,C,69,0,804,0.665,0.924,0.647,0.206,0.041,0,0.076,0.701,0.773,0.6,0.286,0,0.231,0.745,1,0.371,59,0.538,0.286,kornelu01
Christian Koloko,22,TOR,C,58,19,802,0.48,0.92,0.633,0.213,0.067,0.007,0.08,0.514,0.6,0.313,0.4,0,0.083,0.704,1,0.32,36,0.5,0.167,kolokch01
Khris Middleton,31,MIL,SF,33,19,801,0.436,0.601,0.111,0.18,0.175,0.135,0.399,0.516,0.644,0.548,0.423,0.491,0.315,0.333,0.608,0.002,1,0.142,0.391,middlkh01
JaMychal Green,32,GSW,PF,57,1,797,0.54,0.56,0.345,0.171,0.016,0.028,0.44,0.667,0.701,0.674,0.5,0.286,0.378,0.66,1,0.246,52,0.387,0.372,greenja01
Thaddeus Young,34,TOR,PF,54,9,795,0.545,0.828,0.364,0.409,0.04,0.015,0.172,0.622,0.806,0.494,0.25,0.667,0.176,0.549,1,0.051,10,0.706,0.208,youngth01
Bryce McGowens,20,CHA,SG,46,7,787,0.396,0.604,0.327,0.193,0.059,0.025,0.396,0.443,0.576,0.333,0.25,0,0.325,0.648,0.923,0.059,9,0.35,0.357,mcgowbr01
Josh Christopher,21,HOU,SG,64,2,786,0.465,0.729,0.222,0.289,0.188,0.03,0.271,0.55,0.685,0.537,0.452,0.3,0.236,0.348,0.762,0.082,24,0.191,0.235,chrisjo01
Robert Covington,32,LAC,PF,48,0,779,0.445,0.406,0.205,0.157,0.031,0.013,0.594,0.516,0.702,0.361,0.143,0.333,0.397,0.75,0.981,0.035,7,0.147,0.45,covinro01
Justise Winslow,26,POR,PF,29,11,776,0.409,0.773,0.348,0.288,0.106,0.03,0.227,0.438,0.551,0.386,0.286,0.167,0.311,0.567,1,0.02,3,0.444,0.3,winslju01
Mo Bamba,24,TOT,C,49,7,769,0.485,0.485,0.32,0.104,0.033,0.029,0.515,0.59,0.74,0.24,0.5,0.286,0.387,0.754,1,0.178,36,0.113,0.357,bambamo01
Simone Fontecchio,27,UTA,SF,52,6,766,0.369,0.388,0.106,0.157,0.067,0.058,0.612,0.43,0.545,0.327,0.524,0.389,0.33,0.731,0.952,0.042,10,0.225,0.395,fontesi01
Miles McBride,22,NYK,PG,64,2,760,0.358,0.377,0.153,0.079,0.079,0.065,0.623,0.457,0.636,0.294,0.353,0.357,0.299,0.541,0.875,0.028,4,0.373,0.4,mcbrimi01
Paul Reed,23,PHI,C,69,2,755,0.593,0.971,0.651,0.215,0.057,0.029,0.029,0.606,0.706,0.356,0.333,0.5,0.167,0.659,1,0.144,25,0.167,0,reedpa01
John Wall,32,LAC,PG,34,3,755,0.408,0.678,0.213,0.216,0.08,0.169,0.322,0.459,0.597,0.466,0.37,0.316,0.303,0.143,0.939,0.012,4,0.101,0.273,walljo01
R.J. Hampton,21,TOT,SG,47,3,750,0.43,0.511,0.156,0.211,0.089,0.038,0.489,0.504,0.676,0.44,0.476,0.222,0.353,0.41,0.805,0.025,6,0.25,0.448,hamptrj01
Edmond Sumner,27,BKN,SG,53,12,736,0.461,0.677,0.316,0.268,0.052,0.041,0.323,0.511,0.624,0.389,0.357,0.636,0.356,0.634,0.903,0.033,9,0.529,0.348,sumneed01
Zeke Nnaji,22,DEN,PF,53,5,728,0.561,0.668,0.52,0.138,0,0.01,0.332,0.71,0.794,0.407,0,0.5,0.262,0.72,1,0.168,32,0.369,0.25,nnajize01
Jaden Hardy,20,DAL,SG,48,5,708,0.438,0.532,0.279,0.138,0.057,0.057,0.468,0.469,0.548,0.435,0.263,0.368,0.404,0.422,0.825,0.024,7,0.231,0.472,hardyja02
Justin Holiday,33,TOT,SF,46,2,706,0.377,0.299,0.147,0.02,0.034,0.098,0.701,0.508,0.7,0.5,0.143,0.35,0.322,0.871,0.913,0.039,8,0.538,0.325,holidju01
MarJon Beauchamp,22,MIL,SF,52,11,701,0.395,0.416,0.21,0.095,0.041,0.07,0.584,0.485,0.667,0.261,0.5,0.235,0.331,0.551,0.872,0.058,13,0.387,0.345,beaucma01
Aleksej Pokusevski,21,OKC,PF,34,25,701,0.434,0.582,0.305,0.201,0.052,0.024,0.418,0.483,0.645,0.3,0.308,0.333,0.365,0.6,0.974,0.056,14,0.279,0.379,pokusal01
Juan Toscano-Anderson,29,TOT,SF,52,9,700,0.448,0.699,0.294,0.308,0.063,0.035,0.301,0.56,0.667,0.5,0.333,0.6,0.186,0.661,1,0.035,4,0.465,0.2,toscaju01
Malachi Flynn,24,TOR,PG,53,2,691,0.36,0.45,0.12,0.145,0.083,0.103,0.55,0.367,0.517,0.286,0.5,0.2,0.353,0.375,0.872,0,0,0.158,0.476,flynnma01
Duncan Robinson,28,MIA,SF,42,1,691,0.371,0.19,0.051,0.089,0.034,0.013,0.81,0.556,0.75,0.476,0.5,0.333,0.328,0.88,0.952,0,0,0.188,0.306,robindu01
Chimezie Metu,25,SAC,PF,66,0,689,0.589,0.826,0.466,0.274,0.055,0.014,0.174,0.663,0.804,0.483,0.25,0.667,0.237,0.75,1,0.32,62,0.079,0,metuch01
T.J. Warren,29,TOT,PF,42,0,687,0.489,0.752,0.156,0.252,0.237,0.107,0.248,0.542,0.714,0.471,0.484,0.586,0.328,0.664,0.955,0.019,5,0.403,0.296,warretj01
Garrison Mathews,26,TOT,SG,54,0,686,0.363,0.104,0.045,0.04,0.01,0.01,0.896,0.476,0.667,0.25,0.5,0.5,0.35,0.5,0.952,0.01,2,0.228,0.39,mathega01
Montrezl Harrell,29,PHI,C,57,7,681,0.598,0.971,0.627,0.297,0.043,0.005,0.029,0.616,0.71,0.5,0.111,0,0,0.656,0,0.263,48,0.167,0,harremo01
Jordan McLaughlin,26,MIN,PG,43,0,678,0.421,0.462,0.166,0.241,0.034,0.021,0.538,0.552,0.708,0.457,0.4,0.667,0.308,0.73,0.833,0,0,0.295,0.391,mclaujo01
Jae'Sean Tate,27,HOU,SF,31,7,677,0.48,0.799,0.306,0.437,0.044,0.013,0.201,0.53,0.614,0.5,0.3,0.333,0.283,0.351,0.923,0.009,1,0.348,0.313,tateja01
Blake Wesley,19,SAS,SG,37,1,669,0.321,0.758,0.279,0.233,0.126,0.121,0.242,0.301,0.517,0.14,0.222,0.192,0.385,0.306,0.95,0.065,12,0.269,0.5,weslebl01
Sandro Mamukelashvili,23,TOT,C,43,7,660,0.422,0.57,0.335,0.183,0.043,0.009,0.43,0.511,0.61,0.429,0.2,0,0.303,0.642,1,0.048,6,0.202,0.35,mamuksa01
Eugene Omoruyi,25,TOT,SF,40,6,645,0.443,0.61,0.404,0.18,0.013,0.013,0.39,0.547,0.707,0.244,0.333,0,0.281,0.618,1,0.053,11,0.472,0.333,omorueu01
Payton Pritchard,25,BOS,PG,48,3,643,0.412,0.371,0.159,0.118,0.033,0.053,0.629,0.495,0.615,0.414,0.375,0.385,0.364,0.422,0.857,0.004,0,0.182,0.321,pritcpa01
Amir Coffey,25,LAC,SF,50,9,625,0.386,0.724,0.172,0.366,0.124,0.062,0.276,0.429,0.6,0.377,0.389,0.333,0.275,0.6,1,0.041,5,0.45,0.222,coffeam01
Anthony Gill,30,WAS,PF,59,8,624,0.538,0.78,0.311,0.409,0.053,0.008,0.22,0.65,0.78,0.593,0.429,0,0.138,0.672,1,0.045,5,0.621,0.167,gillan01
Jabari Walker,20,POR,PF,56,0,619,0.419,0.717,0.404,0.197,0.071,0.045,0.283,0.472,0.6,0.256,0.357,0.444,0.286,0.716,0.938,0.116,19,0.232,0.154,walkeja01
Darius Bazley,22,TOT,C,43,1,616,0.454,0.71,0.448,0.175,0.071,0.016,0.29,0.485,0.598,0.281,0.385,0,0.377,0.794,0.95,0.186,30,0.358,0.474,bazleda01
Juancho Hernangómez,27,TOR,PF,42,10,614,0.421,0.412,0.289,0.105,0,0.018,0.588,0.66,0.727,0.583,0,0,0.254,0.677,1,0.018,2,0.418,0.321,hernaju01
Jaxson Hayes,22,NOP,C,47,2,610,0.551,0.814,0.41,0.353,0.006,0.013,0.186,0.654,0.766,0.527,1,0.5,0.103,0.747,1,0.308,44,0.414,0.167,hayesja02
Frank Ntilikina,24,DAL,SG,47,5,607,0.364,0.492,0.144,0.159,0.091,0.098,0.508,0.477,0.579,0.238,0.417,0.769,0.254,0.581,0.941,0,0,0.343,0.13,ntilila01
DeAndre Jordan,34,DEN,C,39,8,586,0.765,0.991,0.8,0.174,0.009,0.009,0.009,0.763,0.837,0.45,1,0,1,0.759,1,0.565,60,0,0,jordade01
Blake Griffin,33,BOS,C,41,16,569,0.485,0.492,0.308,0.162,0.008,0,0.508,0.625,0.675,0.524,0,0,0.348,0.725,1,0.062,8,0.318,0.333,griffbl01
Ousmane Dieng,19,OKC,PF,39,1,569,0.42,0.459,0.21,0.188,0.033,0.028,0.541,0.602,0.789,0.5,0.167,0.4,0.265,0.78,0.962,0.099,17,0.265,0.308,diengou01
Kris Dunn,28,UTA,PG,22,3,568,0.537,0.833,0.139,0.583,0.102,0.009,0.167,0.55,0.767,0.524,0.409,0.5,0.472,0.162,0.824,0.023,4,0.139,0.4,dunnkr01
Patty Mills,34,BKN,PG,40,2,567,0.411,0.359,0.062,0.057,0.077,0.163,0.641,0.493,0.769,0.5,0.25,0.5,0.366,0.568,0.857,0,0,0.254,0.382,millspa02
Ricky Rubio,32,CLE,PG,33,2,566,0.343,0.539,0.152,0.09,0.242,0.051,0.461,0.417,0.407,0.188,0.488,0.444,0.256,0.35,0.952,0,0,0.439,0.306,rubiori01
Ziaire Williams,21,MEM,SF,37,4,561,0.429,0.505,0.25,0.107,0.102,0.046,0.495,0.596,0.776,0.381,0.5,0.333,0.258,0.78,0.88,0.128,21,0.433,0.286,willizi02
Day'Ron Sharpe,21,BKN,C,48,3,552,0.544,0.936,0.684,0.228,0.018,0.006,0.064,0.544,0.641,0.282,0.333,0,0.545,0.632,0.833,0.228,32,0.091,0,sharpda01
Kai Jones,22,CHA,C,46,0,550,0.558,0.842,0.508,0.242,0.058,0.033,0.158,0.624,0.836,0.31,0.429,0,0.211,0.619,1,0.408,44,0.421,0.25,joneska01
Lindy Waters III,25,OKC,SG,41,0,531,0.393,0.09,0.062,0.011,0.011,0.006,0.91,0.75,0.727,0.5,1,1,0.358,0.583,0.931,0,0,0.185,0.5,waterli01
Rodney McGruder,31,DET,SG,32,12,524,0.408,0.362,0.125,0.158,0.072,0.007,0.638,0.382,0.737,0.167,0.273,0,0.423,0.667,0.951,0.007,1,0.443,0.372,mcgruro01
Chuma Okeke,24,ORL,SF,27,8,518,0.352,0.295,0.164,0.057,0.049,0.025,0.705,0.472,0.7,0.143,0.167,0.333,0.302,0.588,0.923,0.049,4,0.198,0.471,okekech01
James Bouknight,22,CHA,SG,34,0,515,0.358,0.435,0.166,0.14,0.083,0.047,0.565,0.429,0.594,0.259,0.313,0.556,0.303,0.5,0.697,0.016,2,0.156,0.353,bouknja01
Max Christie,19,LAL,SG,41,3,512,0.415,0.415,0.113,0.132,0.085,0.085,0.585,0.409,0.417,0.429,0.333,0.444,0.419,0.556,0.962,0.038,3,0.435,0.37,chrisma02
Charles Bassey,22,SAS,C,35,2,508,0.644,0.941,0.548,0.267,0.096,0.03,0.059,0.661,0.757,0.556,0.462,0.5,0.375,0.643,0.667,0.178,22,0.25,0,bassech01
Raul Neto,30,CLE,PG,48,1,505,0.518,0.618,0.345,0.155,0.082,0.036,0.382,0.662,0.711,0.471,1,0.25,0.286,0.444,0.917,0,0,0.19,0.625,netora01
Dāvis Bertāns,30,DAL,PF,45,1,492,0.431,0.119,0.081,0.025,0.006,0.006,0.881,0.737,0.769,0.5,1,1,0.39,0.929,0.982,0.031,4,0.22,0.452,bertada01
Taj Gibson,37,WAS,C,49,2,480,0.52,0.808,0.288,0.28,0.144,0.096,0.192,0.564,0.806,0.429,0.5,0.333,0.333,0.667,1,0.064,8,0.458,0.455,gibsota01
Javonte Green,29,CHI,SF,32,1,480,0.565,0.676,0.481,0.185,0,0.009,0.324,0.658,0.75,0.45,0,0,0.371,0.667,1,0.222,24,0.457,0.313,greenja02
Damian Jones,27,TOT,C,41,1,477,0.64,0.802,0.593,0.186,0.012,0.012,0.198,0.652,0.706,0.5,0,1,0.588,0.733,0.9,0.302,21,0.765,0.692,jonesda03
Isaiah Roby,24,SAS,PF,42,2,474,0.432,0.613,0.265,0.277,0.026,0.045,0.387,0.516,0.707,0.395,0.25,0.286,0.3,0.612,1,0.084,12,0.183,0.364,robyis01
Stanley Johnson,26,SAS,SF,30,0,469,0.533,0.672,0.262,0.287,0.098,0.025,0.328,0.573,0.688,0.514,0.417,0.667,0.45,0.468,0.944,0.016,2,0.35,0.571,johnsst04
Svi Mykhailiuk,25,TOT,SF,32,8,468,0.445,0.428,0.208,0.104,0.064,0.052,0.572,0.473,0.667,0.167,0.455,0.333,0.424,0.543,0.833,0.029,5,0.354,0.429,mykhasv01
Evan Fournier,30,NYK,SG,27,7,459,0.337,0.313,0.072,0.09,0.102,0.048,0.687,0.404,0.5,0.467,0.353,0.25,0.307,0.476,0.857,0,0,0.237,0.333,fournev01
Willy Hernangómez,28,NOP,C,38,2,458,0.527,0.935,0.503,0.379,0.036,0.018,0.065,0.544,0.635,0.453,0.5,0,0.273,0.709,1,0.101,15,0.273,0,hernawi01
Kevon Harris,25,ORL,SG,34,0,457,0.439,0.598,0.355,0.206,0.009,0.028,0.402,0.484,0.579,0.409,0,0,0.372,0.516,0.875,0.075,5,0.326,0.5,harrike01
Goga Bitadze,23,TOT,C,38,1,457,0.552,0.792,0.496,0.272,0.016,0.008,0.208,0.636,0.758,0.471,0,0,0.231,0.635,0.833,0.152,18,0.038,0,bitadgo01
Admiral Schofield,25,ORL,PF,37,0,451,0.451,0.393,0.221,0.164,0.008,0,0.607,0.646,0.704,0.6,0,0,0.324,0.645,0.958,0.008,0,0.351,0.385,schofad01
TyTy Washington Jr.,21,HOU,PG,31,2,433,0.363,0.5,0.056,0.213,0.181,0.05,0.5,0.488,0.444,0.5,0.517,0.375,0.238,0.436,0.789,0,0,0.238,0.316,washity02
Dewayne Dedmon,33,TOT,C,38,1,426,0.51,0.742,0.351,0.311,0.06,0.02,0.258,0.58,0.66,0.511,0.444,0.667,0.308,0.738,0.917,0.073,7,0.128,0.2,dedmode01
Orlando Robinson,22,MIA,C,31,1,425,0.528,0.933,0.416,0.472,0.034,0.011,0.067,0.566,0.757,0.452,0,0,0,0.574,0,0.09,6,0.5,0,robinor01
Johnny Davis,20,WAS,SG,28,5,423,0.386,0.591,0.14,0.187,0.164,0.099,0.409,0.485,0.708,0.438,0.393,0.412,0.243,0.633,1,0.012,2,0.271,0.263,davisjo06
Keon Johnson,20,POR,SG,40,0,416,0.376,0.545,0.208,0.197,0.073,0.067,0.455,0.402,0.649,0.257,0.231,0.25,0.346,0.308,0.607,0.028,5,0.333,0.259,johnske07
Jake LaRavia,21,MEM,PF,35,0,414,0.389,0.253,0.158,0.084,0.011,0,0.747,0.542,0.533,0.5,1,0,0.338,0.846,1,0.042,3,0.155,0.455,laravja01
Dominick Barlow,19,SAS,PF,28,0,408,0.535,0.953,0.523,0.256,0.14,0.035,0.047,0.561,0.711,0.409,0.25,0.667,0,0.739,0,0.151,12,0.75,0,barlodo01
Bruno Fernando,24,TOT,C,39,4,405,0.527,0.964,0.518,0.411,0.018,0.018,0.036,0.546,0.672,0.413,0,0.5,0,0.695,0,0.304,29,0.5,0,fernabr01
Cade Cunningham,21,DET,PG,12,12,400,0.415,0.728,0.183,0.223,0.147,0.174,0.272,0.466,0.561,0.42,0.394,0.487,0.279,0.158,0.588,0.013,3,0.066,0.25,cunnica01
Ish Smith,34,DEN,PG,43,0,398,0.397,0.908,0.115,0.16,0.275,0.359,0.092,0.42,0.533,0.524,0.333,0.404,0.167,0.26,1,0,0,0.167,0,smithis01
Duane Washington Jr.,22,PHX,SG,31,3,394,0.367,0.566,0.117,0.199,0.133,0.117,0.434,0.372,0.467,0.333,0.353,0.367,0.36,0.222,0.625,0,0,0.189,0.333,washidu02
Kessler Edwards,22,TOT,SF,36,4,385,0.387,0.409,0.204,0.118,0.022,0.065,0.591,0.5,0.737,0.182,1,0.167,0.309,0.632,1,0.054,5,0.382,0.333,edwarke02
Saben Lee,23,TOT,PG,25,1,373,0.405,0.752,0.43,0.248,0.025,0.05,0.248,0.418,0.538,0.233,0.667,0.167,0.367,0.263,0.818,0.05,3,0.3,0.444,leesa01
Gary Payton II,30,TOT,SG,22,1,367,0.594,0.623,0.449,0.159,0.014,0,0.377,0.651,0.677,0.636,0,0,0.5,0.714,1,0.087,3,0.769,0.55,paytoga02
Udoka Azubuike,23,UTA,C,36,4,359,0.819,1,0.625,0.375,0,0,0,0.819,0.956,0.593,0,0,0,0.864,0,0.625,42,0,0,azubuud01
Gorgui Dieng,33,SAS,C,31,1,358,0.385,0.359,0.137,0.06,0.111,0.051,0.641,0.571,0.75,0.429,0.462,0.5,0.28,0.667,0.905,0.051,6,0.093,0.429,dienggo01
JaVale McGee,35,DAL,C,42,7,355,0.64,0.96,0.56,0.368,0.032,0,0.04,0.65,0.814,0.413,0.5,0,0.4,0.808,1,0.296,34,0,0,mcgeeja01
Markieff Morris,33,TOT,PF,35,2,355,0.409,0.383,0.061,0.087,0.157,0.078,0.617,0.432,0.571,0.2,0.556,0.333,0.394,0.737,1,0.009,1,0.31,0.409,morrima02
Furkan Korkmaz,25,PHI,SG,37,0,353,0.432,0.586,0.198,0.243,0.072,0.072,0.414,0.462,0.818,0.222,0.5,0.25,0.391,0.567,0.889,0.027,3,0.326,0.333,korkmfu01
Richaun Holmes,29,SAC,C,42,1,348,0.618,0.91,0.438,0.337,0.135,0,0.09,0.617,0.744,0.533,0.417,0,0.625,0.78,1,0.191,14,0.125,1,holmeri01
A.J. Green,23,MIL,SG,35,1,345,0.424,0.16,0.04,0.016,0.032,0.072,0.84,0.45,0.4,0.5,0.5,0.444,0.419,0.778,0.909,0,0,0.21,0.409,greenaj01
Davon Reed,27,TOT,SG,43,1,342,0.333,0.452,0.095,0.131,0.095,0.131,0.548,0.289,0.375,0.182,0.125,0.455,0.37,0.455,0.941,0.024,1,0.304,0.357,reedda01
Jae Crowder,32,MIL,PF,18,3,340,0.479,0.415,0.074,0.16,0.128,0.053,0.585,0.538,0.857,0.6,0.333,0.4,0.436,0.714,1,0.011,1,0.273,0.467,crowdja01
Derrick Rose,34,NYK,PG,27,0,338,0.384,0.604,0.189,0.258,0.094,0.063,0.396,0.438,0.567,0.366,0.467,0.3,0.302,0.333,0.737,0,0,0.19,0.333,rosede01
McKinley Wright IV,24,DAL,PG,27,1,335,0.469,0.714,0.224,0.265,0.153,0.071,0.286,0.529,0.591,0.615,0.4,0.286,0.321,0.297,0.889,0,0,0.25,0.286,wrighmc01
Theo Pinson,27,DAL,SG,40,1,323,0.356,0.287,0.126,0.126,0.023,0.011,0.713,0.36,0.364,0.364,0.5,0,0.355,0.778,0.818,0.023,1,0.145,0.556,pinsoth01
Julian Champagnie,21,TOT,SF,17,3,320,0.454,0.369,0.169,0.123,0.031,0.046,0.631,0.542,0.636,0.438,0.5,0.5,0.402,0.846,1,0.031,3,0.256,0.429,champju02
Matt Ryan,25,TOT,SF,34,0,310,0.37,0.222,0.046,0.046,0.009,0.12,0.778,0.333,0.8,0.2,0,0.231,0.381,0.75,1,0,0,0.345,0.552,ryanma01
Robin Lopez,34,CLE,C,37,2,299,0.64,0.947,0.307,0.587,0.013,0.04,0.053,0.648,0.826,0.545,1,0.667,0.5,0.457,1,0.027,2,0.25,1,lopezro01
Moses Brown,23,TOT,C,36,1,294,0.635,1,0.729,0.26,0.01,0,0,0.635,0.7,0.48,0,0,0,0.607,0,0.469,37,0,0,brownmo01
Nathan Knight,25,MIN,C,38,0,291,0.568,0.728,0.444,0.272,0.012,0,0.272,0.644,0.778,0.455,0,0,0.364,0.553,1,0.185,13,0.273,0.333,knighna01
Kennedy Chandler,20,MEM,PG,36,0,281,0.422,0.819,0.361,0.361,0.072,0.024,0.181,0.485,0.633,0.367,0.333,0.5,0.133,0.424,1,0.048,2,0.133,0,chandke01
Dalano Banton,23,TOR,PG,31,2,279,0.423,0.608,0.277,0.177,0.077,0.077,0.392,0.506,0.806,0.348,0.2,0.1,0.294,0.575,0.867,0.062,8,0.235,0.25,bantoda01
Trent Forrest,24,ATL,SG,23,3,277,0.417,0.967,0.25,0.617,0.1,0,0.033,0.431,0.333,0.459,0.5,0,0,0.4,0,0.017,1,0.5,0,forretr01
Bryn Forbes,29,MIN,SG,25,0,268,0.361,0.446,0.06,0.181,0.072,0.133,0.554,0.432,0.6,0.4,0.167,0.545,0.304,0.813,0.857,0,0,0.261,0.417,forbebr01
Terry Taylor,23,TOT,PF,31,2,264,0.52,0.747,0.453,0.24,0.04,0.013,0.253,0.607,0.765,0.389,0.333,0,0.263,0.618,1,0.053,4,0.421,0.25,taylote01
Jeff Dowtin Jr.,25,TOR,PG,25,0,259,0.439,0.719,0.175,0.263,0.123,0.158,0.281,0.488,0.7,0.6,0,0.444,0.313,0.45,0.8,0.035,2,0.5,0.375,dowtije01
KZ Okpala,23,SAC,PF,35,3,248,0.421,0.447,0.158,0.237,0.026,0.026,0.553,0.529,0.833,0.333,0,1,0.333,0.667,1,0.053,2,0.524,0.455,okpalkz01
Brandon Boston Jr.,21,LAC,SF,22,1,248,0.418,0.762,0.238,0.213,0.164,0.148,0.238,0.419,0.724,0.154,0.4,0.333,0.414,0.538,0.583,0.09,9,0.172,0.2,bostobr01
Luka Garza,24,MIN,C,28,0,243,0.543,0.664,0.345,0.25,0.06,0.009,0.336,0.636,0.825,0.414,0.571,0,0.359,0.51,1,0.017,2,0.077,0.333,garzalu01
Jamal Cain,23,MIA,PF,18,0,240,0.561,0.697,0.394,0.258,0.045,0,0.303,0.652,0.731,0.588,0.333,0,0.35,0.533,1,0.045,3,0.55,0.273,cainja01
Kira Lewis Jr.,21,NOP,PG,25,0,235,0.455,0.614,0.227,0.17,0.08,0.091,0.386,0.463,0.55,0.4,0.286,0.625,0.441,0.36,0.867,0.011,0,0.176,0.667,lewiski01
Frank Kaminsky,29,TOT,C,36,0,235,0.492,0.476,0.206,0.175,0.063,0.032,0.524,0.6,0.846,0.364,0.5,0.5,0.394,0.889,1,0.032,2,0.091,0,kaminfr01
Johnny Juzang,21,UTA,SG,18,0,232,0.337,0.394,0.058,0.163,0.077,0.096,0.606,0.488,0.833,0.471,0.25,0.5,0.238,0.55,0.867,0,0,0.27,0.235,juzanjo01
David Duke Jr.,23,BKN,SG,23,0,228,0.462,0.846,0.487,0.269,0.064,0.026,0.154,0.53,0.605,0.429,0.2,1,0.083,0.543,1,0.051,3,0.5,0,dukeda01
Patrick Baldwin Jr.,20,GSW,SF,31,0,226,0.394,0.229,0.073,0.083,0.055,0.018,0.771,0.44,0.875,0.333,0,0.5,0.381,0.818,1,0.037,3,0.214,0.278,baldwpa01
John Butler,20,POR,C,19,1,221,0.321,0.34,0.151,0.094,0.057,0.038,0.66,0.5,0.625,0.6,0,0.5,0.229,0.889,1,0.038,2,0.143,0.2,butlejo01
Cody Zeller,30,MIA,C,15,2,217,0.627,0.966,0.576,0.237,0.051,0.034,0.034,0.649,0.735,0.571,1,0,0,0.838,0,0.153,8,0.5,0,zelleco01
Dalen Terry,20,CHI,SG,38,0,214,0.444,0.625,0.431,0.139,0,0.056,0.375,0.556,0.581,0.5,0,0.5,0.259,0.32,0.714,0.042,1,0.444,0.25,terryda01
Matthew Dellavedova,32,SAC,PG,32,0,213,0.34,0.46,0.08,0.2,0.12,0.04,0.54,0.348,0.75,0.3,0.167,0.5,0.333,0.25,0.778,0,0,0.148,0.5,dellama01
Thanasis Antetokounmpo,30,MIL,PF,37,0,206,0.435,0.826,0.478,0.304,0.022,0.022,0.174,0.526,0.682,0.357,0,0,0,0.65,0,0.13,6,0.375,0,antetth01
Nikola Jović,19,MIA,PF,15,8,204,0.406,0.493,0.188,0.159,0.087,0.058,0.507,0.588,0.846,0.455,0.333,0.5,0.229,0.85,1,0.014,1,0.286,0.3,jovicni01
Jared Rhoden,23,DET,SG,14,0,198,0.386,0.545,0.159,0.205,0.091,0.045,0.455,0.5,0.571,0.333,0.75,0,0.25,0.583,1,0.045,2,0.4,0.375,rhodeja01
Moussa Diabaté,21,LAC,C,22,1,195,0.511,0.957,0.574,0.34,0.043,0,0.043,0.511,0.556,0.5,0,0,0.5,0.478,1,0.149,7,1,0.5,diabamo01
Nerlens Noel,28,TOT,C,17,4,195,0.361,0.944,0.25,0.25,0.306,0.139,0.056,0.353,0.444,0.222,0.364,0.4,0.5,0.833,1,0.028,0,0,0,noelne01
Skylar Mays,25,POR,PG,6,6,189,0.5,0.618,0.265,0.088,0.162,0.103,0.382,0.524,0.611,0.167,0.636,0.429,0.462,0.227,0.75,0,0,0.154,0.25,mayssk01
Peyton Watson,20,DEN,SG,23,2,186,0.492,0.763,0.305,0.39,0.068,0,0.237,0.511,0.722,0.348,0.5,0,0.429,0.652,1,0.119,6,0.429,0.5,watsope01
Serge Ibaka,33,MIL,C,16,0,185,0.481,0.667,0.333,0.185,0.074,0.074,0.333,0.556,0.778,0.4,0,0.5,0.333,0.55,1,0.148,7,0.111,0.5,ibakase01
Kenneth Lofton Jr.,20,MEM,PF,24,1,176,0.527,0.817,0.473,0.108,0.151,0.086,0.183,0.566,0.795,0.4,0.214,0.125,0.353,0.535,1,0.054,5,0.176,0.333,loftoke01
Mamadi Diakite,26,CLE,C,22,2,176,0.48,0.58,0.24,0.2,0.12,0.02,0.42,0.586,0.833,0.4,0.333,1,0.333,0.824,0.857,0.08,4,0.429,0.222,diakima01
Ryan Arcidiacono,28,TOT,PG,20,4,172,0.243,0.378,0.027,0.189,0.108,0.054,0.622,0.071,0,0.143,0,0,0.348,1,0.875,0,0,0.043,0,arcidry01
Boban Marjanović,34,HOU,C,31,0,171,0.683,0.983,0.4,0.483,0.1,0,0.017,0.695,0.833,0.586,0.667,0,0,0.561,0,0.1,6,0,0,marjabo01
Noah Vonleh,27,BOS,C,23,1,171,0.458,0.833,0.458,0.292,0.083,0,0.167,0.5,0.727,0.143,0.5,0,0.25,0.2,1,0.208,5,0.75,0.333,vonleno01
Vít Krejčí,22,ATL,PG,29,0,165,0.405,0.432,0.297,0.081,0.027,0.027,0.568,0.625,0.636,0.667,0,1,0.238,0.6,0.6,0.054,2,0.19,0.5,krejcvi01
Garrett Temple,36,NOP,SG,25,0,162,0.4,0.422,0.311,0.022,0.044,0.044,0.578,0.368,0.5,0,0,0,0.423,0.429,1,0,0,0.231,0.333,templga01
Khem Birch,30,TOR,C,20,0,162,0.594,0.938,0.375,0.469,0.063,0.031,0.063,0.6,0.833,0.467,0.5,0,0.5,0.944,1,0.25,8,1,0.5,birchkh01
James Johnson,35,IND,PF,18,1,162,0.449,0.694,0.388,0.204,0.041,0.061,0.306,0.559,0.632,0.4,0.5,0.667,0.2,0.421,1,0.082,4,0.533,0.125,johnsja01
Alex Len,29,SAC,C,26,2,161,0.533,0.933,0.633,0.133,0.1,0.067,0.067,0.571,0.737,0,0.667,0,0,0.563,0,0.2,6,0,0,lenal01
Luka Šamanić,23,UTA,PF,7,4,161,0.456,0.456,0.246,0.175,0.018,0.018,0.544,0.692,0.786,0.7,0,0,0.258,0.778,1,0.088,5,0.226,0.286,samanlu01
Dru Smith,25,TOT,SG,15,1,158,0.4,0.578,0.178,0.2,0.178,0.022,0.422,0.5,0.5,0.556,0.5,0,0.263,0.308,1,0,0,0.368,0.429,smithdr01
Wendell Moore Jr.,21,MIN,SG,29,2,153,0.419,0.605,0.419,0.116,0.047,0.023,0.395,0.615,0.778,0.4,0,0,0.118,0.438,1,0,0,0.412,0.143,moorewe01
Otto Porter Jr.,29,TOR,SF,8,2,146,0.5,0.433,0.133,0.1,0.033,0.167,0.567,0.692,1,1,0,0.4,0.353,0.556,1,0,0,0.235,0.25,porteot01
Kemba Walker,32,DAL,PG,9,1,144,0.421,0.509,0.211,0.123,0.088,0.088,0.491,0.586,0.583,0.571,0.6,0.6,0.25,0.176,0.429,0,0,0.071,0,walkeke02
Danny Green,35,TOT,SG,11,0,138,0.449,0.245,0.041,0.061,0.122,0.02,0.755,0.5,0.5,0.333,0.5,1,0.432,0.667,1,0,0,0.324,0.417,greenda02
Jarrett Culver,23,ATL,SF,10,1,137,0.395,0.721,0.395,0.14,0.047,0.14,0.279,0.516,0.647,0.333,0.5,0.333,0.083,0.375,1,0.047,2,0.25,0.333,culveja01
Quenton Jackson,24,WAS,PG,9,0,135,0.452,0.714,0.381,0.238,0.024,0.071,0.286,0.6,0.563,0.6,1,0.667,0.083,0.5,1,0.095,2,0.167,0,jacksqu01
Cody Martin,27,CHA,SF,7,0,134,0.389,0.611,0.361,0.083,0.083,0.083,0.389,0.5,0.615,0.333,0.333,0.333,0.214,0.545,1,0.083,2,0.429,0.5,martico01
Nate Williams,23,POR,SG,5,4,127,0.615,0.795,0.615,0.154,0,0.026,0.205,0.677,0.792,0.333,0,0,0.375,0.667,1,0.154,6,0.5,0.5,willije02
Xavier Cooks,27,WAS,PF,10,1,126,0.607,0.964,0.393,0.536,0.036,0,0.036,0.63,0.727,0.533,1,0,0,0.647,0,0.107,3,0,0,cooksxa01
Jason Preston,23,LAC,PG,14,0,124,0.439,0.561,0.122,0.293,0.122,0.024,0.439,0.565,0.8,0.417,0.6,1,0.278,0.308,0.6,0,0,0.222,0.5,prestja01
Jonathan Isaac,25,ORL,PF,11,0,124,0.415,0.717,0.321,0.189,0.113,0.094,0.283,0.421,0.588,0.1,0.5,0.4,0.4,0.5,1,0.113,5,0.267,0.75,isaacjo01
Shaquille Harrison,29,POR,SG,5,0,120,0.417,0.722,0.444,0.111,0.083,0.083,0.278,0.462,0.5,0.5,0.333,0.333,0.3,0.5,1,0.028,1,0.1,1,harrish01
Meyers Leonard,30,MIL,C,9,2,114,0.483,0.379,0.276,0.069,0,0.034,0.621,0.636,0.625,1,0,0,0.389,0.857,1,0.103,2,0.167,0,leoname01
Olivier Sarr,23,OKC,C,9,1,114,0.5,0.733,0.6,0.1,0.033,0,0.267,0.636,0.611,0.667,1,0,0.125,0.929,1,0.4,10,0.125,0,sarrol01
Andre Iguodala,39,GSW,PF,8,0,113,0.467,0.4,0.267,0.133,0,0,0.6,1,1,1,0,0,0.111,0.667,1,0.267,4,0.222,0,iguodan01
Daniel Theis,30,IND,C,7,1,109,0.477,0.75,0.409,0.205,0.136,0,0.25,0.576,0.611,0.667,0.333,0,0.182,0.947,1,0.136,6,0.182,0.5,theisda01
A.J. Lawson,22,TOT,SG,15,0,108,0.5,0.432,0.318,0.114,0,0,0.568,0.632,0.714,0.4,0,0,0.4,0.5,1,0.136,5,0.56,0.214,lawsoaj01
Justin Jackson,27,BOS,SF,23,0,107,0.259,0.259,0.074,0.074,0.074,0.037,0.741,0.286,0.5,0,0.5,0,0.25,0.5,0.8,0,0,0.3,0.167,jacksju01
Vince Williams Jr.,22,MEM,SG,15,1,105,0.3,0.3,0.25,0.05,0,0,0.7,0.667,0.7,0.5,0,0,0.143,0.75,1,0,0,0.393,0.091,willivi01
Josh Minott,20,MIN,SF,15,0,96,0.5,0.833,0.389,0.417,0.028,0,0.167,0.533,0.714,0.4,0,0,0.333,0.75,1,0.278,10,0.5,0.333,minotjo01
Jay Huff,24,WAS,C,7,0,95,0.6,0.52,0.32,0.08,0.08,0.04,0.48,0.692,0.875,0.5,0,1,0.5,1,1,0.16,4,0.083,0,huffja01
Greg Brown III,21,POR,PF,16,0,93,0.393,0.75,0.536,0.143,0,0.071,0.25,0.476,0.667,0,0,0,0.143,0.9,1,0.25,6,0.429,0.333,browngr01
Joshua Primo,20,SAS,SG,4,0,93,0.346,0.538,0.038,0.308,0.115,0.077,0.462,0.429,1,0.375,0.333,0.5,0.25,0.333,0.667,0.077,1,0.25,0.333,primojo01
Buddy Boeheim,23,DET,SF,10,0,90,0.185,0.074,0,0.037,0.037,0,0.926,0.5,0,1,0,0,0.16,0,1,0,0,0.44,0.273,boehebu01
Jaden Springer,20,PHI,SG,16,2,89,0.486,0.857,0.343,0.257,0.2,0.057,0.143,0.5,0.75,0.444,0.286,0,0.4,0.333,0.5,0.086,3,0.4,0,sprinja01
Justin Minaya,23,POR,SF,4,0,89,0.304,0.478,0.217,0.087,0.13,0.043,0.522,0.364,0.6,0,0.333,0,0.25,0.5,1,0,0,0.25,0,minayju01
Lindell Wigginton,24,MIL,PG,7,1,87,0.486,0.514,0.189,0.189,0.054,0.081,0.486,0.632,0.857,0.429,0.5,0.667,0.333,0.083,1,0,0,0.111,0.5,wiggili01
Isaiah Mobley,23,CLE,PF,12,0,84,0.429,0.714,0.286,0.357,0.036,0.036,0.286,0.45,0.5,0.4,1,0,0.375,0.444,1,0.036,1,0.125,1,mobleis01
Jordan Hall,21,SAS,SF,9,0,83,0.321,0.464,0.143,0.036,0.107,0.179,0.536,0.462,0.75,0,0.333,0.4,0.2,0.5,1,0.036,0,0.267,0.25,halljo02
Omer Yurtseven,24,MIA,C,9,0,83,0.593,0.741,0.222,0.444,0.074,0,0.259,0.65,0.667,0.667,0.5,0,0.429,0.692,1,0.074,1,0.571,0.5,yurtsom01
PJ Dozier,26,SAC,SF,16,0,79,0.303,0.515,0.152,0.091,0.121,0.152,0.485,0.471,0.8,0.333,0,0.6,0.125,0.375,1,0,0,0.313,0.2,doziepj01
Jared Butler,22,OKC,PG,6,1,77,0.469,0.563,0.188,0.344,0.031,0,0.438,0.444,0.333,0.545,0,0,0.5,0.375,0.857,0,0,0.071,0,butleja02
Keon Ellis,23,SAC,SG,16,0,71,0.438,0.25,0,0.125,0.063,0.063,0.75,0.25,0,0.5,0,0,0.5,1,0.667,0,0,0.167,0.5,elliske01
Udonis Haslem,42,MIA,C,7,1,71,0.345,0.69,0.138,0.103,0.31,0.138,0.31,0.35,0.25,0.333,0.556,0,0.333,0.714,1,0.034,1,0.444,0.25,hasleud01
Jamaree Bouyea,23,TOT,PG,5,0,71,0.429,0.571,0.143,0.357,0,0.071,0.429,0.5,1,0.4,0,0,0.333,0.5,0.5,0,0,0,0,bouyeja01
Trevelin Queen,25,IND,SG,7,0,70,0.241,0.483,0.31,0.138,0,0.034,0.517,0.357,0.556,0,0,0,0.133,0.6,1,0.034,0,0.133,0.5,queentr01
Leandro Bolmaro,22,UTA,SF,14,0,68,0.15,0.8,0.25,0.35,0.1,0.1,0.2,0.188,0.2,0.143,0.5,0,0,0,0,0,0,0,0,bolmale01
Jack White,25,DEN,SF,17,0,66,0.421,0.526,0.316,0.211,0,0,0.474,0.5,0.5,0.5,0,0,0.333,0.4,1,0.105,2,0.667,0.333,whiteja03
Tyrese Martin,23,ATL,SG,16,0,66,0.391,0.696,0.261,0.217,0.13,0.087,0.304,0.5,0.667,0.4,0.333,0.5,0.143,0.75,1,0.087,2,0.429,0,martity01
JD Davison,20,BOS,SG,12,0,66,0.421,0.632,0.053,0.211,0.316,0.053,0.368,0.5,1,0.5,0.333,1,0.286,0.5,1,0,0,0,0,davisjd01
Ryan Rollins,20,GSW,PG,12,0,62,0.35,0.55,0.35,0.15,0.05,0,0.45,0.364,0.429,0.333,0,0,0.333,0.25,0.667,0,0,0.556,0.2,rolliry01
Isaiah Todd,21,WAS,PF,6,1,61,0.158,0.474,0.053,0.368,0,0.053,0.526,0.222,0,0.286,0,0,0.1,1,1,0.053,0,0.2,0,toddis01
Sam Merrill,26,CLE,SG,5,0,59,0.409,0.182,0.091,0.045,0,0.045,0.818,1,1,1,0,1,0.278,1,1,0,0,0.056,0,merrisa01
Carlik Jones,25,CHI,PG,7,0,56,0.4,0.6,0.133,0.267,0,0.2,0.4,0.333,0.5,0.25,0,0.333,0.5,0,1,0,0,0,0,jonesca03
Gabe York,29,IND,SG,3,0,56,0.381,0.143,0.143,0,0,0,0.857,0.667,0.667,0,0,0,0.333,0.5,1,0,0,0.278,0.6,yorkga01
Devon Dotson,23,WAS,PG,6,0,53,0.1,0.6,0,0.3,0.1,0.2,0.4,0,0,0,0,0,0.25,0,1,0,0,0.25,0,dotsode01
Facundo Campazzo,31,DAL,PG,8,0,52,0.231,0.154,0.077,0.077,0,0,0.846,0,0,0,0,0,0.273,0,0.667,0,0,0.091,1,campafa01
Micah Potter,24,UTA,PF,7,0,52,0.667,0.533,0.2,0.333,0,0,0.467,0.75,1,0.6,0,0,0.571,0.667,1,0.133,2,0.143,1,pottemi01
Joe Wieskamp,23,TOR,SF,9,0,50,0.214,0.143,0.143,0,0,0,0.857,0,0,0,0,0,0.25,0,1,0,0,0.583,0.286,wieskjo01
Ron Harper Jr.,22,TOR,PF,9,0,48,0.5,0.438,0.188,0.25,0,0,0.563,0.714,0.667,0.75,0,0,0.333,0.6,1,0,0,0.444,0.5,harpero02
Xavier Sneed,25,CHA,SF,4,0,48,0.5,0.4,0.2,0.1,0.1,0,0.6,0.5,1,0,0,0,0.5,1,1,0.1,1,0.167,1,sneedxa01
Michael Carter-Williams,31,ORL,PG,4,0,44,0.429,0.786,0.143,0.5,0.143,0,0.214,0.455,1,0.429,0,0,0.333,0,1,0,0,0.333,0,cartemi01
Cole Swider,23,LAL,SF,7,0,41,0.333,0.111,0,0,0.111,0,0.889,0,0,0,0,0,0.375,0,1,0,0,0.25,1,swideco01
Mac McClung,24,PHI,SG,2,0,41,0.45,0.45,0.3,0.1,0,0.05,0.55,0.556,0.667,0.5,0,0,0.364,0.6,0.75,0.1,2,0.364,0.25,mccluma01
Jacob Gilyard,24,MEM,PG,1,0,41,0.333,0,0,0,0,0,1,0,0,0,0,0,0.333,0,1,0,0,0.333,0,gilyaja01
Kendall Brown,19,IND,SG,6,0,40,0.571,0.857,0.429,0.286,0.143,0,0.143,0.667,1,0,1,0,0,0.25,0,0.286,2,1,0,brownke03
Jarrell Brantley,26,UTA,PF,4,0,39,0.571,0.357,0.071,0.286,0,0,0.643,0.8,1,0.75,0,0,0.444,0.25,1,0,0,0.333,0.333,brantja01
Mfiondu Kabengele,25,BOS,PF,4,0,36,0.286,0.571,0.429,0.143,0,0,0.429,0.5,0.667,0,0,0,0,0.5,0,0.429,2,0.333,0,kabenmf01
RaiQuan Gray,23,BKN,PF,1,0,35,0.5,0.583,0.5,0.083,0,0,0.417,0.571,0.667,0,0,0,0.4,1,1,0,0,0.4,0,grayra01
Justin Champagnie,21,TOT,SF,5,0,34,0.333,0.667,0.133,0.533,0,0,0.333,0.4,0.5,0.375,0,0,0.2,0.5,1,0,0,0.4,0,champju01
Tony Bradley,25,CHI,C,12,0,33,0.5,0.583,0.333,0.083,0.167,0,0.417,0.429,0.75,0,0,0,0.6,0.667,1,0.083,1,0.8,0.5,bradlto01
Scotty Pippen Jr.,22,LAL,PG,6,0,32,0.333,0.75,0.167,0.333,0.167,0.083,0.25,0.333,0.5,0.5,0,0,0.333,0.333,0,0,0,0.333,0,pippesc02
Alize Johnson,26,SAS,PF,4,0,30,0.5,0.667,0.667,0,0,0,0.333,0.75,0.75,0,0,0,0,0.333,0,0,0,0.5,0,johnsal02
Jay Scrubb,22,ORL,SG,2,0,30,0.714,0.714,0.429,0.286,0,0,0.286,0.6,0.667,0.5,0,0,1,0.333,0.5,0.143,1,0.5,1,scrubja01
Neemias Queta,23,SAC,C,5,0,29,0.667,1,0.444,0.556,0,0,0,0.667,0.75,0.6,0,0,0,0.833,0,0.444,4,0,0,quetane01
Louis King,23,PHI,PF,1,0,29,0.615,0.385,0.154,0.154,0,0.077,0.615,0.8,1,0.5,0,1,0.5,0.5,0.75,0,0,0.125,1,kinglo02
Vernon Carey Jr.,21,WAS,C,11,0,28,0.25,1,0.375,0.25,0.125,0.25,0,0.25,0.667,0,0,0,0,0.5,0,0.125,1,0,0,careyve01
Trevor Hudgins,23,HOU,PG,5,0,28,0.222,0.111,0,0.111,0,0,0.889,0,0,0,0,0,0.25,0,1,0,0,0,0,hudgitr01
Kobi Simmons,25,CHA,SG,5,0,28,0.167,0.167,0.167,0,0,0,0.833,0,0,0,0,0,0.2,0,1,0,0,0,0,simmoko01
Darius Days,23,HOU,SF,4,0,25,0.417,0.167,0.167,0,0,0,0.833,1,1,0,0,0,0.3,0.5,1,0,0,0.5,0.4,daysda01
Sterling Brown,27,LAL,SF,4,0,24,0,0.5,0.5,0,0,0,0.5,0,0,0,0,0,0,0,0,0,0,0.5,0,brownst02
Chance Comanche,26,POR,C,1,0,21,0.6,1,0.4,0,0,0.6,0,0.6,0.5,0,0,0.667,0,0.667,0,0.4,1,0,0,comanch01
Marko Simonovic,23,CHI,C,7,0,20,0.286,0.429,0,0.429,0,0,0.571,0.333,0,0.333,0,0,0.25,1,1,0,0,0,0,simonma01
Xavier Moon,28,LAC,SG,4,0,20,0.333,0.667,0,0.111,0.222,0.333,0.333,0.333,0,1,0,0.333,0.333,0,1,0,0,0.333,0,moonxa01
Lester Quiñones,22,GSW,SG,4,0,18,0.4,0.2,0,0.2,0,0,0.8,0,0,0,0,0,0.5,0,0.5,0,0,0.25,0,quinole01
Dereon Seabron,22,NOP,SG,5,0,12,0.4,1,0.4,0.6,0,0,0,0.4,1,0,0,0,0,0.5,0,0.2,1,0,0,seabrde01
Dylan Windler,26,CLE,SF,3,0,10,0.667,0.333,0.333,0,0,0,0.667,1,1,0,0,0,0.5,1,1,0,0,0.5,1,windldy01
Malcolm Hill,27,CHI,SF,5,0,9,0.5,0.25,0.25,0,0,0,0.75,1,1,0,0,0,0.333,1,1,0.25,1,0.333,0,hillma01
Braxton Key,25,DET,SF,3,0,9,1,1,0,0,1,0,0,1,0,0,1,0,0,1,0,0,0,0,0,keybr01
Tyler Dorsey,26,DAL,SF,3,0,8,0.8,0.6,0,0,0,0.6,0.4,1,0,0,0,1,0.5,0.667,1,0,0,0.5,1,dorsety01
Trevor Keels,19,NYK,SG,3,0,8,0.25,0,0,0,0,0,1,0,0,0,0,0,0.25,0,1,0,0,0,0,keelstr01
Chima Moneke,27,SAC,SF,2,0,8,0.5,1,1,0,0,0,0,0.5,0.5,0,0,0,0,1,0,0,0,0,0,monekch01
Deonte Burton,29,SAC,PF,2,0,6,0,0.5,0,0.5,0,0,0.5,0,0,0,0,0,0,0,0,0,0,1,0,burtode02
Jordan Schakel,24,WAS,SF,2,0,6,0.5,0.5,0,0.5,0,0,0.5,0,0,0,0,0,1,0,1,0,0,0,0,schakjo01
Frank Jackson,24,UTA,PG,1,0,5,0,0.667,0,0.333,0.333,0,0.333,0,0,0,0,0,0,0,0,0,0,0,0,jacksfr01
Alondes Williams,23,BKN,SG,1,0,5,0,0,0,0,0,0,0,0,0,0,0,0,0,0,0,0,0,0,0,willial06
Donovan Williams,21,ATL,SG,2,0,4,0.4,0.6,0.2,0.4,0,0,0.4,0.667,1,0.5,0,0,0,0.5,0,0,0,0.5,0,willido02
Chris Silva,26,DAL,PF,1,0,3,1,1,0,1,0,0,0,1,0,1,0,0,0,0,0,0,0,0,0,silvach01
Stanley Umude,23,DET,SG,1,0,2,0,0,0,0,0,0,1,0,0,0,0,0,0,0,0,0,0,1,0,umudest01
Michael Foster Jr.,20,PHI,PF,1,0,1,0,0,0,0,0,0,0,0,0,0,0,0,0,0,0,0,0,0,0,fostemi02
