Player,Age,Team,Pos,G,GS,MP,FG,FGA,3P,3PA,2P,2PA,eFG%,FT,FTA,ORB,DRB,TRB,AST,STL,BLK,TOV,PF,PTS▼,playerID
Stephen Curry,32,GSW,PG,63,63,2152,658,1365,337,801,321,564,0.605,362,395,29,316,345,363,77,8,213,119,2015,curryst01
Damian Lillard,30,POR,PG,67,67,2398,602,1334,275,704,327,630,0.554,449,484,32,251,283,505,62,17,203,102,1928,lillada01
Nikola Jokić,25,DEN,C,72,72,2488,732,1293,92,237,640,1056,0.602,342,394,205,575,780,599,95,48,222,192,1898,jokicni01
Bradley Beal,27,WAS,SG,60,60,2147,670,1382,130,373,540,1009,0.532,408,459,72,211,283,265,69,22,187,140,1878,bealbr01
Luka Dončić,21,DAL,PG,66,66,2262,647,1351,192,548,455,803,0.55,344,471,54,473,527,567,64,36,281,152,1830,doncilu01
Giannis Antetokounmpo,26,MIL,PF,61,61,2013,626,1100,67,221,559,879,0.6,398,581,97,574,671,357,72,73,207,168,1717,antetgi01
Devin Booker,24,PHX,SG,67,67,2270,623,1287,126,371,497,916,0.533,340,392,34,247,281,289,53,16,207,181,1712,bookede01
Julius Randle,26,NYK,PF,71,71,2667,602,1321,160,389,442,932,0.516,348,429,84,639,723,427,64,18,241,225,1712,randlju01
Jayson Tatum,22,BOS,SF,64,64,2290,605,1318,187,485,418,833,0.53,295,340,50,422,472,276,75,31,171,122,1692,tatumja01
Zion Williamson,20,NOP,PF,61,61,2026,634,1037,10,34,624,1003,0.616,369,529,167,274,441,226,57,39,167,135,1647,willizi01
Nikola Vučević,30,TOT,C,70,70,2348,666,1396,176,440,490,956,0.54,131,156,146,671,817,269,65,48,126,137,1639,vucevni01
Trae Young,22,ATL,PG,63,63,2125,487,1112,136,397,351,715,0.499,484,546,38,207,245,594,53,12,261,111,1594,youngtr01
Zach LaVine,25,CHI,SG,58,58,2034,569,1123,200,477,369,646,0.596,253,298,36,253,289,282,46,27,203,138,1591,lavinza01
De'Aaron Fox,23,SAC,PG,58,58,2036,529,1110,103,320,426,790,0.523,300,417,33,170,203,417,87,27,174,170,1461,foxde01
Collin Sexton,22,CLE,SG,60,60,2115,525,1105,98,264,427,841,0.519,312,383,58,129,187,262,62,10,167,157,1460,sextoco01
Joel Embiid,26,PHI,C,51,51,1585,461,899,58,154,403,745,0.545,471,548,113,426,539,145,50,69,159,123,1451,embiijo01
Kyrie Irving,28,BKN,PG,54,54,1886,549,1086,152,378,397,708,0.576,201,218,52,205,257,324,76,37,130,140,1451,irvinky01
Brandon Ingram,23,NOP,SF,61,61,2093,513,1101,143,375,370,726,0.531,281,320,34,265,299,296,42,36,154,124,1450,ingrabr01
Russell Westbrook,32,WAS,PG,65,65,2369,544,1238,86,273,458,965,0.474,271,413,109,641,750,763,89,23,312,190,1445,westbru01
Jaylen Brown,24,BOS,SG,58,58,1999,538,1111,163,411,375,700,0.558,191,250,71,276,347,195,72,32,158,168,1430,brownja02
Terry Rozier,26,CHA,SG,69,69,2383,510,1134,222,571,288,563,0.548,165,202,47,255,302,293,87,26,128,119,1407,roziete01
Donovan Mitchell,24,UTA,PG,53,53,1771,478,1091,178,461,300,630,0.52,267,316,50,185,235,277,52,15,147,117,1401,mitchdo01
Anthony Edwards,19,MIN,SG,72,55,2314,505,1211,171,520,334,691,0.488,211,272,59,277,336,211,82,36,160,129,1392,edwaran01
Khris Middleton,29,MIL,SF,68,68,2269,511,1074,151,365,360,709,0.546,212,236,54,352,406,370,74,9,178,160,1385,middlkh01
Andrew Wiggins,25,GSW,PF,71,71,2364,505,1058,140,368,365,690,0.543,170,238,82,265,347,167,67,70,126,159,1320,wiggian01
DeMar DeRozan,31,SAS,PF,61,61,2056,455,920,19,74,436,846,0.505,387,440,40,219,259,422,56,15,119,128,1316,derozde01
Kawhi Leonard,29,LAC,SF,52,52,1773,465,908,101,254,364,654,0.568,261,295,55,282,337,269,81,21,105,82,1292,leonaka01
Norman Powell,27,TOT,SG,69,58,2205,438,918,171,416,267,502,0.57,236,271,42,173,215,129,82,18,119,160,1283,powelno01
RJ Barrett,20,NYK,SG,72,72,2511,467,1060,124,309,343,751,0.499,206,276,68,346,414,217,53,20,139,188,1264,barrerj01
Domantas Sabonis,24,IND,PF,62,62,2231,484,904,52,162,432,742,0.564,240,328,150,592,742,415,76,33,213,203,1260,sabondo01
Paul George,30,LAC,SF,54,54,1821,445,953,171,416,274,537,0.557,198,228,45,314,359,280,62,24,179,132,1259,georgpa01
Jordan Clarkson,28,UTA,SG,68,1,1818,457,1075,208,599,249,476,0.522,129,144,47,227,274,168,61,10,115,110,1251,clarkjo01
Karl-Anthony Towns,25,MIN,C,50,50,1689,425,875,122,315,303,560,0.555,267,311,133,396,529,225,39,57,160,186,1239,townska01
Bojan Bogdanović,31,UTA,SF,72,72,2216,406,925,180,461,226,464,0.536,233,265,40,241,281,136,45,4,128,115,1225,bogdabo02
Tobias Harris,28,PHI,PF,62,62,2014,473,924,82,208,391,716,0.556,182,204,62,357,419,220,55,51,107,119,1210,harrito02
Jerami Grant,26,DET,SF,54,54,1829,400,932,115,329,285,603,0.491,290,343,35,215,250,152,35,58,109,125,1205,grantje01
Ja Morant,21,MEM,PG,63,63,2053,430,957,73,241,357,716,0.487,271,372,59,193,252,465,57,13,203,87,1204,moranja01
Bam Adebayo,23,MIA,C,64,64,2143,456,800,2,8,454,792,0.571,283,354,142,431,573,346,75,66,169,145,1197,adebaba01
Pascal Siakam,26,TOR,PF,56,56,2006,437,961,73,246,364,715,0.493,249,301,95,310,405,250,64,37,130,174,1196,siakapa01
Malcolm Brogdon,28,IND,PG,56,56,1930,444,980,145,374,299,606,0.527,153,177,58,236,294,329,49,15,115,110,1186,brogdma01
Buddy Hield,28,SAC,SG,71,71,2433,403,992,282,721,121,271,0.548,88,104,29,305,334,257,63,30,130,175,1176,hieldbu01
Tim Hardaway Jr.,28,DAL,SG,70,31,1985,407,911,207,529,200,382,0.56,142,174,20,209,229,126,31,11,64,111,1163,hardati02
Michael Porter Jr.,22,DEN,SF,61,54,1912,443,817,170,382,273,435,0.646,106,134,91,354,445,70,40,54,77,126,1162,portemi01
Dillon Brooks,25,MEM,SF,67,67,1997,432,1031,128,372,304,659,0.481,159,195,53,143,196,157,78,26,119,237,1151,brookdi01
Chris Paul,35,PHX,PG,70,70,2199,439,879,102,258,337,621,0.557,169,181,25,287,312,622,99,19,156,166,1149,paulch01
LeBron James,36,LAL,PG,45,45,1504,422,823,104,285,318,538,0.576,178,255,29,317,346,350,48,25,168,70,1126,jamesle01
Jimmy Butler,31,MIA,SF,52,52,1745,366,736,25,102,341,634,0.514,359,416,94,265,359,369,108,18,109,71,1116,butleji01
John Collins,23,ATL,PF,63,63,1848,429,771,83,208,346,563,0.61,170,204,118,349,467,78,34,63,84,193,1111,collijo01
CJ McCollum,29,POR,SG,47,47,1600,405,884,169,420,236,464,0.554,108,133,30,155,185,223,44,21,65,87,1087,mccolcj01
James Harden,31,TOT,PG,44,43,1609,342,734,121,334,221,400,0.548,278,323,35,313,348,475,53,33,177,99,1083,hardeja01
Jonas Valančiūnas,28,MEM,C,62,61,1755,440,743,21,57,419,686,0.606,157,203,253,523,776,112,35,57,100,179,1058,valanjo01
Dejounte Murray,24,SAS,PG,67,67,2139,441,974,63,199,378,775,0.485,106,134,58,415,473,363,101,7,117,135,1051,murrade01
Jrue Holiday,30,MIL,PG,59,56,1907,414,823,111,283,303,540,0.57,107,136,73,195,268,357,96,37,127,98,1046,holidjr01
Coby White,20,CHI,PG,69,54,2156,375,902,163,454,212,448,0.506,128,142,28,256,284,328,38,15,156,179,1041,whiteco01
Fred VanVleet,26,TOR,SG,52,52,1899,338,870,174,476,164,394,0.489,169,191,32,188,220,328,87,37,95,119,1019,vanvlfr01
Jamal Murray,23,DEN,PG,48,48,1704,378,792,129,316,249,476,0.559,133,153,37,157,194,231,64,13,108,95,1018,murraja01
Rudy Gobert,28,UTA,C,71,71,2187,391,579,0,4,391,575,0.675,233,374,240,720,960,89,40,190,118,163,1015,goberru01
Deandre Ayton,22,PHX,C,69,69,2115,430,687,4,20,426,667,0.629,133,173,228,499,727,99,41,81,103,196,997,aytonde01
Joe Harris,29,BKN,SF,69,65,2141,357,707,211,444,146,263,0.654,49,63,43,205,248,130,46,14,62,141,974,harrijo01
Mikal Bridges,24,PHX,SF,72,72,2348,363,669,134,315,229,354,0.643,110,131,76,233,309,152,76,63,57,116,970,bridgmi01
Clint Capela,26,ATL,C,63,63,1898,413,695,0,0,413,695,0.594,130,227,297,606,903,49,44,129,73,145,956,capelca01
Caris LeVert,26,TOT,SG,47,39,1486,359,814,84,258,275,556,0.493,146,180,33,181,214,245,66,30,102,105,948,leverca01
Kelly Olynyk,29,TOT,PF,70,62,1997,337,697,126,368,211,329,0.574,145,175,87,402,489,203,79,42,126,207,945,olynyke01
Kevin Durant,32,BKN,PF,35,32,1157,324,603,85,189,239,414,0.608,210,238,13,234,247,195,25,45,120,70,943,duranke01
Duncan Robinson,26,MIA,SF,72,72,2262,315,717,250,613,65,104,0.614,62,75,7,243,250,127,43,20,81,181,942,robindu01
Darius Garland,21,CLE,PG,54,50,1790,362,802,105,266,257,536,0.517,112,132,23,106,129,329,66,6,164,110,941,garlada01
Dennis Schröder,27,LAL,SG,61,61,1956,332,760,71,212,261,548,0.484,206,243,30,181,211,351,70,13,163,159,941,schrode01
Harrison Barnes,28,SAC,PF,58,58,2102,319,642,100,256,219,386,0.575,195,235,64,321,385,201,43,11,93,75,933,barneha02
Montrezl Harrell,27,LAL,C,69,1,1580,375,603,0,10,375,593,0.622,181,256,158,270,428,73,46,49,74,128,931,harremo01
Carmelo Anthony,36,POR,PF,69,3,1690,327,777,133,325,194,452,0.506,137,154,32,182,214,104,46,38,61,144,924,anthoca01
Doug McDermott,29,IND,PF,66,29,1619,354,665,111,286,243,379,0.616,80,98,60,161,221,85,20,6,53,117,899,mcderdo01
Gary Trent Jr.,22,TOT,SG,58,38,1802,320,785,165,429,155,356,0.513,83,106,27,125,152,80,56,10,43,92,888,trentga02
Keldon Johnson,21,SAS,SF,69,67,1968,338,705,60,181,278,524,0.522,145,196,93,319,412,121,40,24,78,142,881,johnske04
Kyle Kuzma,25,LAL,SF,68,32,1954,335,757,137,380,198,377,0.533,67,97,108,309,417,127,35,41,113,121,874,kuzmaky01
Eric Bledsoe,31,NOP,SG,71,70,2111,307,730,121,355,186,375,0.503,134,195,29,215,244,268,55,24,114,112,869,bledser01
Richaun Holmes,27,SAC,C,61,61,1782,366,575,2,11,364,564,0.638,135,170,144,360,504,101,39,96,75,213,869,holmeri01
Kristaps Porziņģis,25,DAL,C,43,43,1327,325,683,97,258,228,425,0.547,118,138,82,299,381,68,20,58,51,115,865,porzikr01
Gordon Hayward,30,CHA,SF,44,44,1496,311,658,85,205,226,453,0.537,156,185,37,221,258,181,52,14,91,74,863,haywago01
Christian Wood,25,HOU,C,41,41,1326,329,640,77,206,252,434,0.574,125,198,76,319,395,71,34,48,80,88,860,woodch01
Brook Lopez,32,MIL,C,70,70,1902,322,640,95,281,227,359,0.577,120,142,104,243,347,50,40,103,64,149,859,lopezbr01
Saddiq Bey,21,DET,SF,70,53,1909,279,691,175,460,104,231,0.53,124,147,43,275,318,95,52,14,60,110,857,beysa01
Jalen Brunson,24,DAL,PG,68,12,1697,328,627,81,200,247,427,0.588,120,151,27,204,231,239,35,1,80,109,857,brunsja01
Kyle Anderson,27,MEM,PF,69,69,1887,308,658,94,261,214,397,0.54,144,184,52,344,396,250,84,57,86,120,854,anderky01
Kelly Oubre Jr.,25,GSW,SF,55,50,1687,318,724,90,285,228,439,0.501,123,177,82,247,329,73,57,42,70,121,849,oubreke01
Miles Bridges,22,CHA,PF,66,19,1932,313,622,116,290,197,332,0.596,98,113,81,316,397,147,44,52,106,143,840,bridgmi02
Shai Gilgeous-Alexander,22,OKC,SG,35,35,1180,287,565,71,170,216,395,0.571,185,229,19,147,166,207,27,23,106,70,830,gilgesh01
Ben Simmons,24,PHI,PG,58,58,1877,325,583,3,10,322,573,0.56,176,287,93,324,417,401,93,35,173,171,829,simmobe01
Kemba Walker,30,BOS,PG,43,43,1369,284,676,127,353,157,323,0.514,134,149,16,154,170,212,48,12,88,61,829,walkeke02
Josh Jackson,23,DET,SG,62,25,1560,296,707,77,257,219,450,0.473,159,218,57,197,254,143,53,47,142,178,828,jacksjo02
Mike Conley,33,UTA,PG,51,51,1498,284,640,138,335,146,305,0.552,121,142,36,141,177,305,70,9,99,98,827,conlemi01
P.J. Washington,22,CHA,PF,64,61,1954,302,686,112,290,190,396,0.522,108,145,93,325,418,161,69,79,128,171,824,washipj01
John Wall,30,HOU,PG,40,40,1288,293,726,79,249,214,477,0.458,158,211,17,112,129,275,42,31,141,46,823,walljo01
Thaddeus Young,32,CHI,PF,68,23,1652,370,662,12,45,358,617,0.568,71,113,168,255,423,291,74,40,137,152,823,youngth01
Kevin Huerter,22,ATL,SG,69,49,2126,316,731,140,386,176,345,0.528,50,64,38,193,231,241,82,18,79,165,822,huertke01
Chris Boucher,28,TOR,C,60,14,1453,288,560,90,235,198,325,0.595,152,193,117,287,404,63,35,111,46,166,818,bouchch01
Shake Milton,24,PHI,SG,63,4,1461,300,667,71,203,229,464,0.503,146,176,33,115,148,193,39,18,103,130,817,miltosh01
Devonte' Graham,25,CHA,PG,55,44,1659,252,669,179,477,73,192,0.51,133,158,22,126,148,295,48,6,84,77,816,grahade01
Kendrick Nunn,25,MIA,PG,56,44,1650,319,658,122,320,197,338,0.578,56,60,21,158,179,148,52,14,80,108,816,nunnke01
Tyler Herro,21,MIA,SG,54,15,1635,307,699,107,297,200,402,0.516,94,117,25,243,268,184,35,17,101,71,815,herroty01
Joe Ingles,33,UTA,SF,67,30,1867,275,562,183,406,92,156,0.652,76,90,27,217,244,318,45,12,117,120,809,inglejo01
Enes Freedom,28,POR,C,72,35,1758,339,561,1,4,338,557,0.605,127,164,284,511,795,84,33,48,78,168,806,kanteen01
Jarrett Allen,22,TOT,C,63,45,1864,298,482,6,19,292,463,0.624,204,290,196,435,631,106,32,90,100,96,806,allenja01
LaMelo Ball,19,CHA,PG,51,31,1469,293,672,92,261,201,411,0.504,125,165,63,239,302,313,81,18,145,136,803,ballla01
Lonzo Ball,23,NOP,PG,55,55,1747,290,700,172,455,118,245,0.537,50,64,33,230,263,316,82,31,123,103,802,balllo01
D'Angelo Russell,24,MIN,PG,42,26,1196,281,652,120,310,161,342,0.523,114,149,16,95,111,244,45,18,112,68,796,russeda01
Jae'Sean Tate,25,HOU,SF,70,58,2043,316,625,60,195,256,430,0.554,102,147,132,242,374,178,85,36,98,222,794,tateja01
Kyle Lowry,34,TOR,PG,46,46,1601,260,596,131,331,129,265,0.546,140,160,35,212,247,338,45,14,126,143,791,lowryky01
Rui Hachimura,22,WAS,PF,57,57,1797,310,648,45,137,265,511,0.513,124,161,49,263,312,82,44,7,68,120,789,hachiru01
Dwayne Bacon,25,ORL,SG,72,50,1853,292,726,59,207,233,519,0.443,145,176,31,193,224,93,45,5,46,103,788,bacondw01
Anthony Davis,27,LAL,PF,36,36,1162,301,613,26,100,275,513,0.512,158,214,62,224,286,110,45,59,74,60,786,davisan02
Naz Reid,21,MIN,C,70,15,1347,304,581,61,174,243,407,0.576,115,166,82,240,322,72,34,76,69,179,784,reidna01
Marcus Morris,31,LAC,PF,57,29,1502,276,584,140,296,136,288,0.592,73,89,35,199,234,58,34,15,57,117,765,morrima03
Justin Holiday,31,IND,SG,72,52,2183,258,625,173,453,85,172,0.551,67,85,32,224,256,119,74,41,54,135,756,holidju01
Darius Bazley,20,OKC,PF,55,55,1714,273,690,83,286,190,404,0.456,125,178,51,345,396,99,29,25,122,60,754,bazleda01
Bobby Portis,25,MIL,C,66,7,1372,313,598,74,157,239,441,0.585,54,73,124,342,466,71,52,26,56,115,754,portibo01
Tyrese Haliburton,20,SAC,PG,58,20,1746,292,619,121,296,171,323,0.569,48,56,39,134,173,309,77,28,92,83,753,halibty01
Jeff Green,34,BKN,PF,68,38,1835,261,530,103,250,158,280,0.59,125,161,34,229,263,108,36,27,54,122,750,greenje02
Lou Williams,34,TOT,PG,66,4,1423,265,646,69,173,196,473,0.464,150,173,21,117,138,225,47,6,108,62,749,willilo02
Patty Mills,32,SAS,PG,68,1,1685,252,611,161,429,91,182,0.544,71,78,18,98,116,162,42,3,66,81,736,millspa02
Derrick Rose,32,TOT,PG,50,3,1279,287,611,50,129,237,482,0.511,110,127,20,110,130,209,49,19,78,56,734,rosede01
Immanuel Quickley,21,NYK,PG,64,3,1243,229,580,118,303,111,277,0.497,155,174,25,112,137,127,30,12,58,114,731,quickim01
Luguentz Dort,21,OKC,SG,52,52,1543,247,639,113,329,134,310,0.475,122,164,38,151,189,88,45,19,79,134,729,dortlu01
Malik Beasley,24,MIN,SG,37,36,1214,264,600,128,321,136,279,0.547,68,80,28,134,162,88,30,7,60,62,724,beaslma01
Bogdan Bogdanović,28,ATL,SG,44,27,1305,267,565,146,333,121,232,0.602,40,44,20,140,160,147,49,13,54,99,720,bogdabo01
Evan Fournier,28,TOT,SF,42,36,1259,247,541,117,283,130,258,0.565,108,137,10,118,128,144,47,19,73,96,719,fournev01
Terrence Ross,29,ORL,SG,46,2,1347,254,616,89,264,165,352,0.485,120,138,15,143,158,108,47,21,74,88,717,rosste01
Rudy Gay,34,SAS,PF,63,1,1358,264,628,106,278,158,350,0.505,82,102,42,261,303,88,45,40,65,115,716,gayru01
Reggie Jackson,30,LAC,SG,67,43,1544,263,585,122,282,141,303,0.554,67,82,24,168,192,205,41,7,74,127,715,jacksre01
Josh Richardson,27,DAL,SG,59,56,1790,264,618,88,267,176,351,0.498,99,108,51,144,195,153,61,24,79,130,715,richajo01
Will Barton,30,DEN,SF,56,52,1736,259,608,98,257,161,351,0.507,95,121,39,187,226,181,50,23,96,95,711,bartowi01
Seth Curry,30,PHI,SG,57,57,1638,258,552,126,280,132,272,0.582,69,77,10,126,136,155,44,8,65,96,711,curryse01
Reggie Bullock,29,NYK,SF,65,64,1949,248,561,163,398,85,163,0.587,50,55,16,207,223,99,52,11,45,146,709,bullore01
Bryn Forbes,27,MIL,SG,70,10,1354,250,529,154,341,96,188,0.618,47,61,11,101,112,45,24,1,44,77,701,forbebr01
Lauri Markkanen,23,CHI,PF,51,26,1317,250,521,119,296,131,225,0.594,76,92,35,233,268,45,26,15,52,75,695,markkla01
Donte DiVincenzo,24,MIL,SG,66,66,1814,253,603,131,346,122,257,0.528,51,71,81,299,380,203,72,15,91,112,688,divindo01
Andre Drummond,27,TOT,C,46,46,1242,282,572,0,8,282,564,0.493,123,205,166,385,551,94,63,49,124,149,687,drumman01
OG Anunoby,23,TOR,SF,43,43,1433,249,519,104,261,145,258,0.58,80,102,54,183,237,94,66,32,75,114,682,anunoog01
Danilo Gallinari,32,ATL,PF,51,4,1222,206,475,103,254,103,221,0.542,161,174,17,194,211,76,30,10,43,105,676,gallida01
Goran Dragić,34,MIA,PG,50,11,1337,240,555,91,244,149,311,0.514,101,122,25,144,169,219,33,8,118,113,672,dragigo01
Lonnie Walker IV,22,SAS,SG,60,38,1522,256,609,100,282,156,327,0.502,57,70,14,141,155,101,29,15,65,101,669,walkelo01
Théo Maledon,19,OKC,PG,65,49,1778,226,614,105,313,121,301,0.454,101,135,25,186,211,227,56,11,141,126,658,maledth01
Dāvis Bertāns,28,WAS,PF,57,7,1464,193,478,169,428,24,50,0.581,100,115,18,150,168,49,33,13,33,136,655,bertada01
Patrick Williams,19,CHI,PF,71,71,1983,255,528,54,138,201,390,0.534,91,125,66,261,327,99,64,46,98,126,655,willipa01
Danny Green,33,PHI,SF,69,69,1934,224,544,175,432,49,112,0.573,31,40,55,205,260,118,92,56,67,125,654,greenda02
Kentavious Caldwell-Pope,27,LAL,SG,67,67,1902,218,506,120,293,98,213,0.549,97,112,27,152,179,127,62,26,66,114,653,caldwke01
Victor Oladipo,28,TOT,SG,33,33,1080,235,576,78,239,157,337,0.476,104,138,12,148,160,151,46,14,83,81,652,oladivi01
Ivica Zubac,23,LAC,C,72,33,1609,257,394,1,4,256,390,0.654,135,171,189,330,519,90,24,62,81,187,650,zubaciv01
Isaac Okoro,20,CLE,SG,67,67,2173,235,559,62,214,173,345,0.476,114,157,68,138,206,128,62,24,86,185,646,okorois01
Delon Wright,28,TOT,PG,63,39,1748,240,518,64,172,176,346,0.525,101,126,65,204,269,278,101,30,83,75,645,wrighde01
Robin Lopez,32,WAS,C,71,9,1354,269,425,5,18,264,407,0.639,99,137,141,131,272,55,15,44,75,109,642,lopezro01
Elfrid Payton,26,NYK,PG,63,63,1484,269,622,28,98,241,524,0.455,73,107,64,152,216,203,47,9,103,116,639,paytoel01
Marcus Smart,26,BOS,PG,48,45,1581,203,510,93,282,110,228,0.489,128,162,36,131,167,273,72,23,96,126,627,smartma01
Daniel Theis,28,TOT,C,65,51,1601,252,466,49,152,203,314,0.593,74,110,93,263,356,108,41,57,66,167,627,theisda01
Desmond Bane,22,MEM,SG,68,17,1519,234,499,117,271,117,228,0.586,40,49,31,179,210,118,41,16,59,125,625,banede01
Alec Burks,29,NYK,SG,49,5,1255,210,500,102,246,108,254,0.522,101,118,21,206,227,107,31,14,49,102,623,burksal01
Aaron Gordon,25,TOT,PF,50,50,1384,231,499,59,176,172,323,0.522,97,149,77,207,284,161,33,34,97,89,618,gordoaa01
Cedi Osman,25,CLE,SF,59,26,1510,219,586,99,324,120,262,0.458,76,95,38,163,201,174,53,9,80,119,613,osmande01
Jordan Poole,21,GSW,SG,51,7,988,205,474,97,276,108,198,0.535,105,119,15,77,92,99,26,9,51,86,612,poolejo01
Brandon Clarke,24,MEM,PF,59,16,1415,256,495,20,77,236,418,0.537,78,113,97,231,328,95,60,51,33,84,610,clarkbr01
Marvin Bagley III,21,SAC,PF,43,42,1112,247,490,37,108,210,382,0.542,77,134,106,212,318,43,21,21,59,100,608,baglema01
Wendell Carter Jr.,21,TOT,C,54,44,1375,230,457,15,51,215,406,0.52,131,179,132,311,443,104,35,42,78,146,606,cartewe01
Cole Anthony,20,ORL,PG,47,34,1273,219,552,58,172,161,380,0.449,109,131,38,183,221,192,30,18,106,98,605,anthoco01
Hamidou Diallo,22,TOT,SF,52,9,1226,224,470,28,82,196,388,0.506,128,200,59,213,272,101,41,24,76,134,604,diallha01
Jae Crowder,30,PHX,PF,60,42,1648,199,492,148,380,51,112,0.555,57,75,32,250,282,127,48,27,55,125,603,crowdja01
T.J. McConnell,28,IND,PG,69,3,1796,274,490,15,48,259,442,0.574,33,48,55,201,256,456,128,23,135,113,596,mccontj01
Robert Covington,30,POR,PF,70,70,2243,204,509,135,356,69,153,0.533,50,62,61,405,466,117,101,84,64,195,593,covinro01
Jakob Poeltl,25,SAS,C,69,51,1845,265,430,0,0,265,430,0.616,63,124,219,328,547,134,47,123,83,172,593,poeltja01
Myles Turner,24,IND,C,47,47,1455,206,432,69,206,137,226,0.557,111,142,63,243,306,48,40,159,67,165,592,turnemy01
Dorian Finney-Smith,27,DAL,PF,60,60,1921,220,466,119,302,101,164,0.6,31,41,98,228,326,102,52,25,48,138,590,finnedo01
Talen Horton-Tucker,20,LAL,SG,65,4,1304,224,489,37,131,187,358,0.496,100,129,25,144,169,181,63,21,105,127,585,hortota01
Ricky Rubio,30,MIN,PG,68,51,1772,193,498,66,214,127,284,0.454,130,150,28,195,223,433,98,4,111,139,582,rubiori01
Mason Plumlee,30,DET,C,56,56,1499,234,381,0,7,234,374,0.614,113,169,145,374,519,202,43,50,105,186,581,plumlma01
Bruce Brown,24,BKN,PG,65,37,1451,235,423,17,59,218,364,0.576,86,117,111,238,349,104,58,28,54,145,573,brownbr01
Cameron Johnson,24,PHX,PF,60,11,1437,203,483,117,335,86,148,0.541,50,59,33,166,199,86,37,16,40,85,573,johnsca02
Landry Shamet,23,BKN,SG,61,12,1403,186,456,129,333,57,123,0.549,66,78,11,101,112,99,31,10,48,93,567,shamela01
Svi Mykhailiuk,23,TOT,SF,66,14,1324,208,506,105,314,103,192,0.515,38,50,24,139,163,110,51,12,88,63,559,mykhasv01
Raul Neto,28,WAS,PG,64,22,1403,209,447,64,164,145,283,0.539,75,85,28,128,156,146,73,6,53,109,557,netora01
Derrick White,26,SAS,SG,36,32,1064,186,453,84,243,102,210,0.503,97,114,13,94,107,127,26,36,45,91,553,whitede01
Nicolas Batum,32,LAC,SF,67,38,1835,191,412,110,272,81,140,0.597,48,58,50,266,316,148,69,37,53,102,540,batumni01
Isaiah Stewart,19,DET,C,68,14,1455,226,409,21,63,205,346,0.578,64,92,159,294,453,59,39,86,67,184,537,stewais01
Isaiah Roby,22,OKC,PF,61,34,1425,207,429,32,109,175,320,0.52,87,117,89,252,341,107,52,37,113,162,533,robyis01
Terence Davis,23,TOT,SG,61,4,1074,195,456,98,267,97,189,0.535,45,55,20,134,154,83,44,14,63,97,533,daviste02
Grayson Allen,25,MEM,SG,50,38,1259,173,414,107,274,66,140,0.547,79,91,19,141,160,108,46,8,48,71,532,allengr01
Kenrich Williams,26,OKC,PF,66,13,1426,219,411,52,117,167,294,0.596,36,63,84,189,273,152,55,17,76,143,526,willike04
Luke Kennard,24,LAC,SG,63,17,1232,197,414,100,224,97,190,0.597,26,31,15,146,161,104,23,9,48,91,520,kennalu01
Cory Joseph,29,TOT,PG,63,13,1446,200,426,45,132,155,294,0.522,72,88,35,124,159,213,61,18,79,139,517,josepco01
Payton Pritchard,23,BOS,SG,66,4,1268,184,418,102,248,82,170,0.562,40,45,33,125,158,120,37,9,53,104,510,pritcpa01
Nickeil Alexander-Walker,22,NOP,SG,46,13,1007,192,458,76,219,116,239,0.502,48,66,13,131,144,102,47,22,69,88,508,alexani01
Cameron Payne,26,PHX,PG,60,1,1079,191,395,73,166,118,229,0.576,50,56,16,128,144,217,36,16,60,97,505,payneca01
Blake Griffin,31,TOT,PF,46,30,1186,174,411,70,205,104,206,0.509,87,117,35,190,225,140,32,15,62,111,505,griffbl01
Paul Millsap,35,DEN,PF,56,36,1162,191,401,49,143,142,258,0.537,71,98,76,186,262,98,51,36,51,111,502,millspa01
Anfernee Simons,21,POR,SG,64,0,1104,168,401,120,282,48,119,0.569,46,57,14,126,140,89,18,8,43,96,502,simonan01
Furkan Korkmaz,23,PHI,SG,55,11,1062,170,424,101,269,69,155,0.52,60,82,17,96,113,82,49,9,46,64,501,korkmfu01
Georges Niang,27,UTA,PF,72,10,1154,177,405,124,292,53,113,0.59,22,23,28,148,176,59,25,8,51,116,500,niangge01
Royce O'Neale,27,UTA,SF,71,71,2241,175,394,107,278,68,116,0.58,39,46,88,397,485,181,57,32,83,182,496,onealro01
Malik Monk,22,CHA,SG,42,0,878,173,399,85,212,88,187,0.54,59,72,14,87,101,87,19,4,55,47,490,monkma01
Tyrese Maxey,20,PHI,SG,61,8,935,198,429,31,103,167,326,0.498,61,70,11,93,104,120,26,13,41,79,488,maxeyty01
Dwight Howard,35,PHI,C,69,6,1196,178,303,5,20,173,283,0.596,121,210,190,390,580,61,30,62,112,200,482,howardw01
Khem Birch,28,TOT,C,67,22,1529,189,380,13,52,176,328,0.514,91,129,174,213,387,89,48,50,44,113,482,birchkh01
Kent Bazemore,31,GSW,SF,67,18,1333,176,392,75,184,101,208,0.545,54,78,26,203,229,108,69,33,82,158,481,bazemke01
Eric Gordon,32,HOU,SG,27,13,789,159,367,69,210,90,157,0.527,94,114,8,50,58,71,14,13,51,44,481,gordoer01
Monte Morris,25,DEN,PG,47,13,1196,186,387,51,134,135,253,0.547,58,73,11,85,96,150,34,13,34,48,481,morrimo01
Aaron Holiday,24,IND,PG,66,8,1176,170,436,67,182,103,254,0.467,68,83,15,74,89,123,46,13,66,94,475,holidaa01
Terance Mann,24,LAC,SG,67,10,1263,178,350,38,91,140,259,0.563,78,94,56,186,242,104,29,13,40,126,472,mannte01
De'Anthony Melton,22,MEM,PG,52,1,1045,172,393,87,211,85,182,0.548,41,51,30,131,161,132,60,31,66,85,472,meltode01
JaMychal Green,30,DEN,PF,58,5,1120,173,374,79,198,94,176,0.568,46,57,85,192,277,53,26,22,53,144,471,greenja01
Pat Connaughton,28,MIL,SG,69,4,1575,168,387,101,272,67,115,0.565,31,40,63,269,332,81,49,23,33,99,468,connapa01
Serge Ibaka,31,LAC,C,41,39,955,186,365,39,115,147,250,0.563,43,53,73,202,275,74,9,47,44,76,454,ibakase01
Cody Zeller,28,CHA,C,48,21,1005,181,324,4,28,177,296,0.565,85,119,119,209,328,86,27,17,51,121,451,zelleco01
Jaxson Hayes,20,NOP,C,60,3,964,175,280,6,14,169,266,0.636,93,120,92,165,257,35,25,38,39,101,449,hayesja02
James Wiseman,19,GSW,C,39,27,836,191,368,12,38,179,330,0.535,54,86,55,171,226,26,11,36,60,121,448,wisemja01
Tomáš Satoranský,29,CHI,SG,58,18,1307,169,329,42,118,127,211,0.578,67,79,30,112,142,271,40,14,96,89,447,satorto01
Draymond Green,30,GSW,PF,63,63,1982,170,380,34,126,136,254,0.492,70,88,55,393,448,558,105,52,188,194,444,greendr01
Wayne Ellington,33,DET,SG,46,31,1012,149,338,116,275,33,63,0.612,28,35,12,73,85,67,18,9,33,59,442,ellinwa01
Tyus Jones,24,MEM,PG,70,9,1222,178,413,45,140,133,273,0.485,41,45,21,119,140,259,64,6,48,31,442,jonesty01
Steven Adams,27,NOP,C,58,58,1605,189,308,0,3,189,305,0.614,60,135,213,301,514,111,54,38,78,113,438,adamsst01
D.J. Augustin,33,TOT,PG,57,12,1129,135,343,83,217,52,126,0.515,85,94,20,74,94,188,28,1,65,56,438,augusdj01
Dario Šarić,26,PHX,C,50,4,871,153,342,47,135,106,207,0.516,84,99,46,144,190,65,30,4,57,95,437,saricda01
Josh Hart,25,NOP,SF,47,4,1349,151,344,63,193,88,151,0.531,69,89,53,324,377,109,38,12,49,111,434,hartjo01
Kevin Porter Jr.,20,HOU,SG,26,23,835,156,367,50,161,106,206,0.493,69,94,20,79,99,164,19,8,91,61,431,porteke02
Jaden McDaniels,20,MIN,PF,63,27,1511,164,367,72,198,92,169,0.545,27,45,52,180,232,71,35,60,47,172,427,mcdanja02
DeAndre Jordan,32,BKN,C,57,43,1246,190,249,0,1,190,248,0.763,46,92,117,310,427,93,17,65,85,116,426,jordade01
Jusuf Nurkić,26,POR,C,37,37,880,171,333,12,30,159,303,0.532,70,113,86,246,332,125,38,39,73,103,424,nurkiju01
Garrett Temple,34,CHI,SG,56,25,1528,158,381,67,200,91,181,0.503,40,50,29,131,160,124,43,30,58,126,423,templga01
Alex Len,27,TOT,C,64,42,979,171,278,8,25,163,253,0.629,73,116,78,182,260,49,20,64,55,127,423,lenal01
KJ Martin,20,HOU,SF,45,8,1068,162,318,35,96,127,222,0.564,60,84,73,169,242,48,30,41,38,89,419,martike04
Robert Williams,23,BOS,C,52,13,985,186,258,0,2,186,256,0.721,45,73,133,225,358,94,43,91,52,105,417,williro04
Sterling Brown,25,HOU,SG,51,14,1229,150,335,91,215,59,120,0.584,25,31,38,186,224,72,38,12,41,97,416,brownst02
Trey Burke,28,DAL,PG,62,1,911,151,353,58,164,93,189,0.51,51,57,10,44,54,81,36,7,33,64,411,burketr01
Tristan Thompson,29,BOS,C,54,43,1287,169,326,0,3,169,323,0.518,71,120,169,270,439,67,24,33,62,119,409,thomptr01
Markieff Morris,31,LAL,PF,61,27,1200,153,378,65,209,88,169,0.491,36,50,48,218,266,73,22,19,54,105,407,morrima02
Denzel Valentine,27,CHI,SG,62,3,1036,155,416,80,242,75,174,0.469,16,17,24,173,197,105,30,7,42,70,406,valende01
Ben McLemore,27,TOT,SG,53,5,905,135,365,97,280,38,85,0.503,39,53,15,85,100,39,23,9,42,88,406,mclembe01
Edmond Sumner,25,IND,SG,53,24,861,148,282,35,88,113,194,0.587,68,83,18,76,94,49,33,10,51,88,399,sumneed01
Al Horford,34,OKC,C,28,28,782,162,360,56,152,106,208,0.528,18,22,29,159,188,94,25,26,29,48,398,horfoal01
Facundo Campazzo,29,DEN,PG,65,19,1425,120,315,76,216,44,99,0.502,80,91,22,112,134,232,79,14,73,132,396,campafa01
Derrick Jones Jr.,23,POR,SF,58,43,1318,147,304,43,136,104,168,0.554,59,91,77,128,205,47,37,54,32,127,396,jonesde02
Frank Jackson,22,DET,PG,40,6,738,134,293,61,150,73,143,0.561,61,75,15,71,86,36,15,1,34,53,390,jacksfr01
Xavier Tillman Sr.,22,MEM,PF,59,12,1085,167,299,22,65,145,234,0.595,34,53,74,182,256,75,44,33,45,116,390,tillmxa01
Taurean Prince,26,TOT,PF,41,10,905,131,327,62,155,69,172,0.495,65,76,19,123,142,76,28,23,47,75,389,princta02
Gary Harris,26,TOT,SG,39,38,1080,138,345,48,141,90,204,0.47,64,78,21,58,79,78,28,11,37,71,388,harriga01
PJ Dozier,24,DEN,SG,50,6,1088,148,355,47,149,101,206,0.483,42,66,35,147,182,92,31,22,46,86,385,doziepj01
Eric Paschall,24,GSW,PF,40,2,695,148,298,18,54,130,244,0.527,67,94,28,100,128,51,12,7,43,68,381,pascher01
Daniel Gafford,22,TOT,C,54,11,791,154,225,0,0,154,225,0.684,72,108,94,137,231,29,26,75,41,98,380,gaffoda01
Jaylen Nowell,21,MIN,SG,42,0,759,142,335,50,150,92,185,0.499,45,55,19,76,95,62,22,12,28,72,379,nowelja01
Dean Wade,24,CLE,PF,63,19,1212,134,311,78,213,56,98,0.556,30,39,38,177,215,74,35,21,30,78,376,wadede01
Juancho Hernangómez,25,MIN,PF,52,6,900,130,299,55,168,75,131,0.527,60,97,45,160,205,35,19,7,27,52,375,hernaju01
Damion Lee,28,GSW,SG,57,1,1079,128,274,77,194,51,80,0.608,40,44,22,158,180,73,38,8,30,89,373,leeda03
Jeff Teague,32,TOT,PG,55,7,950,123,284,36,82,87,202,0.496,89,105,15,73,88,132,34,12,64,56,371,teaguje01
Moses Brown,21,OKC,C,43,32,920,146,268,0,0,146,268,0.545,78,126,154,229,383,10,31,47,43,93,370,brownmo01
Alex Caruso,26,LAL,PG,58,6,1216,133,305,55,137,78,168,0.526,49,76,31,139,170,160,64,15,76,108,370,carusal01
Timothé Luwawu-Cabarrot,25,BKN,SF,58,7,1050,130,356,75,239,55,117,0.471,35,43,28,101,129,69,33,6,43,99,370,luwawti01
Derrick Favors,29,UTA,C,68,0,1039,155,243,0,2,155,241,0.638,59,80,138,238,376,44,32,68,36,143,369,favorde01
James Johnson,33,TOT,PF,51,12,1043,146,327,31,120,115,207,0.494,45,76,32,145,177,98,42,42,55,120,368,johnsja01
Mo Bamba,22,ORL,C,46,5,725,142,301,38,118,104,183,0.535,45,66,76,189,265,35,14,58,36,87,367,bambamo01
Aleksej Pokusevski,19,OKC,PF,45,28,1090,139,408,58,207,81,201,0.412,31,42,30,182,212,97,20,42,99,58,367,pokusal01
DeMarcus Cousins,30,TOT,C,41,11,713,130,305,47,135,83,170,0.503,59,81,53,210,263,76,34,24,64,107,366,couside01
Willy Hernangómez,26,NOP,C,47,12,846,151,268,1,10,150,258,0.565,62,93,117,217,334,50,22,23,34,68,365,hernawi01
Jeremy Lamb,28,IND,SG,36,8,765,120,276,52,128,68,148,0.529,71,75,25,106,131,53,34,23,22,72,363,lambje01
Garrison Mathews,24,WAS,SG,64,24,1038,97,237,76,198,21,39,0.57,84,95,16,71,87,26,29,7,10,106,354,mathega01
R.J. Hampton,19,TOT,SG,51,1,888,136,313,27,87,109,226,0.478,55,82,29,150,179,87,21,10,53,61,354,hamptrj01
Malachi Flynn,22,TOR,PG,47,14,928,127,340,54,168,73,172,0.453,45,56,10,106,116,137,38,7,43,68,353,flynnma01
Ty Jerome,23,OKC,SG,33,1,788,128,287,71,168,57,119,0.57,26,34,10,81,91,120,20,6,47,61,353,jeromty01
Maxi Kleber,29,DAL,PF,50,40,1341,116,275,87,212,29,63,0.58,34,37,47,213,260,68,24,35,30,105,353,klebima01
LaMarcus Aldridge,35,TOT,C,26,23,674,140,296,31,80,109,216,0.525,41,47,19,99,118,49,11,29,27,47,352,aldrila01
Chuma Okeke,22,ORL,PF,45,19,1133,135,324,49,141,86,183,0.492,30,40,42,139,181,101,48,22,38,48,349,okekech01
Jalen McDaniels,23,CHA,SF,47,18,904,133,284,35,105,98,179,0.53,45,64,45,124,169,53,28,19,45,95,346,mcdanja01
James Ennis III,30,ORL,SF,41,37,986,115,243,45,104,70,139,0.566,70,87,43,123,166,62,32,7,36,84,345,ennisja01
De'Andre Hunter,23,ATL,SF,23,19,678,120,248,31,95,89,153,0.546,73,85,17,93,110,44,19,12,29,59,344,huntede01
Jarred Vanderbilt,21,MIN,PF,64,30,1139,143,236,1,5,142,231,0.608,57,102,118,250,368,76,64,46,53,123,344,vandeja01
Kira Lewis Jr.,19,NOP,PG,54,0,904,130,337,40,120,90,217,0.445,43,51,12,59,71,124,38,10,34,88,343,lewiski01
Deni Avdija,20,WAS,SF,54,32,1257,130,312,53,168,77,144,0.502,29,45,22,240,262,63,32,15,33,140,342,avdijde01
Dwight Powell,29,DAL,C,58,19,966,120,194,5,21,115,173,0.631,97,124,80,154,234,63,36,30,40,135,342,poweldw01
Devin Vassell,20,SAS,SF,62,7,1056,123,303,52,150,71,153,0.492,43,51,24,150,174,56,43,18,22,88,341,vassede01
Mike Muscala,29,OKC,C,35,0,645,119,267,68,184,51,83,0.573,33,36,19,113,132,28,8,11,21,54,339,muscami01
Mychal Mulder,26,GSW,PG,60,6,766,119,265,85,214,34,51,0.609,14,22,8,52,60,26,12,12,16,56,337,muldemy01
JaVale McGee,33,TOT,C,46,2,678,144,282,5,24,139,258,0.52,44,67,77,162,239,39,19,54,60,121,337,mcgeeja01
Brad Wanamaker,31,TOT,PG,61,0,1053,115,299,16,85,99,214,0.411,90,101,18,87,105,174,43,11,71,94,336,wanambr01
Bismack Biyombo,28,CHA,C,66,36,1349,142,242,0,1,142,241,0.587,47,105,137,210,347,81,17,74,71,141,331,biyombi01
Larry Nance Jr.,28,CLE,PF,35,27,1091,128,272,41,114,87,158,0.546,30,49,54,181,235,107,61,17,55,72,327,nancela02
JJ Redick,36,TOT,SG,44,0,723,106,267,66,178,40,89,0.521,49,52,4,60,64,51,11,3,36,50,327,redicjj01
Aron Baynes,34,TOR,C,53,31,980,134,304,27,103,107,201,0.485,29,41,87,186,273,47,17,23,46,119,324,baynear01
Nerlens Noel,26,NYK,C,64,41,1547,137,223,0,3,137,220,0.614,50,70,142,266,408,46,70,141,65,176,324,noelne01
Solomon Hill,29,ATL,PF,71,16,1513,107,298,68,212,39,86,0.473,35,46,42,172,214,75,50,11,42,116,317,hillso01
Josh Okogie,22,MIN,SG,59,37,1197,102,254,29,108,73,146,0.459,83,108,63,93,156,63,54,28,43,123,316,okogijo01
Danuel House Jr.,27,HOU,SF,36,23,932,110,272,54,156,56,116,0.504,41,63,18,114,132,69,20,16,36,67,315,houseda01
Drew Eubanks,23,SAS,C,54,3,755,116,205,2,2,114,203,0.571,77,106,74,167,241,42,18,49,45,88,311,eubandr01
Frank Kaminsky,27,PHX,C,47,13,715,121,257,31,85,90,172,0.531,37,60,36,152,188,79,14,17,22,70,310,kaminfr01
Moritz Wagner,23,TOT,C,45,24,722,104,229,31,91,73,138,0.522,71,87,27,119,146,50,26,18,43,108,310,wagnemo01
Damyean Dotson,26,CLE,SG,46,7,907,119,293,46,159,73,134,0.485,24,36,5,88,93,91,16,4,42,42,308,dotsoda01
Kevin Love,32,CLE,PF,25,25,622,103,252,57,156,46,96,0.522,42,51,17,169,186,63,16,2,38,26,305,loveke01
Precious Achiuwa,21,MIA,PF,61,4,737,124,228,0,1,124,227,0.544,56,110,73,135,208,29,20,28,43,91,304,achiupr01
Juan Toscano-Anderson,27,GSW,SG,53,16,1107,121,209,37,92,84,117,0.667,22,31,29,206,235,150,41,26,61,111,301,toscaju01
Tony Bradley,23,TOT,C,42,8,684,131,197,0,3,131,194,0.665,38,55,85,154,239,37,15,30,33,61,300,bradlto01
Ish Smith,32,WAS,PG,44,1,924,129,297,18,49,111,248,0.465,19,33,22,128,150,172,32,13,41,62,295,smithis01
Grant Williams,22,BOS,PF,63,9,1138,108,247,48,129,60,118,0.534,30,51,48,130,178,64,32,24,56,161,294,willigr01
DeAndre' Bembry,26,TOR,SF,51,12,972,117,228,14,53,103,175,0.544,45,66,33,113,146,107,53,18,71,87,293,bembrde01
Hassan Whiteside,31,SAC,C,36,4,546,126,224,0,1,126,223,0.563,41,79,61,154,215,20,9,46,40,73,293,whiteha01
Cam Reddish,21,ATL,SF,26,21,750,96,263,33,126,63,137,0.428,67,82,22,82,104,35,33,9,34,68,292,reddica01
Sekou Doumbouya,20,DET,PF,56,11,869,107,282,26,115,81,167,0.426,45,64,39,104,143,47,24,9,44,94,285,doumbse01
Austin Rivers,28,TOT,SG,36,7,845,104,245,55,149,49,96,0.537,22,31,8,74,82,81,30,2,36,64,285,riverau01
Trevor Ariza,35,MIA,SF,30,27,841,99,241,50,143,49,98,0.515,34,44,27,117,144,55,31,18,21,55,282,arizatr01
Willie Cauley-Stein,27,DAL,C,53,16,906,115,182,1,11,114,171,0.635,49,78,66,170,236,35,21,43,29,129,280,caulewi01
Wesley Matthews,34,LAL,SG,58,10,1130,89,252,66,197,23,55,0.484,35,41,20,73,93,54,38,17,26,80,279,matthwe02
Patrick Beverley,32,LAC,PG,37,34,832,93,220,56,141,37,79,0.55,36,45,29,90,119,76,29,28,34,108,278,beverpa01
David Nwaba,28,HOU,SF,30,9,679,106,218,17,63,89,155,0.525,47,68,40,78,118,31,30,21,17,60,276,nwabada01
Andre Iguodala,37,MIA,SF,63,5,1339,95,248,60,182,35,66,0.504,25,38,38,183,221,142,57,35,67,90,275,iguodan01
Michael Carter-Williams,29,ORL,SG,31,25,800,105,270,15,61,90,209,0.417,49,80,39,100,139,129,25,17,69,81,274,cartemi01
Torrey Craig,30,TOT,SF,50,8,803,109,227,39,106,70,121,0.566,17,22,57,140,197,49,28,26,25,83,274,craigto01
Otto Porter Jr.,27,TOT,SF,28,6,606,98,227,39,104,59,123,0.518,36,42,28,124,152,55,16,4,25,41,271,porteot01
Stanley Johnson,24,TOR,PF,61,13,1006,89,233,45,137,44,96,0.479,44,55,29,124,153,89,52,18,54,116,267,johnsst04
Saben Lee,21,DET,PG,48,7,781,99,210,8,23,91,187,0.49,61,89,20,77,97,174,32,13,55,76,267,leesa01
Chasson Randle,27,ORL,PG,41,5,837,92,237,44,130,48,107,0.481,38,48,7,75,82,74,22,5,46,64,266,randlch01
Caleb Martin,25,CHA,SF,53,3,818,96,256,31,125,65,131,0.436,41,64,31,110,141,67,37,12,33,62,264,martica02
Marc Gasol,36,LAL,C,52,42,993,88,194,50,122,38,72,0.582,36,50,38,177,215,109,26,58,53,115,262,gasolma01
George Hill,34,TOT,PG,30,17,672,95,197,31,80,64,117,0.561,40,50,16,45,61,73,23,5,31,31,261,hillge01
Semi Ojeleye,26,BOS,PF,56,15,950,89,221,58,158,31,63,0.534,24,32,31,116,147,37,17,0,21,56,260,ojelese01
Gorgui Dieng,31,TOT,C,38,1,552,85,163,30,70,55,93,0.613,58,67,40,100,140,48,26,16,32,56,258,dienggo01
Jordan McLaughlin,24,MIN,PG,51,2,938,100,242,33,92,67,150,0.481,23,30,21,87,108,193,51,6,51,44,256,mclaujo01
Mitchell Robinson,22,NYK,C,31,29,853,115,176,0,0,115,176,0.653,26,53,113,139,252,17,35,45,26,86,256,robinmi01
Matisse Thybulle,23,PHI,SG,65,8,1298,102,243,43,143,59,100,0.508,8,18,30,94,124,63,105,71,32,127,255,thybuma01
Obi Toppin,22,NYK,PF,62,0,683,104,209,26,85,78,124,0.56,19,26,26,112,138,29,17,15,23,55,253,toppiob01
Kevon Looney,24,GSW,C,61,34,1161,108,197,4,17,104,180,0.558,31,48,117,205,322,119,21,22,37,136,251,looneke01
Tony Snell,29,ATL,SG,47,23,992,88,171,62,109,26,62,0.696,11,11,18,94,112,59,13,11,21,75,249,snellto01
Jevon Carter,25,PHX,PG,60,1,717,94,223,56,151,38,72,0.547,4,7,16,76,92,71,29,9,16,56,248,carteje01
Naji Marshall,23,NOP,SF,32,10,700,82,209,29,83,53,126,0.462,53,75,15,133,148,88,26,10,38,58,246,marshna01
Rodney Hood,28,TOT,SF,55,5,942,94,260,34,113,60,147,0.427,24,28,23,80,103,53,24,7,36,74,246,hoodro01
Justin Jackson,25,TOT,SF,34,3,577,89,221,36,117,53,104,0.484,31,37,16,61,77,52,15,2,32,32,245,jacksju01
Gabe Vincent,24,MIA,PG,50,7,655,88,233,46,149,42,84,0.476,20,23,10,46,56,67,21,2,34,79,242,vincega01
Nemanja Bjelica,32,TOT,PF,37,3,595,89,196,27,85,62,111,0.523,37,51,29,98,127,69,15,5,33,68,242,bjeline01
Rajon Rondo,34,TOT,PG,45,3,770,95,215,36,89,59,126,0.526,16,17,18,92,110,199,37,4,79,53,242,rondora01
Taj Gibson,35,NYK,C,45,3,936,99,158,3,15,96,143,0.636,40,55,99,151,250,36,31,49,22,99,241,gibsota01
Max Strus,24,MIA,SF,39,0,507,85,187,50,148,35,39,0.588,16,24,5,36,41,24,11,2,8,43,236,strusma01
Isaiah Hartenstein,22,TOT,C,46,2,559,94,171,2,6,92,165,0.556,46,71,65,116,181,55,19,39,44,104,236,harteis01
Goga Bitadze,21,IND,C,45,3,561,83,194,20,79,63,115,0.479,45,61,60,90,150,37,9,60,17,94,231,bitadgo01
Jake Layman,26,MIN,SF,45,11,627,91,184,23,78,68,106,0.557,26,37,13,54,67,28,29,19,26,44,231,laymaja01
Oshae Brissett,22,IND,SF,21,16,519,73,151,33,78,40,73,0.593,50,65,29,86,115,18,19,20,10,32,229,brissos01
Brandon Goodwin,25,ATL,PG,47,5,620,84,223,32,103,52,120,0.448,28,43,8,61,69,95,17,0,36,41,228,goodwbr01
Onyeka Okongwu,20,ATL,C,50,4,601,96,149,0,3,96,146,0.644,36,57,62,101,163,18,23,33,29,100,228,okongon01
Chimezie Metu,23,SAC,C,36,6,488,91,179,13,37,78,142,0.545,31,43,31,81,112,28,14,18,29,59,226,metuch01
Armoni Brooks,22,HOU,SG,20,5,520,78,192,60,157,18,35,0.563,7,12,10,58,68,30,12,5,22,34,223,brookar01
Nassir Little,20,POR,PF,48,2,640,78,167,28,80,50,87,0.551,36,45,32,96,128,23,5,13,18,51,220,littlna01
Aaron Nesmith,21,BOS,SF,46,1,669,78,178,40,108,38,70,0.551,22,28,28,99,127,23,15,9,23,87,218,nesmiaa01
Yuta Watanabe,26,TOR,SF,50,4,723,79,180,36,90,43,90,0.539,24,29,36,123,159,40,26,19,19,57,218,watanyu01
Mike Scott,32,PHI,PF,51,12,852,76,211,53,155,23,56,0.486,8,12,11,109,120,40,24,14,19,72,213,scottmi01
Nic Claxton,21,BKN,C,32,1,594,90,145,1,5,89,140,0.624,31,64,43,123,166,28,23,40,18,68,212,claxtni01
Tyler Johnson,28,BKN,SG,39,3,684,72,183,48,132,24,51,0.525,18,21,6,71,77,47,14,0,17,43,210,johnsty01
Cody Martin,25,CHA,SF,52,10,849,83,188,16,58,67,130,0.484,25,43,52,109,161,86,37,12,40,52,207,martico01
Patrick Patterson,31,LAC,PF,38,5,582,72,165,40,112,32,53,0.558,13,17,19,56,75,29,14,8,11,45,197,pattepa01
Maurice Harkless,27,TOT,SF,37,23,772,69,165,23,84,46,81,0.488,33,43,13,76,89,44,30,20,22,86,194,harklma01
P.J. Tucker,35,TOT,PF,52,33,1356,66,177,40,119,26,58,0.486,21,28,51,153,204,61,39,20,40,125,193,tuckepj01
Langston Galloway,29,PHX,SG,40,0,438,66,147,36,85,30,62,0.571,22,23,7,35,42,26,8,0,13,25,190,gallola01
John Konchar,24,MEM,SG,43,0,575,69,138,21,56,48,82,0.576,25,30,35,93,128,47,30,9,18,40,184,konchjo01
D.J. Wilson,24,TOT,PF,35,1,433,68,168,30,87,38,81,0.494,17,25,20,92,112,23,11,16,22,44,183,wilsodj01
Damian Jones,25,TOT,C,39,10,547,70,103,1,5,69,98,0.684,42,58,36,85,121,29,11,29,26,77,183,jonesda03
Jarrett Culver,21,MIN,SG,34,7,499,69,168,13,53,56,115,0.449,29,48,34,70,104,24,17,9,28,58,180,culveja01
Justise Winslow,24,MEM,SF,26,1,507,74,210,10,54,64,156,0.376,20,35,18,100,118,50,15,12,37,47,178,winslju01
Killian Hayes,19,DET,PG,26,18,670,71,201,20,72,51,129,0.403,14,17,6,63,69,138,27,10,83,57,176,hayeski01
Avery Bradley,30,TOT,SG,27,6,602,64,171,33,101,31,70,0.471,12,15,8,49,57,46,21,3,28,55,173,bradlav01
Jordan Nwora,22,MIL,SF,30,2,274,62,135,28,62,34,73,0.563,19,25,9,51,60,7,16,7,24,22,171,nworajo01
Mason Jones,22,TOT,SG,32,1,334,52,123,24,66,28,57,0.52,40,64,7,48,55,42,7,1,29,24,168,jonesma05
Thanasis Antetokounmpo,28,MIL,SF,57,3,551,67,137,7,29,60,108,0.515,25,49,54,70,124,46,22,10,43,74,166,antetth01
Lamar Stevens,23,CLE,PF,40,0,499,62,136,4,25,58,111,0.471,37,51,24,72,96,25,17,13,23,53,165,stevela01
Kevin Knox,21,NYK,SF,42,0,464,56,143,35,89,21,54,0.514,16,20,10,51,61,19,12,6,17,37,163,knoxke01
Dylan Windler,24,CLE,SF,31,0,513,57,130,26,77,31,53,0.538,21,27,20,87,107,33,19,12,32,37,161,windldy01
Troy Brown Jr.,21,TOT,SF,34,0,524,62,144,22,70,40,74,0.507,15,21,20,85,105,29,10,6,21,49,161,browntr01
Abdel Nader,27,PHX,SF,24,0,355,57,116,18,43,39,73,0.569,28,37,7,55,62,19,10,9,19,34,160,naderab01
Jaren Jackson Jr.,21,MEM,C,11,4,258,53,125,17,60,36,65,0.492,35,42,17,45,62,12,12,18,15,42,158,jacksja02
Kelan Martin,25,IND,SF,35,0,322,62,138,24,60,38,78,0.536,9,10,18,60,78,17,10,10,16,35,157,martike03
Boban Marjanović,32,DAL,C,33,3,271,62,122,1,8,61,114,0.512,31,38,47,81,128,10,2,6,12,29,156,marjabo01
Tyler Cook,23,TOT,SF,32,1,438,69,103,1,2,68,101,0.675,17,35,28,67,95,17,8,2,21,35,156,cookty01
Dennis Smith Jr.,23,TOT,PG,23,9,420,58,145,19,58,39,87,0.466,19,26,12,43,55,77,23,14,26,37,154,smithde03
Isaiah Joe,21,PHI,SG,41,1,383,48,133,39,106,9,27,0.508,18,24,6,30,36,20,12,4,11,34,153,joeis01
Javonte Green,27,TOT,SF,41,2,473,53,102,10,30,43,72,0.569,30,40,26,45,71,17,28,6,19,45,146,greenja02
Jahlil Okafor,25,DET,C,27,2,347,63,102,2,9,61,93,0.627,17,24,23,43,66,13,6,5,21,39,145,okafoja01
Thomas Bryant,23,WAS,C,10,10,271,59,91,9,21,50,70,0.698,16,24,18,43,61,15,4,8,11,31,143,bryanth01
Amir Coffey,23,LAC,SG,44,1,394,45,103,23,56,22,47,0.549,27,38,10,34,44,22,10,0,15,30,140,coffeam01
Justin James,24,SAC,SF,36,0,310,52,111,14,38,38,73,0.532,21,36,9,21,30,22,8,3,15,23,139,jamesju01
Matt Thomas,26,TOT,SG,45,0,326,50,127,27,80,23,47,0.5,12,14,7,37,44,19,4,0,14,18,139,thomama02
Ryan Arcidiacono,26,CHI,PG,44,0,450,49,117,25,67,24,50,0.526,13,20,5,62,67,56,9,0,10,47,136,arcidry01
Zeke Nnaji,20,DEN,PF,42,1,397,50,104,24,59,26,45,0.596,12,15,14,51,65,10,8,4,7,29,136,nnajize01
JaKarr Sampson,27,IND,PF,29,4,316,56,113,3,15,53,98,0.509,19,29,27,50,77,4,2,14,15,52,134,sampsja02
Nicolò Melli,30,TOT,PF,45,4,566,46,141,23,85,23,56,0.408,19,25,29,93,122,44,14,3,12,58,134,mellini01
Anthony Lamb,23,HOU,SF,24,3,415,46,118,23,71,23,47,0.487,18,21,27,43,70,23,6,5,19,34,133,lamban01
E'Twaun Moore,31,PHX,SG,27,1,389,55,121,11,35,44,86,0.5,12,14,14,31,45,40,15,5,23,32,133,mooreet01
DaQuan Jeffries,23,TOT,SG,31,5,493,50,120,20,67,30,53,0.5,7,8,19,52,71,22,15,10,14,48,127,jeffrda01
Brodric Thomas,24,TOT,SG,32,1,399,39,108,16,59,23,49,0.435,31,46,8,45,53,30,15,10,22,40,125,thomabr01
Nathan Knight,23,ATL,PF,33,0,279,37,100,6,33,31,67,0.4,44,55,27,45,72,8,9,10,15,22,124,knighna01
Skylar Mays,23,ATL,SG,33,0,269,44,98,14,40,30,58,0.52,22,25,10,25,35,30,14,2,9,15,124,mayssk01
Carsen Edwards,22,BOS,SG,31,1,276,47,111,18,63,29,48,0.505,11,13,3,23,26,14,7,1,7,25,123,edwarca01
Nico Mannion,19,GSW,PG,30,1,364,39,114,22,60,17,54,0.439,23,28,6,40,46,70,16,1,31,29,123,mannini01
Alfonzo McKinnie,28,LAL,SF,39,0,258,48,93,16,39,32,54,0.602,10,18,22,32,54,6,7,0,5,26,122,mckinal01
Luka Šamanić,21,SAS,PF,33,4,308,47,105,12,43,35,62,0.505,16,29,16,52,68,15,8,8,20,43,122,samanlu01
Glenn Robinson III,27,SAC,SF,23,2,369,42,99,16,44,26,55,0.505,21,23,11,34,45,20,4,3,11,23,121,robingl02
Gary Clark,26,TOT,SF,39,11,654,40,132,31,108,9,24,0.42,8,10,33,82,115,31,13,7,17,35,119,clarkga01
Jaylen Hoard,21,OKC,SF,19,0,320,44,88,0,11,44,77,0.5,28,41,21,44,65,24,13,5,17,19,116,hoardja01
Trey Lyles,25,SAS,PF,23,9,358,43,90,14,40,29,50,0.556,15,23,9,77,86,14,6,1,6,13,115,lylestr01
Dewayne Dedmon,31,MIA,C,16,0,210,46,65,1,5,45,60,0.715,20,27,28,58,86,12,9,6,13,36,113,dedmode01
Freddie Gillespie,23,TOR,PF,20,2,392,44,84,0,0,44,84,0.524,23,33,42,55,97,9,13,20,12,43,111,gillefr01
Paul Watson,26,TOR,SF,27,2,297,38,82,30,64,8,18,0.646,5,8,4,41,45,17,6,3,9,36,111,watsopa01
Harry Giles,22,POR,C,38,0,348,42,97,8,23,34,74,0.474,16,27,31,102,133,29,8,13,20,54,108,gilesha01
Chandler Hutchison,24,TOT,SF,25,1,346,39,103,8,22,31,81,0.417,21,25,6,72,78,17,12,5,20,33,107,hutchch01
Luke Kornet,25,TOT,C,31,2,348,44,101,15,59,29,42,0.51,3,6,14,53,67,24,4,32,7,20,106,kornelu01
Markus Howard,21,DEN,SG,37,1,205,40,106,18,65,22,41,0.462,7,9,1,20,21,18,4,1,18,23,105,howarma02
Miye Oni,23,UTA,SG,54,0,519,35,99,30,88,5,11,0.505,5,6,23,61,84,28,11,8,16,61,105,onimi01
Markelle Fultz,22,ORL,PG,8,8,215,41,104,4,16,37,88,0.413,17,19,5,20,25,43,8,2,18,18,103,fultzma01
Al-Farouq Aminu,30,TOT,PF,23,14,434,38,99,8,37,30,62,0.424,18,22,22,88,110,31,19,9,28,29,102,aminual01
Josh Green,20,DAL,SG,39,5,445,42,93,4,25,38,68,0.473,13,23,28,50,78,28,16,3,17,35,101,greenjo02
Mike James,30,BKN,PG,13,1,236,34,92,11,31,23,61,0.429,21,27,3,29,32,54,6,1,20,10,100,jamesmi02
Tremont Waters,23,BOS,PG,26,3,238,34,84,15,38,19,46,0.494,16,17,5,16,21,62,15,1,27,17,99,watertr01
Wes Iwundu,26,TOT,SF,41,4,539,34,102,5,41,29,61,0.358,26,31,15,75,90,18,15,4,19,49,99,iwundwe01
Jalen Harris,22,TOR,SG,13,2,172,36,72,17,36,19,36,0.618,7,9,3,15,18,17,8,0,14,15,96,harrija01
Mfiondu Kabengele,23,TOT,PF,39,0,280,33,89,13,50,20,39,0.444,16,20,12,48,60,17,8,13,15,36,95,kabenmf01
Alize Johnson,24,BKN,PF,18,0,189,40,68,1,6,39,62,0.596,13,13,27,63,90,14,5,5,9,16,94,johnsal02
Tre Jones,21,SAS,PG,37,1,269,37,78,3,5,34,73,0.494,17,19,8,13,21,39,8,0,13,13,94,jonestr01
KZ Okpala,21,MIA,PF,37,9,447,36,96,12,50,24,46,0.438,8,15,21,47,68,19,10,11,15,59,92,okpalkz01
Rodney McGruder,29,DET,SG,16,2,194,37,70,11,24,26,46,0.607,6,8,8,14,22,16,8,1,7,12,91,mcgruro01
Ignas Brazdeikis,22,TOT,SF,13,0,249,35,83,11,28,24,55,0.488,10,14,11,34,45,17,4,3,12,22,91,brazdig01
Sam Merrill,24,MIL,SG,30,2,233,32,72,21,47,11,25,0.59,4,4,6,24,30,21,8,1,10,17,89,merrisa01
Frank Ntilikina,22,NYK,PG,33,4,322,29,79,23,48,6,31,0.513,8,18,6,25,31,19,18,4,11,45,89,ntilila01
Chris Chiozza,25,BKN,PG,22,1,232,31,88,13,42,18,46,0.426,13,17,3,21,24,65,7,6,16,19,88,chiozch01
Trent Forrest,22,UTA,PG,30,0,302,32,71,5,26,27,45,0.486,19,19,11,33,44,45,9,4,21,22,88,forretr01
Paul Reed,21,PHI,PF,26,0,177,42,78,0,6,42,72,0.538,4,8,30,31,61,12,10,13,12,29,88,reedpa01
Kyle Guy,23,SAC,PG,31,0,235,29,88,13,46,16,42,0.403,16,20,5,30,35,32,6,0,11,20,87,guyky01
Josh Hall,20,OKC,SF,21,1,336,30,99,4,37,26,62,0.323,22,44,6,53,59,28,4,1,25,37,86,halljo01
Vlatko Čančar,23,DEN,PF,41,1,281,33,72,9,33,24,39,0.521,10,13,11,39,50,14,11,2,14,18,85,cancavl01
Gabriel Deck,25,OKC,PF,10,0,212,32,67,2,15,30,52,0.493,18,22,16,24,40,24,8,0,6,9,84,deckga01
Jerome Robinson,23,WAS,SG,17,6,305,28,95,11,42,17,53,0.353,16,20,4,34,38,25,12,6,19,31,83,robinje01
Khyri Thomas,24,HOU,SG,5,2,153,32,66,9,27,23,39,0.553,9,9,7,11,18,25,9,6,6,8,82,thomakh01
Anthony Gill,28,WAS,PF,26,4,218,30,60,7,24,23,36,0.558,13,16,16,35,51,11,10,4,8,27,80,gillan01
Keita Bates-Diop,25,SAS,SF,30,0,245,30,67,5,17,25,50,0.485,14,21,9,40,49,12,11,5,7,11,79,bateske01
Isaac Bonga,21,WAS,SF,40,8,432,30,81,13,47,17,34,0.451,5,8,18,48,66,23,11,9,22,63,78,bongais01
Reggie Perry,20,BKN,PF,26,0,211,32,78,4,21,28,57,0.436,10,13,27,46,73,14,6,6,15,40,78,perryre01
Quinn Cook,27,TOT,PG,23,0,157,29,68,11,26,18,42,0.507,7,8,2,15,17,18,4,1,7,10,76,cookqu01
Donta Hall,23,ORL,PF,13,0,179,25,35,0,0,25,35,0.714,23,34,24,38,62,11,5,10,8,18,73,halldo01
Darius Miller,30,OKC,SF,18,0,197,22,48,17,42,5,6,0.635,12,12,2,22,24,21,13,5,8,13,73,milleda01
Shaquille Harrison,27,TOT,SG,34,0,333,26,78,3,16,23,62,0.353,18,22,7,41,48,25,17,5,11,33,73,harrish01
Wenyen Gabriel,23,NOP,PF,21,0,241,24,60,13,32,11,28,0.508,11,17,20,34,54,11,9,8,15,32,72,gabriwe01
Jabari Parker,25,TOT,PF,13,0,165,30,55,2,11,28,44,0.564,10,13,10,32,42,11,1,5,10,13,72,parkeja01
Justin Patton,23,HOU,C,13,6,247,29,70,9,34,20,36,0.479,3,4,14,35,49,14,12,14,4,34,70,pattoju01
Bol Bol,21,DEN,PF,32,2,160,25,58,9,24,16,34,0.509,10,15,0,24,24,7,3,10,13,14,69,bolbo01
CJ Elleby,20,POR,SF,30,0,192,25,66,7,34,18,32,0.432,11,15,11,21,32,10,6,3,5,27,68,ellebcj01
Ersan İlyasova,33,UTA,PF,17,1,148,21,54,18,41,3,13,0.556,5,5,7,22,29,4,10,3,8,29,65,ilyaser01
Jarrell Brantley,24,UTA,PF,28,0,138,25,52,12,28,13,24,0.596,2,2,9,18,27,15,7,2,8,17,64,brantja01
T.J. Warren,27,IND,SF,4,4,117,27,51,0,7,27,44,0.529,8,10,2,12,14,5,2,0,4,16,62,warretj01
Killian Tillie,22,MEM,C,18,1,182,19,57,10,33,9,24,0.421,9,11,6,18,24,8,5,8,2,20,57,tilliki02
Jordan Bone,23,ORL,PG,14,0,196,23,54,10,32,13,22,0.519,0,0,4,20,24,18,2,0,3,11,56,bonejo01
Romeo Langford,21,BOS,SG,18,4,283,21,59,5,18,16,41,0.398,9,12,12,23,35,13,6,5,10,24,56,langfro01
Yogi Ferrell,27,TOT,PG,10,0,136,20,57,9,28,11,29,0.43,7,9,5,14,19,22,7,3,3,11,56,ferreyo01
Daniel Oturu,21,LAC,C,30,0,161,22,52,1,5,21,47,0.433,9,12,21,27,48,10,4,7,9,24,54,oturuda01
Jalen Smith,20,PHX,PF,27,1,156,22,50,4,17,18,33,0.48,5,7,7,30,37,4,1,5,7,16,53,smithja04
Bruno Fernando,22,ATL,C,33,0,226,18,44,0,2,18,42,0.409,15,22,16,62,78,10,4,3,21,23,51,fernabr01
Ed Davis,31,MIN,C,23,7,299,19,44,0,0,19,44,0.432,10,12,46,69,115,21,13,13,7,56,48,davised01
Dakota Mathias,25,PHI,SG,8,2,123,19,48,8,26,11,22,0.479,2,6,1,6,7,13,1,3,1,7,48,mathida01
Tacko Fall,25,BOS,C,19,0,136,21,29,0,0,21,29,0.724,5,15,16,36,52,3,1,20,6,22,47,fallta01
Vernon Carey Jr.,19,CHA,C,19,4,115,18,36,1,7,17,29,0.514,9,11,6,21,27,2,1,5,5,13,46,careyve01
Quinndary Weatherspoon,24,SAS,SG,20,0,121,16,35,1,6,15,29,0.471,13,16,3,8,11,8,8,2,10,18,46,weathqu01
Mamadi Diakite,24,MIL,PF,14,1,141,16,40,1,8,15,32,0.413,11,14,8,26,34,8,7,6,3,16,44,diakima01
Louis King,21,SAC,SF,6,1,85,17,34,4,11,13,23,0.559,6,6,5,13,18,9,7,3,4,9,44,kinglo02
Robert Franks,24,ORL,PF,7,0,101,13,28,5,15,8,13,0.554,12,13,6,8,14,5,3,3,2,8,43,frankro01
Cameron Oliver,24,HOU,SF,4,0,87,19,33,4,13,15,20,0.636,1,4,5,16,21,5,2,4,3,11,43,oliveca01
Nate Hinton,21,DAL,SG,21,0,93,15,42,4,19,11,23,0.405,7,10,1,8,9,8,7,2,5,8,41,hintona01
Deividas Sirvydis,20,DET,SG,20,0,133,14,40,10,28,4,12,0.475,3,6,0,29,29,5,2,0,5,9,41,sirvyde01
Cassius Winston,22,WAS,PG,22,0,98,14,33,8,17,6,16,0.545,5,6,0,9,9,12,2,1,5,8,41,winstca01
Sindarius Thornwell,26,TOT,SG,21,1,217,15,46,7,23,8,23,0.402,4,8,3,15,18,21,13,2,7,15,41,thornsi01
Charlie Brown Jr.,23,OKC,SG,9,1,152,13,43,5,21,8,22,0.36,9,10,3,14,17,9,4,2,6,19,40,brownch02
Jahmi'us Ramsey,19,SAC,SG,13,0,94,15,38,5,19,10,19,0.461,5,5,2,8,10,6,4,1,3,8,40,ramseja01
Devontae Cacok,24,LAL,PF,20,1,98,17,29,0,0,17,29,0.586,5,11,12,20,32,1,5,4,5,8,39,cacokde01
Sean McDermott,24,MEM,SF,18,0,158,13,33,5,22,8,11,0.47,8,8,6,13,19,4,2,3,4,8,39,mcderse01
Matthew Dellavedova,30,CLE,PG,13,1,224,14,56,4,25,10,31,0.286,4,4,6,18,24,58,4,1,6,21,36,dellama01
Cassius Stanley,21,IND,SG,24,0,93,13,43,3,13,10,30,0.337,7,9,8,12,20,1,1,2,1,14,36,stanlca01
Juwan Morgan,23,UTA,PF,29,0,147,14,30,4,13,10,17,0.533,3,7,9,19,28,9,4,1,4,21,35,morgaju01
Jay Scrubb,20,LAC,SG,4,1,84,14,36,2,9,12,27,0.417,5,5,2,12,14,1,4,0,7,5,35,scrubja01
Devin Cannady,24,ORL,PG,8,0,74,11,28,6,16,5,12,0.5,6,7,0,5,5,1,5,1,2,9,34,cannade01
Rayjon Tucker,23,PHI,PG,14,0,68,9,18,2,7,7,11,0.556,14,19,1,10,11,6,2,0,4,8,34,tuckera01
Chris Silva,24,TOT,PF,15,0,92,10,16,1,1,9,15,0.656,11,15,7,20,27,6,1,6,10,24,32,silvach01
Elijah Hughes,22,UTA,SF,18,0,64,10,30,8,23,2,7,0.467,3,4,1,8,9,6,1,1,6,1,31,hugheel01
Rodions Kurucs,22,TOT,PF,21,0,125,11,32,6,21,5,11,0.438,3,4,5,18,23,10,9,4,13,16,31,kurucro01
Thon Maker,23,CLE,C,8,0,76,10,18,0,2,10,16,0.556,10,11,8,10,18,4,2,4,3,7,30,makerth01
Alen Smailagić,20,GSW,PF,15,1,84,11,27,4,10,7,17,0.481,2,6,6,10,16,4,3,5,5,11,28,smailal01
Rondae Hollis-Jefferson,26,POR,PF,11,1,107,9,18,0,1,9,17,0.5,9,16,11,15,26,13,2,4,2,15,27,holliro01
Frank Mason III,26,ORL,PG,4,1,79,9,24,2,5,7,19,0.417,5,7,3,9,12,12,0,0,5,7,25,masonfr01
Gary Payton II,28,GSW,PG,10,0,40,10,13,2,4,8,9,0.846,3,4,2,9,11,1,6,1,1,8,25,paytoga02
Devon Dotson,21,CHI,PG,11,0,50,11,21,1,7,10,14,0.548,0,0,2,3,5,7,4,0,0,3,23,dotsode01
Danté Exum,25,CLE,SG,6,3,116,10,26,2,11,8,15,0.423,1,2,2,15,17,13,4,2,7,9,23,exumda01
Cristiano Felício,28,CHI,C,18,0,84,7,13,0,2,7,11,0.538,9,16,10,16,26,9,4,0,4,10,23,feliccr01
Isaiah Thomas,31,NOP,PG,3,0,48,9,27,3,12,6,15,0.389,2,2,1,3,4,5,1,0,6,3,23,thomais02
Jeremiah Martin,24,CLE,PG,9,0,75,9,33,3,12,6,21,0.318,1,5,2,5,7,4,5,2,6,1,22,martije02
Jontay Porter,21,MEM,PF,11,0,54,8,15,3,8,5,7,0.633,3,5,4,10,14,1,3,1,7,12,22,portejo01
Justin Robinson,23,OKC,PG,9,0,88,7,21,4,14,3,7,0.429,3,5,1,6,7,9,3,0,2,10,21,robinju01
Spencer Dinwiddie,27,BKN,SG,3,3,64,6,16,2,7,4,9,0.438,6,6,0,13,13,9,2,1,5,4,20,dinwisp01
Robert Woodard II,21,SAC,SF,13,0,45,8,20,1,6,7,14,0.425,3,8,4,12,16,2,0,3,1,4,20,woodaro01
Norvel Pelle,27,TOT,C,13,0,84,8,15,0,0,8,15,0.533,4,6,6,13,19,2,1,9,3,14,20,pelleno01
Tyler Bey,22,DAL,SF,18,0,71,7,22,1,4,6,18,0.341,3,5,8,11,19,3,0,1,3,6,18,beyty01
Grant Riller,23,CHA,PG,7,0,27,8,12,2,4,6,8,0.75,0,0,0,1,1,3,1,0,1,0,18,rillegr01
Bruno Caboclo,25,HOU,PF,6,0,36,8,17,0,5,8,12,0.471,1,2,3,11,14,1,0,2,4,6,17,cabocbr01
Anthony Tolliver,35,PHI,PF,11,0,99,4,17,4,14,0,3,0.353,5,6,3,7,10,2,3,2,3,7,17,tollian01
Udoka Azubuike,21,UTA,C,15,0,57,4,9,0,0,4,9,0.444,8,10,4,9,13,0,1,4,3,9,16,azubuud01
Elijah Bryant,25,MIL,SG,1,0,32,6,13,1,5,5,8,0.5,3,3,2,4,6,3,0,1,4,4,16,bryanel01
Henry Ellenson,24,TOR,PF,2,0,38,5,14,2,9,3,5,0.429,3,4,3,9,12,5,0,0,0,7,15,ellenhe01
Adam Mokoka,22,CHI,SG,14,0,56,7,19,1,10,6,9,0.395,0,1,1,4,5,5,2,1,5,5,15,mokokad01
James Nunnally,30,NOP,SF,9,0,48,5,13,4,12,1,1,0.538,1,2,2,7,9,3,0,0,2,1,15,nunnaja01
Nick Richards,23,CHA,PF,18,0,63,4,9,0,1,4,8,0.444,7,11,4,7,11,2,0,0,3,7,15,richani01
Jordan Bell,26,TOT,C,6,1,82,7,22,0,2,7,20,0.318,1,2,7,17,24,7,3,5,4,7,15,belljo01
Cameron Reynolds,25,TOT,SF,5,0,40,6,18,3,12,3,6,0.417,0,0,2,3,5,2,0,0,0,2,15,reynoca01
Axel Toupane,28,MIL,SF,8,1,61,4,11,1,2,3,9,0.409,5,7,0,6,6,4,2,3,0,6,14,toupaax01
Amida Brimah,26,IND,C,5,0,29,5,8,0,0,5,8,0.625,3,3,2,6,8,1,0,5,4,4,13,brimaam01
Marquese Chriss,23,GSW,PF,2,0,27,5,14,1,5,4,9,0.393,2,4,3,10,13,2,0,2,2,3,13,chrisma01
Anderson Varejão,38,CLE,C,5,0,36,4,16,0,1,4,15,0.25,5,9,7,13,20,3,0,2,1,3,13,varejan01
Kostas Antetokounmpo,23,LAL,PF,15,0,56,3,10,0,0,3,10,0.3,6,13,4,15,19,1,2,4,11,8,12,antetko01
Keljin Blevins,25,POR,SF,17,0,75,5,20,2,8,3,12,0.3,0,0,3,7,10,4,2,0,5,8,12,blevike01
T.J. Leaf,23,POR,PF,7,0,35,5,10,0,0,5,10,0.5,2,2,0,5,5,1,2,1,2,1,12,leaftj01
Karim Mané,20,ORL,PG,10,0,88,3,13,1,2,2,11,0.269,4,5,1,13,14,4,0,2,3,10,11,maneka01
Tyrell Terry,20,DAL,PG,11,0,56,5,16,0,7,5,9,0.313,1,3,0,6,6,6,5,0,2,2,11,terryty01
Meyers Leonard,28,MIA,C,3,2,29,3,7,3,7,0,0,0.643,1,2,0,7,7,2,0,0,2,5,10,leoname01
Ty-Shon Alexander,22,PHX,SG,15,0,47,3,12,2,9,1,3,0.333,1,2,2,8,10,6,0,1,3,2,9,alexaty01
Nate Darling,22,CHA,SG,7,0,26,2,7,2,7,0,0,0.429,3,3,1,0,1,1,0,1,1,1,9,darlina01
Tim Frazier,30,MEM,PG,5,0,62,3,20,0,8,3,12,0.15,2,6,0,8,8,16,2,1,4,7,8,fraziti01
Didi Louzada,21,NOP,SF,3,0,56,3,13,2,8,1,5,0.308,0,0,1,2,3,3,2,0,3,5,8,louzama01
Vincent Poirier,27,PHI,C,10,0,39,3,12,0,1,3,11,0.25,2,6,6,8,14,2,0,3,4,8,8,poirivi01
Marques Bolden,22,CLE,C,6,0,29,1,3,0,0,1,3,0.333,5,8,3,3,6,0,2,2,2,0,7,boldema01
Jared Dudley,35,LAL,PF,12,0,81,2,9,2,6,0,3,0.333,0,0,4,17,21,5,1,1,2,7,6,dudleja01
Andre Roberson,29,BKN,SG,5,0,63,2,14,1,8,1,6,0.179,1,2,7,8,15,4,3,1,2,4,6,roberan03
Kris Dunn,26,ATL,PG,4,0,45,1,12,0,2,1,10,0.083,3,4,0,6,6,2,2,2,3,10,5,dunnkr01
Jalen Lecque,20,IND,PG,4,0,12,1,9,0,1,1,8,0.111,3,3,2,3,5,2,0,0,0,0,5,lecquja01
Patrick McCaw,25,TOR,SF,5,0,33,1,1,0,0,1,1,1,3,3,1,2,3,4,2,0,0,6,5,mccawpa01
Udonis Haslem,40,MIA,C,1,0,3,2,2,0,0,2,2,1,0,0,0,1,1,0,0,0,0,0,4,hasleud01
Ray Spalding,23,HOU,C,2,0,19,2,4,0,1,2,3,0.5,0,2,2,2,4,0,0,2,3,3,4,spaldra01
Brian Bowen,22,IND,SF,6,0,15,1,4,0,1,1,3,0.25,1,1,0,3,3,0,0,0,0,1,3,bowenbr02
Malik Fitts,23,LAC,PF,3,0,11,1,3,1,2,0,1,0.5,0,0,0,3,3,0,0,0,0,3,3,fittsma01
Jared Harper,23,NYK,PG,8,0,16,0,4,0,1,0,3,0,3,4,0,2,2,1,0,0,3,1,3,harpeja01
Jaylen Adams,24,MIL,PG,7,0,18,1,8,0,2,1,6,0.125,0,0,0,3,3,2,0,0,0,1,2,adamsja01
Terrance Ferguson,22,PHI,SG,13,0,49,1,7,0,5,1,2,0.143,0,0,0,1,1,2,1,0,4,7,2,fergute01
Theo Pinson,25,NYK,SG,17,0,34,1,9,0,8,1,1,0.111,0,0,0,5,5,1,0,0,1,4,2,pinsoth01
Iman Shumpert,30,BKN,SG,2,0,11,1,4,0,3,1,1,0.25,0,0,1,0,1,0,1,0,1,0,2,shumpim01
Will Magnay,22,NOP,C,1,0,3,0,1,0,1,0,0,0,0,0,0,0,0,0,0,0,1,1,0,magnawi01
Anžejs Pasečņiks,25,WAS,C,1,0,6,0,1,0,1,0,0,0,0,0,1,0,1,1,0,0,5,2,0,pasecan01
Noah Vonleh,25,BKN,C,4,0,11,0,3,0,2,0,1,0,0,0,0,1,1,1,0,0,2,2,0,vonleno01
Greg Whittington,27,DEN,PF,4,0,12,0,3,0,2,0,1,0,0,0,0,0,0,0,0,0,0,0,0,whittgr01
